id,target_id,entity_id,type,value,rationale,confidence,updated_at,symbol,stable_key,unit,target_kind,target_status,entity_kind,locator,entity_status,matched_in
fact:00b15133-e8c0-4e94-85e9-15213040f463,target:function:main/melee/ft/kinds/ftCommon/ftCo_0A01:ftCo_800A2040,,game_mapping,"Implements an eligibility gate for computer-controlled fighter behavior: fighters not classified for CPU participation, and Cpu-classified fighters in excluded internal mode 5, do not enter the ordinary common CPU update through its scheduled fighter-process caller.","The predicate ties eligibility to Gm_PKind_Cpu and one internal CPU-mode exclusion, and its caller dispatches the common CPU update only after that predicate succeeds. SmashWiki independently identifies CPU settings as controls over computer-controlled player behavior, grounding the code path in the visible CPU-fighter mechanic without assigning an unsupported gameplay name to internal mode 5.",0.96,2026-09-02T13:58:19.659Z,ftCo_800A2040,main/melee/ft/kinds/ftCommon/ftCo_0A01:ftCo_800A2040,main/melee/ft/kinds/ftCommon/ftCo_0A01,function,current,,,,rationale
fact:027822d9-131a-46d3-ac8e-4df5fe3666d8,target:function:main/melee/ft/kinds/ftPurin/ftpurin:ftPr_Init_OnKnockbackExit,,purpose,"Serves as Jigglypuff's character-level adapter for the fighter framework's knockback-exit event, delegating the event to the shared fighter knockback-exit handler with its boolean mode enabled.","The complete function consists solely of forwarding its game-object argument to Fighter_OnKnockbackExit with constant 1. Exact-shape knockback-exit analogs for other fighters have the same adapter structure, supporting delegation rather than character-local knockback calculation; the Purin name is independently identified with Jigglypuff.",0.99,2026-09-02T02:15:02.225Z,ftPr_Init_OnKnockbackExit,main/melee/ft/kinds/ftPurin/ftpurin:ftPr_Init_OnKnockbackExit,main/melee/ft/kinds/ftPurin/ftpurin,function,current,,,,rationale
fact:03196bb7-6abb-43d9-ac66-cbf4433717c1,target:function:main/melee/it/kinds/itstarrod:itStarrod_UnkMotion4_Anim,,purpose,Provides the animation-update callback for Star Rod item motion state 4 as a deliberate no-op predicate: it performs no animation-side work and always returns false.,The complete matched function is explicitly named as the motion-4 animation callback and consists solely of an unconditional false return. The ItemStateTable typing pull request independently supports interpreting this function shape as an item-state callback rather than a general Boolean query.,0.98,2026-09-02T01:17:00.176Z,itStarrod_UnkMotion4_Anim,main/melee/it/kinds/itstarrod:itStarrod_UnkMotion4_Anim,main/melee/it/kinds/itstarrod,function,current,,,,rationale
fact:05503782-cbce-4e1f-a183-a709c653e337,target:data:main/melee/gr/grdisplay:.data,,purpose,Provides the translation-unit-local initialized constants needed by grdisplay's matched scene-display code.,"The section was completed specifically during the substantial source reconstruction of grDisplay_801C5DB0. This supports a role as static supporting data for the display routines, while the available evidence does not justify assigning individual semantic names to its contents.",0.83,2026-09-02T08:02:30.583Z,.data,main/melee/gr/grdisplay:.data,main/melee/gr/grdisplay,data,current,,,,rationale
fact:059f3a63-6033-4857-8056-faff5f2d2833,target:data:main/melee/vi/vi0401:.sdata,,game_mapping,Identifies the primary visual-scene descriptor used to stage the intro cutscene for the Brinstar portion of Adventure Mode.,The current code uses this name to load the principal visual scene for Vi0401 and constructs the sequence from that descriptor.,0.96,2026-09-04T21:29:08.619Z,.sdata,main/melee/vi/vi0401:.sdata,main/melee/vi/vi0401,data,current,,,,rationale
fact:06b75c3f-f217-4a02-a924-897fa77ec58f,target:function:main/melee/lb/lbcardnew:lb_8001C0F4,,purpose,"Builds and submits a memory-card task sequence that exchanges the filenames of two existing files by using a third temporary filename: first A is renamed to C, then B to A, and finally C to B.","The function constructs three opcode-6 tasks containing the ordered name pairs A/C, B/A, and C/B. The dispatcher maps opcode 6 to lb_8001AAE4, and that helper directly invokes CARDRenameAsync with the task's old and new names. Together these sources establish a three-step filename swap rather than file-content copying.",0.98,2026-09-02T08:02:16.772Z,lb_8001C0F4,main/melee/lb/lbcardnew:lb_8001C0F4,main/melee/lb/lbcardnew,function,current,,,,value
fact:0796ed8c-2a1b-4e34-81a0-79540ab4a8fe,target:function:main/melee/ft/ft_0BEC:ftCo_800BEFD0,,game_mapping,Occupies the camera-callback surface for the frozen Star KO death presentation while intentionally adding no state-specific camera behavior.,"The target is the empty companion immediately following DeadUpStarIce presentation setup. The main death subsystem establishes DeadUpStarIce as the frozen DeadUpStar state, and analogous death-state companion hooks are explicitly named as camera callbacks.",0.89,2026-09-04T18:43:08.250Z,ftCo_800BEFD0,main/melee/ft/ft_0BEC:ftCo_800BEFD0,main/melee/ft/ft_0BEC,function,current,,,,rationale
fact:07fc4e01-f4a2-413a-ab22-ec0be938eb65,target:function:main/melee/mn/mnnamenew:NameContainsOnlySpaces,,purpose,Determines whether the Name Entry editor's four-slot working name is visually blank because every slot is either empty or contains the encoded full-width-space character.,The predicate scans four three-byte slots and the current confirmation path rejects candidates when it returns true.,0.99,2026-09-05T15:27:59.311Z,NameContainsOnlySpaces,main/melee/mn/mnnamenew:NameContainsOnlySpaces,main/melee/mn/mnnamenew,function,current,,,,value
fact:08b8e34f-35c3-494c-bbcd-85c4163036f9,target:function:main/melee/ft/kinds/ftCommon/ftCo_ThrownKirby:ftCo_ThrownCopyStar_Anim,,purpose,"Provides the intentionally empty animation callback for the victim's ThrownCopyStar action state, satisfying that state's animation-callback slot while leaving all active handling to its other callbacks.","The complete matched definition is named as the ThrownCopyStar animation callback, accepts the fighter object used by fighter state callbacks, and has an empty body. It therefore supplies the callback entry point without performing animation-completion or per-frame work itself.",0.98,2026-09-02T03:54:03.719Z,ftCo_ThrownCopyStar_Anim,main/melee/ft/kinds/ftCommon/ftCo_ThrownKirby:ftCo_ThrownCopyStar_Anim,main/melee/ft/kinds/ftCommon/ftCo_ThrownKirby,function,current,,,,rationale
fact:08cfab64-6fa4-473d-8c77-4858bb300406,target:function:main/melee/it/kinds/itleadead:itLeadead_UnkMotion4_Phys,,game_mapping,"Implements a timed facing-directed locomotion phase of Melee's ReDead enemy, with a stationary lead-in, a sustained forward movement interval, and a stop. This structure is consistent with ReDead's documented approach-and-charge behavior, although the available source does not establish whether motion state 4 is specifically the charge rather than another movement phase.","The code demonstrates a delayed, bounded burst of forward movement in the Leadead actor. SmashWiki independently documents that ReDeads limp toward identified victims and then charge, supporting the behavioral correspondence while not proving the exact semantic name of numbered motion state 4.",0.82,2026-09-02T03:17:17.263Z,itLeadead_UnkMotion4_Phys,main/melee/it/kinds/itleadead:itLeadead_UnkMotion4_Phys,main/melee/it/kinds/itleadead,function,current,,,,rationale
fact:08f9714d-0ba6-453a-b81e-fc2865a12e78,target:function:main/melee/ft/kinds/ftCommon/ftCo_ShieldBreakFly:ftCo_ShieldBreakFly_IASA,,purpose,"Provides the ShieldBreakFly action state's intentionally inert IASA callback, occupying its per-frame interrupt-processing slot without accepting an input-driven action or initiating a state transition.","The complete definition is explicitly named as the ShieldBreakFly IASA callback and has an empty body. Semantically adjacent ShieldBreakFall, ShieldBreakDown, and ShieldBreakStand IASA callbacks have the same inert role throughout the forced shield-break sequence.",0.98,2026-09-02T03:29:06.503Z,ftCo_ShieldBreakFly_IASA,main/melee/ft/kinds/ftCommon/ftCo_ShieldBreakFly:ftCo_ShieldBreakFly_IASA,main/melee/ft/kinds/ftCommon/ftCo_ShieldBreakFly,function,current,,,,rationale
fact:09402698-87e2-4995-a759-7784b2cd9b80,target:function:main/melee/ft/kinds/ftPopo/ftpopo:ftPp_Init_OnLoad,,game_mapping,"Connects a loaded Popo fighter to the item-backed components of the Ice Climbers' Ice Shot neutral special, Blizzard down special, and rope-based Belay up special.","The implementation processes three resources whose kinds are named IceClimber_Ice, IceClimber_Blizzard, and IceClimber_GumStrings. SmashWiki independently identifies Ice Shot and Blizzard as the Ice Climbers' neutral and down specials, while its Belay material describes an up special in which the climbers are attached by a rope and records the Japanese move name as Rubber Jump; that combination grounds GumStrings as Belay's connecting rope resource.",0.95,2026-09-02T02:10:56.632Z,ftPp_Init_OnLoad,main/melee/ft/kinds/ftPopo/ftpopo:ftPp_Init_OnLoad,main/melee/ft/kinds/ftPopo/ftpopo,function,current,,,,rationale
fact:09758d12-dc39-458f-a3d4-0afb22f4ca7a,target:function:main/melee/gm/gmtou_0:fn_80195CCC,,purpose,"Handles controller input for assigning a saved player name to the currently selected Tournament Mode entrant. It moves a cursor through the available names, updates the entrant's previewed name index, accepts only an occupied name not already assigned to another entrant, or cancels and restores the entrant's prior value.","The matched body converts cursor and page fields into a name index, bounds navigation with GetNameCount, verifies occupancy with GetNameText, checks uniqueness against tournament data, and writes the chosen index into the active entrant record. The B path restores the backup field, and the fully resolved matching attempt independently characterizes the routine as the tournament name-selection handler with cursor, page, and duplicate-name logic.",0.99,2026-09-02T14:00:52.076Z,fn_80195CCC,main/melee/gm/gmtou_0:fn_80195CCC,main/melee/gm/gmtou_0,function,current,,,,value
fact:0a3a2b20-5885-4c13-8307-86d04bdc77de,target:function:main/melee/it/kinds/itstarrod:itStarRod_Logic22_Clanked,,game_mapping,Implements the Star Rod's clanking reaction while it is a released item: a thrown or dropped rod rebounds from the object or attack it clanks with rather than using this response while held or in unrelated states.,"The function is explicitly registered by name as the Star Rod's clank handler, and its state guard limits the generic bounce-off-victim response to the thrown and dropped motion states.",0.96,2026-09-02T01:19:08.540Z,itStarRod_Logic22_Clanked,main/melee/it/kinds/itstarrod:itStarRod_Logic22_Clanked,main/melee/it/kinds/itstarrod,function,current,,,,rationale
fact:0a50ac7c-ce30-4b85-ad72-dac1c0f7cdec,target:function:main/melee/it/kinds/itkyasarin:itKyasarin_UnkMotion10_Anim,,game_mapping,"Provides the looping visual animation for one damage-induced falling branch of Birdo's Mushroom Kingdom II stage hazard, corresponding to the hazard's temporary retreat after receiving enough damage.","The code places motion 10 behind Kyasarin's highest accumulated-damage threshold and flips the actor before selecting it. The wiki identifies Kyasarin as Birdo and documents that Birdo temporarily retreats after enough damage, supporting this narrowly scoped gameplay mapping without assigning an unsupported exact pose name to motion 10.",0.94,2026-09-02T03:51:08.648Z,itKyasarin_UnkMotion10_Anim,main/melee/it/kinds/itkyasarin:itKyasarin_UnkMotion10_Anim,main/melee/it/kinds/itkyasarin,function,current,,,,rationale
fact:0a68bc0a-a209-4067-b98a-45ef8cb4261c,target:data:main/melee/gr/grinishie2:.data,,game_mapping,"Configures Melee's Mushroom Kingdom II and dispatches the Ground-side objects behind its interactive Super Mario Bros. 2 stage elements, including the recurring logs, Birdo hazard, and Pidgit magic-carpet platform.","The descriptor identifies the stage as `Gr_Kind_Inishie2` using `/GrI2.dat`; SmashWiki identifies Mushroom Kingdom II's Japanese name as `Inishie no Ōkoku II`. The callback entries drive paired recurring collision objects, the Kyasarin/Birdo creation path, and a side-spawned flying collision platform, corresponding to the stage overview's logs, Birdo, and rideable Pidgit carpet.",0.95,2026-09-02T08:04:33.137Z,.data,main/melee/gr/grinishie2:.data,main/melee/gr/grinishie2,data,current,,,,rationale
fact:0b0e8b06-b335-4339-be34-7ffd07020f3b,target:function:main/melee/it/kinds/itdrmariopill:itDrMarioPill_Absorbed,,purpose,"Handles notification that a Dr. Mario pill has been absorbed by running the pill's generic item-event helper sequence, playing the event sound effect, and reporting success.","The matched body is explicitly named as the pill's Absorbed callback. It invokes it_8026B3A8 twice, calls the item audio routine with sound ID 0x15FAE and parameters 0x7F and 0x40, then unconditionally returns true. Discord discussion independently identifies Item_8026AE84's numeric identifier argument as an SFX ID.",0.97,2026-09-02T02:14:53.690Z,itDrMarioPill_Absorbed,main/melee/it/kinds/itdrmariopill:itDrMarioPill_Absorbed,main/melee/it/kinds/itdrmariopill,function,current,,,,rationale
fact:0b9015d9-dac3-4dbb-a409-d2dd119fe415,target:function:main/melee/gm/gm_16AE:fn_8016D538,,data_flow,"Reads the broad one-player-mode predicate `gm_8016B3D8`, an opaque mode selector from `fn_8017DF90`, the current scene index, the live match record's `is_singleplayer` state and rule bit `x5_1`, a global condition from `fn_801693A8`, and bit `0x20` from the record returned by `fn_8017DEC8(1)`. It reduces those inputs to one Boolean that post-match processing forwards to `pl_80040688` as a guard for conditional bonus updates.","The target directly exposes every branch input and the current caller and consumer establish the output's destination. The unavailable helper span no longer supports assigning semantic mode names to the selector or progression record, so those inputs remain opaque.",0.97,2026-09-05T15:10:44.291Z,fn_8016D538,main/melee/gm/gm_16AE:fn_8016D538,main/melee/gm/gm_16AE,function,current,,,,rationale
fact:0ba69e7d-35c8-4600-8398-d8833e81f758,target:function:main/melee/ft/kinds/ftMasterHand/ftmasterhandrockcrush:ftMh_RockCrushUp_Anim,,game_mapping,Implements the animation-completion step of Master Hand's internally named RockCrushUp action phase.,"The callback's recovered symbol identifies the RockCrushUp phase, while its use of ftMasterHand_SpecialAttrs and the Master Hand move-variable union grounds the behavior in Master Hand. Available community and wiki material does not securely map the internal RockCrush name to a more specific player-facing move name.",0.97,2026-09-02T02:21:14.657Z,ftMh_RockCrushUp_Anim,main/melee/ft/kinds/ftMasterHand/ftmasterhandrockcrush:ftMh_RockCrushUp_Anim,main/melee/ft/kinds/ftMasterHand/ftmasterhandrockcrush,function,current,,,,rationale
fact:0c1a8f1c-8454-4810-9747-1d1da0018069,target:function:main/melee/ft/kinds/ftCommon/ftCo_DownDamage:ftCo_DownDamage_IASA,,purpose,"Provides the DownDamage action state's IASA callback as an intentional no-op, satisfying the action-state callback interface while performing no input-driven interrupt handling.","The complete matched definition is named as the DownDamage IASA callback, accepts the fighter object expected by such a callback, and has an empty body. It therefore occupies the IASA hook without implementing any interrupt checks or transitions.",0.98,2026-09-02T03:26:17.425Z,ftCo_DownDamage_IASA,main/melee/ft/kinds/ftCommon/ftCo_DownDamage:ftCo_DownDamage_IASA,main/melee/ft/kinds/ftCommon/ftCo_DownDamage,function,current,,,,rationale
fact:0cce480d-cb19-465f-8bff-7bc6b095fd6e,target:function:main/melee/gr/grpura:grPura_80211E00,,purpose,"Supplies an unconditional-negative stage-level predicate in the `StageData` descriptor for Poké Floats. The precise condition represented by this callback slot remains unidentified, but this stage implementation always reports that it is false.","The stage descriptor for `Gr_Kind_Pura` stores this function among its runtime callbacks, and the complete body returns `false` without performing any other operation. The debug stage selector identifies PURA as Poké Floats. This establishes the function as a Poké Floats stage predicate while not supporting a more specific semantic name for the queried condition.",0.97,2026-09-02T06:25:55.547Z,grPura_80211E00,main/melee/gr/grpura:grPura_80211E00,main/melee/gr/grpura,function,current,,,,rationale
fact:0cd5a4fb-efcb-465f-8953-e310eecfc213,target:function:main/melee/gr/grcorneria:grCorneria_801E2D90,,game_mapping,"Provides a Corneria-specific classification of the collision geometry associated with the Great Fox fighting platform, recognizing six map-joint groups only while Corneria is active.","The code explicitly limits its map-line classification to `Gr_Kind_Corneria` and recognizes six collision-map joints. SmashWiki identifies the Great Fox as the platform on which fighters battle lengthwise in Melee's Corneria, grounding those Corneria map joints in the stage's fighting-platform geometry without assigning unsupported visual names to individual joint IDs.",0.87,2026-09-02T08:00:26.824Z,grCorneria_801E2D90,main/melee/gr/grcorneria:grCorneria_801E2D90,main/melee/gr/grcorneria,function,current,,,,rationale
fact:0d313a3e-ed5b-410a-9e03-5e9916f5fc13,target:function:main/melee/it/it_2725:it_80275210,,purpose,Enables the common item flag `xDC8_word.flags.x1C` on an item object. Its demonstrated use is as one step in establishing the initial runtime configuration of an Adventure Mode Koopa-derived shell.,"The matched body is a dedicated one-operation setter for `Item.xDC8_word.flags.x1C`. The resolved caller invokes it during straight-line ZGShell spawn initialization before initializing the shell-specific runtime fields and hurt capsule, establishing its role as a shared item-configuration helper used by the shell initializer without assigning an unsupported semantic name to the flag itself.",0.97,2026-09-02T07:51:48.790Z,it_80275210,main/melee/it/it_2725:it_80275210,main/melee/it/it_2725,function,current,,,,rationale
fact:0d3b46fe-f3ce-4a87-ad0c-c6f985fc10c2,target:function:main/melee/ft/fighter:Fighter_8006D9AC,,game_mapping,Implements the recurring update of fighter dynamic bones—the secondary model motion attached to configured fighter bone sets—while suppressing that update in two fighter states represented by `x221F_b3` and `x2219_b5`.,"The target is a scheduled fighter process whose only active operation enters `ftdynamics.c`. That subsystem iterates `dynamic_bone_sets`, updates their descriptors, and applies fighter- and stage-specific handling. Community analysis independently identifies the corresponding `ftdynamics.c` data as dynamic bones, grounding the visible model behavior without assigning unsupported names to the two guard flags.",0.96,2026-09-02T07:08:13.034Z,Fighter_8006D9AC,main/melee/ft/fighter:Fighter_8006D9AC,main/melee/ft/fighter,function,current,,,,rationale
fact:0db3e7ba-9eca-4347-89be-342e03a5738e,target:function:main/melee/it/kinds/itfreeze:itFreeze_Logic17_Clanked,,purpose,Provides the Freezie item's clank-event callback. It performs no Freezie-specific processing and unconditionally returns true to the item-event dispatcher.,"The complete matched function is explicitly named as Logic17's `Clanked` callback, ignores its item object, and consists solely of `return true;`. An equivalent named clank callback for Luigi Fireball has the same constant-true implementation, corroborating this as a standard item-event callback shape rather than omitted local behavior.",0.99,2026-09-02T02:54:18.462Z,itFreeze_Logic17_Clanked,main/melee/it/kinds/itfreeze:itFreeze_Logic17_Clanked,main/melee/it/kinds/itfreeze,function,current,,,,rationale
fact:0f0b70e6-ff37-40c5-8919-ce9d4edc8610,target:function:main/sysdolphin/baselib/archive:HSD_ArchiveLocateExtern,,inferred_type,"Signature: void HSD_ArchiveLocateExtern(HSD_Archive* archive, const char* symbol_name, void* address). The symbol name is read-only, the supplied address is an untyped runtime binding written as a 32-bit pointer value, and failure or absence is reported only by returning without mutation.","The head definition retains a void return, archive pointer, const symbol string, and untyped address. The symbol is only compared, the address is converted and stored through a u32 slot, and an absent matching record causes an early return without a status value.",0.99,2026-09-04T17:47:48.387Z,HSD_ArchiveLocateExtern,main/sysdolphin/baselib/archive:HSD_ArchiveLocateExtern,main/sysdolphin/baselib/archive,function,current,,,,value
fact:0fc1d895-0ac7-4d6c-97d7-6139b7de0a8f,target:function:main/melee/gr/grtemblem:grTRoy_802246A4,,game_mapping,Participates in collision maintenance for Ground object ID 1 on Roy's character-specific Target Test course. The available evidence does not identify which visible course component object ID 1 represents.,"The current table associates the collision-refresh wrapper with row 1 of TEmblem, and the stage documentation maps TEMBLEM to Roy's Target Test. Neither source assigns a visible-component name to that ground-object ID.",0.94,2026-09-04T23:09:12.914Z,grTRoy_802246A4,main/melee/gr/grtemblem:grTRoy_802246A4,main/melee/gr/grtemblem,function,current,,,,rationale
fact:10c4fb7b-f574-4d61-882c-361945acde84,target:function:main/melee/it/kinds/itdrmariopill:itDrMarioPill_Clanked,,game_mapping,Implements the Megavitamin projectile's response to clanking with another attack or item hitbox.,"The function is explicitly named as the Dr. Mario pill's Clanked callback, and the established Melee mechanic identifies Dr. Mario's pills as Megavitamin projectiles.",0.96,2026-09-02T02:17:28.916Z,itDrMarioPill_Clanked,main/melee/it/kinds/itdrmariopill:itDrMarioPill_Clanked,main/melee/it/kinds/itdrmariopill,function,current,,,,rationale
fact:10c7c11f-7bb2-4d66-ba13-ccaca2f922a9,target:function:main/sysdolphin/baselib/archive:HSD_ArchiveGetPublicAddress,,purpose,"Looks up a named public entry in an HSD archive and returns the entry's starting address within the archive's relocated data section, or NULL when the name is not exported.",The function compares the requested name against every public-entry name and constructs the result from the archive data base plus the matching entry's offset. Community explanation independently identifies the result as a starting point for using a relocated data file.,0.99,2026-09-01T23:03:29.103Z,HSD_ArchiveGetPublicAddress,main/sysdolphin/baselib/archive:HSD_ArchiveGetPublicAddress,main/sysdolphin/baselib/archive,function,current,,,,value
fact:13ceaf10-7215-476b-a1d5-5a6310d999a7,target:function:main/melee/gm/gm_1601:gm_80160C90,,state_behavior,Rendering has two language branches and two name-selection forms. In the saved US-language branch it enables default kerning and uses the US name and scale tables; otherwise it uses the non-US tables. An alternate name is selected only when the request flag is nonzero and that character's language-specific alternate-name pointer is present; otherwise the normal name and normal scale are used.,"Both language branches explicitly test the alternate-name request together with the corresponding nullable alternate-name table entry. The same derived condition controls both the chosen scale and the SIS alternate-name argument, while the US branch additionally writes `default_kerning`.",0.99,2026-09-02T13:26:08.551Z,gm_80160C90,main/melee/gm/gm_1601:gm_80160C90,main/melee/gm/gm_1601,function,current,,,,value
fact:1488365e-dce7-450f-a491-c1414609685d,target:data:main/melee/gm/gm_19EF:.sdata,,data_flow,"Scene-entry code passes the section's filenames and symbol names to archive-loading APIs. The loaders resolve them into archive, `SceneDesc`, joint, and model outputs stored in separate globals or locals, after which scene construction and update code consume those resolved resources without modifying the identifiers.",The current builders demonstrate one-way flow from immutable textual lookup keys to mutable loaded-resource state.,0.9,2026-09-04T02:53:39.041Z,.sdata,main/melee/gm/gm_19EF:.sdata,main/melee/gm/gm_19EF,data,current,,,,value
fact:17aeaf70-5b52-4f3d-9943-566ff92c8e60,target:function:main/melee/it/kinds/itseakneedlethrown:it_2725_Logic109_Clanked,,game_mapping,Implements the randomized post-clank response of a Needle Storm projectile: a thrown Sheik needle can be deflected into an upward tumbling bounce rather than simply retaining its pre-clank flight behavior.,"The target belongs to the SeakNeedleThrown item and is explicitly registered by name as its Clanked response. The code produces an upward randomized bounce, while SmashWiki identifies Needle Storm's needles as projectiles capable of interacting with and stopping other projectiles.",0.95,2026-09-02T01:19:14.424Z,it_2725_Logic109_Clanked,main/melee/it/kinds/itseakneedlethrown:it_2725_Logic109_Clanked,main/melee/it/kinds/itseakneedlethrown,function,current,,,,rationale
fact:18f664c7-e11a-4ffb-be8b-e28190b1259d,target:function:main/melee/gm/gmtou_0:fn_8019237C,,game_mapping,Realizes the animated cursor used when assigning a saved player name to a Tournament Mode entrant.,The cursor appears only in the state whose handler navigates saved names and commits one to the currently edited tournament entrant.,0.98,2026-09-04T19:46:55.838Z,fn_8019237C,main/melee/gm/gmtou_0:fn_8019237C,main/melee/gm/gmtou_0,function,current,,,,value
fact:19141d08-e12d-43a9-90de-845d347318a6,target:function:main/melee/ft/kinds/ftCommon/ftCo_0A01:ftCo_800A59C0,,game_mapping,"Supports CPU fighter behavior selection for using a held item: items in article-attribute category 3 receive specialized choices based on remaining item use, opponent direction and distance, and whether the CPU can act.","The caller is CPU attack logic and uses this classifier before selecting distinct item-action codes. The surrounding unit is independently identified as CPU behavior logic, grounding the classification branch in CPU-controlled held-item decision-making without assigning an unsupported public item-category name to value 3.",0.94,2026-09-02T13:58:47.369Z,ftCo_800A59C0,main/melee/ft/kinds/ftCommon/ftCo_0A01:ftCo_800A59C0,main/melee/ft/kinds/ftCommon/ftCo_0A01,function,current,,,,rationale
fact:19721a29-796f-4a77-9085-8435f2acfd64,target:function:main/melee/ft/kinds/ftGameWatch/ftgamewatch:ftGw_Init_OnDamage,,game_mapping,"Realizes damage-interruption cleanup for the props used by Mr. Game & Watch's Greenhouse jab, Manhole down tilt, Fire Attack forward smash, Parachute neutral aerial, Turtle Bridge back aerial, Spit Ball Sparky up aerial, Judgment side special, Oil Panic down special, and Fire up special.","The callback names the corresponding Greenhouse, Manhole, Torch, Parachute, Turtle, Sparky, Judgment, Panic, and Rescue cleanup paths. The gameplay moveset independently maps those props and source-game names to Mr. Game & Watch's jab, tilts, aerials, smash, and special moves.",0.98,2026-09-02T02:10:46.215Z,ftGw_Init_OnDamage,main/melee/ft/kinds/ftGameWatch/ftgamewatch:ftGw_Init_OnDamage,main/melee/ft/kinds/ftGameWatch/ftgamewatch,function,current,,,,rationale
fact:19a2cfe9-4093-40f9-8989-bb3981202610,target:function:main/melee/ft/kinds/ftCommon/ftCo_Guard:ftCo_GuardOn_IASA,,state_behavior,"During each GuardOn IASA evaluation, checks in strict order: an inline common-guard transition using ftCo_80092BE8; another guard-unit transition; an ItemThrow-unit transition; two Escape-unit transitions; ftCo_800D8B9C from the Catch unit; the named catch-input transition; a Jump-unit transition; and finally a Pass-unit transition. The first true handler result terminates the callback; if all return false, GuardOn continues for that invocation.","This follows the matched callback literally. RETURN_IF around every expression establishes first-success priority, while the owning translation units support the broad transition domains without assigning unsupported semantic names to still-addressed helpers.",0.98,2026-09-02T04:41:38.276Z,ftCo_GuardOn_IASA,main/melee/ft/kinds/ftCommon/ftCo_Guard:ftCo_GuardOn_IASA,main/melee/ft/kinds/ftCommon/ftCo_Guard,function,current,,,,rationale
fact:19f9a3f6-3587-483f-a18b-26b60ab733a9,target:function:main/melee/gr/grtyoshi:grTYoshi_OnCheckShadowRender,,game_mapping,"Realizes the grTYoshi stage's permissive shadow-render policy: every shadow submitted to this eligibility check is accepted regardless of the supplied position, query value, or scene object.","The callback is explicitly named as grTYoshi's shadow-render check, while its unconditional true result proves that it applies no input-dependent exclusion.",0.96,2026-09-02T04:46:59.421Z,grTYoshi_OnCheckShadowRender,main/melee/gr/grtyoshi:grTYoshi_OnCheckShadowRender,main/melee/gr/grtyoshi,function,current,,,,rationale
fact:1a188b38-3142-4841-ba76-678e17b51867,target:function:main/melee/it/kinds/itfoxillusion:itFoxIllusion_Logic14_DmgDealt,,purpose,Handles the illusion item's damage-dealt event by resetting its `xCA8` runtime value to zero without requesting that the item be destroyed.,"The matched body is explicitly named as the Logic14 damage-dealt callback, resolves the supplied item, clears `xCA8`, and unconditionally returns false. No stronger meaning for the still-unnamed field is established by the available evidence.",0.97,2026-09-02T03:40:26.343Z,itFoxIllusion_Logic14_DmgDealt,main/melee/it/kinds/itfoxillusion:itFoxIllusion_Logic14_DmgDealt,main/melee/it/kinds/itfoxillusion,function,current,,,,rationale
fact:1b0a0c1d-a906-4edf-ab5f-5dcbb87dd5ba,target:function:main/melee/it/kinds/itkyasarin:itKyasarin_UnkMotion7_Anim,,state_behavior,"The callback leaves the state unchanged while it_80272C6C returns true. When that guard returns false, it emits one egg and decrements x34. A still-positive x34 re-enters motion state 7 with ITEM_ANIM_UPDATE; an exhausted counter initializes x28 to an attribute-based randomized value and transitions to motion state 6 with ITEM_ANIM_UPDATE.","These guards, mutations, and transitions are the explicit control flow of the matched function. No more specific meaning is assigned to it_80272C6C because its semantic name has not been recovered.",0.99,2026-09-02T03:48:44.882Z,itKyasarin_UnkMotion7_Anim,main/melee/it/kinds/itkyasarin:itKyasarin_UnkMotion7_Anim,main/melee/it/kinds/itkyasarin,function,current,,,,rationale
fact:1b21129b-81a1-4d5a-a380-5bf4a8f1933b,target:function:main/melee/ft/kinds/ftKirby/ftkirbyspecialpurin:ftKb_PrSpecialAirN_Phys,,purpose,"Updates Kirby's movement during the airborne charged-release phase of copied Rollout: it derives horizontal speed from the stored direction and remaining release value, applies opposing horizontal deceleration while enforcing a minimum speed, applies falling physics, and advances the phase toward its terminating handoff.","The matched body directly computes horizontal self velocity from SpecialN move state, subtracts signed deceleration, enforces a minimum absolute speed, invokes common falling physics, decrements the release scalar, and conditionally calls a transition helper. Its instruction-level-identical Jigglypuff analog is explicitly named as the aerial charge-release physics callback.",0.98,2026-09-02T01:24:29.961Z,ftKb_PrSpecialAirN_Phys,main/melee/ft/kinds/ftKirby/ftkirbyspecialpurin:ftKb_PrSpecialAirN_Phys,main/melee/ft/kinds/ftKirby/ftkirbyspecialpurin,function,current,,,,rationale
fact:1d2117ca-1e66-4600-a8cd-68298731e1fd,target:function:main/melee/gr/grheal:grHeal_8021EFBC,,purpose,Supplies the Heal stage descriptor's load-callback slot while deliberately requiring no All-Star Rest Area-specific load-time setup.,The HEAL descriptor registers this empty callback in the same position that the current TMars descriptor explicitly names as its stage-load hook.,0.98,2026-09-04T23:04:09.545Z,grHeal_8021EFBC,main/melee/gr/grheal:grHeal_8021EFBC,main/melee/gr/grheal,function,current,,,,rationale
fact:1dcd1635-7d21-4dc6-9810-f2f5ac78e89a,target:function:main/melee/it/kinds/itfreeze:itFreeze_UnkMotion0_Coll,,data_flow,"Reads `Item.ground_or_air`, `CollData.env_flags`, the Freezie-specific signed slide-speed field `xDD4_itemVar.freeze.x0`, the terrain-response vector at `xDD4_itemVar.freeze.x4`, and `facing_dir`. Terrain helpers refresh collision and surface data; side-contact flags negate facing and the signed speed; `x40_vel.x` is then written as signed speed multiplied by the terrain-response Y component, and the JObj's Z rotation is written from the terrain angle with a sign selected by facing.","Every stated input, transformation, and output appears explicitly in the matched body. This captures the routine's mechanical flow without assigning unsupported semantic names to the still-unnamed Freezie fields.",0.98,2026-09-02T02:50:29.596Z,itFreeze_UnkMotion0_Coll,main/melee/it/kinds/itfreeze:itFreeze_UnkMotion0_Coll,main/melee/it/kinds/itfreeze,function,current,,,,rationale
fact:1e0d4203-0eea-4b2c-a00b-e819842c4077,target:function:main/melee/it/kinds/ittaru:itTaru_Logic2_Thrown,,inferred_type,Item thrown-event callback with signature `void (Item_GObj*)`.,"The matched definition returns void, accepts one `Item_GObj*`, retrieves the associated Item, and is explicitly named as the Logic2 thrown callback.",0.99,2026-09-02T01:57:26.218Z,itTaru_Logic2_Thrown,main/melee/it/kinds/ittaru:itTaru_Logic2_Thrown,main/melee/it/kinds/ittaru,function,current,,,,rationale
fact:1e1216e2-9ab0-49eb-bc3d-6237b34cacd4,target:function:main/melee/ft/ftdata:ftData_80085820,,state_behavior,"Acts as a lazy per-costume cache initializer. A non-null `joint` suppresses all loading on later calls. A null `joint` triggers synchronous archive acquisition and mandatory joint-symbol resolution; material-animation resolution is included only when a symbol name is declared, otherwise its cache field is explicitly set to null. Missing requested symbols are fatal in the delegated archive resolver.","The entire body is guarded by `joint == NULL`, making the joint pointer the initialized-state sentinel. The inner branch controls whether a material-animation destination is included, and the resolved archive helper reports and asserts when any supplied public symbol cannot be found.",0.99,2026-09-02T08:08:16.037Z,ftData_80085820,main/melee/ft/ftdata:ftData_80085820,main/melee/ft/ftdata,function,current,,,,value
fact:208ea3f4-2cef-4a68-a6b8-0b812d1b323c,target:function:main/melee/it/kinds/itoldkuri:itOldKuri_Logic29_EvtUnk,,game_mapping,"Provides an item-system event hook for Melee's Goomba enemy. The wrapper does not reveal which visible Goomba interaction triggers the event, so it cannot be tied specifically to contact damage, stomping, taking damage, defeat, container emergence, or another individual mechanic.","The source identifies the callback as belonging to `OldKuri`, and SmashWiki identifies Goomba's Japanese name as `Kuribō` and documents its Melee behaviors. Because the callback only delegates to a shared helper, the supported mapping is to Goomba event integration generally rather than to any one visible interaction.",0.93,2026-09-02T02:07:52.064Z,itOldKuri_Logic29_EvtUnk,main/melee/it/kinds/itoldkuri:itOldKuri_Logic29_EvtUnk,main/melee/it/kinds/itoldkuri,function,current,,,,rationale
fact:20a59e80-767c-40da-a75f-8cb26f6b86ef,target:function:main/melee/ft/kinds/ftGameWatch/ftgamewatchattackair:ftGw_AttackAirN_ItemCheckTurtleRemove,,purpose,Determines whether Mr. Game & Watch's Turtle prop item may be removed by checking whether its owning fighter has left the back-aerial state family.,"The function is named as the Turtle removal check and returns false throughout the back-aerial-to-back-aerial-landing motion-state interval, but true outside it. This makes a true result the permission to remove the prop after the move family ends.",0.98,2026-09-01T23:45:10.472Z,ftGw_AttackAirN_ItemCheckTurtleRemove,main/melee/ft/kinds/ftGameWatch/ftgamewatchattackair:ftGw_AttackAirN_ItemCheckTurtleRemove,main/melee/ft/kinds/ftGameWatch/ftgamewatchattackair,function,current,,,,rationale
fact:21e88ffe-dbe2-423b-bed5-6c9e3a722a5c,target:data:main/melee/gm/gm_17BA:.data,,purpose,Stores the two localized sets of default labels used to identify result-player slots 1 through 4 when no persistent player name is assigned.,The section defines two four-entry label tables. The shared result-label resolver selects one table according to the saved language and indexes it by the requested target slot specifically when the target standing's name identifier is the unnamed sentinel 0x78.,0.99,2026-09-02T12:39:05.624Z,.data,main/melee/gm/gm_17BA:.data,main/melee/gm/gm_17BA,data,current,,,,value
fact:22400090-ca11-4c43-af32-330631fefac7,target:function:main/melee/ft/kinds/ftYoshi/ftyoshispecials:ftYs_SpecialAirSLoop_1_IASA,,data_flow,"Reads the fighter's Yoshi attributes `x48` and `x4C`, subtracts `x4C` from `x48`, compares the result with `fp->mv.ys.specials.x0`, and combines that guard with the fighter input bit `HSD_PAD_B`; on success it passes the fighter object and constants `0`, `0x440012`, and `0.0F` to `ftYs_SpecialS_8012F0DC`.","Every input, intermediate value, guard, and outgoing call argument is explicit in the matched source, so this claim preserves the demonstrated flow without assigning unsupported semantic names to the still-unknown attribute fields.",0.99,2026-09-02T01:37:35.721Z,ftYs_SpecialAirSLoop_1_IASA,main/melee/ft/kinds/ftYoshi/ftyoshispecials:ftYs_SpecialAirSLoop_1_IASA,main/melee/ft/kinds/ftYoshi/ftyoshispecials,function,current,,,,rationale
fact:22469907-1031-4a52-b46c-627b26ee79d7,target:function:main/melee/it/kinds/itleadead:itLeadead_UnkMotion17_Coll,,state_behavior,"While ReDead motion state 17 is active, this callback performs no local transition, timer update, or guard logic; each invocation runs the shared map-collision check and returns its boolean result. The surrounding state keeps its animation callback active indefinitely and applies fall-speed acceleration every physics update, so this callback supplies collision status for that gravity-driven state.","The target is an unconditional one-call wrapper with no local state mutation beyond its callee's collision processing. The adjacent motion-17 callbacks show that animation returns false and physics subtracts the configured fall speed from vertical velocity, grounding the callback's role within the complete state behavior without assigning an unsupported gameplay name to motion 17.",0.96,2026-09-02T03:17:52.470Z,itLeadead_UnkMotion17_Coll,main/melee/it/kinds/itleadead:itLeadead_UnkMotion17_Coll,main/melee/it/kinds/itleadead,function,current,,,,rationale
fact:24a040d7-52e3-49ac-b668-3c52f68cb852,target:function:main/melee/it/kinds/itleadead:it_802E8CD8,,game_mapping,"Implements the ReDead enemy's response to being attacked: hits contribute to cumulative damage, intermediate conditions select nonterminal reactions including the path into its knockdown sequence, and sufficient damage selects terminal reactions associated with defeating and removing the enemy.","The Leadead-specific callback accumulates hit contributions, compares them with fractional and full article-defined damage thresholds, and dispatches to distinct intermediate and terminal states. SmashWiki independently describes Melee's ReDead as falling down after attacks, later reviving if left down, and being defeated when enough damage is dealt. Together these sources ground the callback as the code-side decision point for those damage responses without assigning unsupported names to every internal motion.",0.95,2026-09-02T06:04:54.158Z,it_802E8CD8,main/melee/it/kinds/itleadead:it_802E8CD8,main/melee/it/kinds/itleadead,function,current,,,,rationale
fact:2571792b-ef95-4d34-a49e-819d79472533,target:function:main/melee/it/kinds/itlgun:itLgun_UnkMotion0_Anim,,purpose,Serves as the animation-phase callback for Ray Gun motion state 0. It deliberately performs no animation-dependent work and always reports false to the item state dispatcher.,"The complete matched function is named as motion 0's animation callback, accepts the item object expected by such a callback, ignores it, and unconditionally returns false. The exact-opcode analogs likewise establish that its generated behavior is the generic side-effect-free constant-false shape, rather than an omitted call or state mutation.",0.98,2026-09-02T01:27:38.681Z,itLgun_UnkMotion0_Anim,main/melee/it/kinds/itlgun:itLgun_UnkMotion0_Anim,main/melee/it/kinds/itlgun,function,current,,,,rationale
fact:25a99048-1f24-4604-896a-d936b9bfd423,target:function:main/sysdolphin/baselib/synth:dropcallback,,data_flow,"Consumes the dropped AXVPB, removes its first occurrence from HSD_Synth_804C28E0, and uses its index to locate hsd_SynthSFXNodes. A secondary-node sentinel redirects processing through voice[0] to the primary node. The primary node may supply x0 to driverInactivatedCallback; its voice array then supplies sibling AXVPBs to the queue while every associated node entry has x0 cleared.","Each stage is explicit in the body: argument-to-node lookup, queue removal, secondary-to-primary indirection, callback output, sibling queue insertion, and node-table invalidation. This describes both the origins and consumers of the routine's inputs and outputs without assigning unsupported names to the remaining unknown fields.",0.99,2026-09-02T12:51:52.729Z,dropcallback,main/sysdolphin/baselib/synth:dropcallback,main/sysdolphin/baselib/synth,function,current,,,,rationale
fact:266925f6-55ce-4ef6-816b-5761f9fec10e,target:function:main/melee/gr/grtseak:grTSeak_80223A84,,inferred_type,"Ground game-object process callback with signature `void (Ground_GObj*)`, installed in the process slot of stage object 2's `StageCallbacks` entry.","The current TSeak table places the function in the third slot of record 2, its current definition has a `void (Ground_GObj*)` signature, and the equivalent Falco table position is explicitly named as a GObj process callback.",0.99,2026-09-04T23:12:43.143Z,grTSeak_80223A84,main/melee/gr/grtseak:grTSeak_80223A84,main/melee/gr/grtseak,function,current,,,,rationale
fact:26e8c77d-2d55-4662-8fba-ddc8c41c618a,target:function:main/melee/ft/kinds/ftCommon/ftCo_AirCatch:ftCo_AirCatch_IASA,,purpose,"Provides the AirCatch action state's intentionally empty IASA callback, so this callback introduces no input-driven interrupts or action-state transitions while the fighter is in the pre-hit AirCatch phase.","The complete matched definition is an empty function named as the AirCatch IASA callback. Because it neither examines the fighter nor calls a transition routine, it deliberately contributes no IASA processing for this state.",0.98,2026-09-02T03:41:04.584Z,ftCo_AirCatch_IASA,main/melee/ft/kinds/ftCommon/ftCo_AirCatch:ftCo_AirCatch_IASA,main/melee/ft/kinds/ftCommon/ftCo_AirCatch,function,current,,,,rationale
fact:279c494e-722a-4502-9029-c06f10657413,target:function:main/melee/ft/kinds/ftCommon/ftCo_KinokoGiantEnd:Fighter_SuperMushroomEnd,,state_behavior,"If `fn_800D2818(fp)` is false, returns `0` without entering an end state. Otherwise, a grounded fighter enters `ftCo_800D1BA0(gobj, 0)`, an airborne fighter enters `ftCo_800D1D10(gobj, 0)`, and the function returns `1`.","This is the function's complete guard and transition structure, stated without assigning an unsupported semantic name to the unresolved predicate or transition helpers.",0.99,2026-09-02T04:30:45.867Z,Fighter_SuperMushroomEnd,main/melee/ft/kinds/ftCommon/ftCo_KinokoGiantEnd:Fighter_SuperMushroomEnd,main/melee/ft/kinds/ftCommon/ftCo_KinokoGiantEnd,function,current,,,,rationale
fact:27fbff1f-ccde-442a-98ad-b134f1024d26,target:function:main/melee/pl/plbonus:fn_8003CC84,,state_behavior,"If `gm_8016B1EC()` is true, the function records no flags. Otherwise it runs four player-bookkeeping helpers and proceeds only when `Player_8003221C(player)` is nonzero. It then awards motion-dependent flags 0x89, 0x8C, or 0x8D; under additional mode guards awards stage-dependent flag 0x8F, 0x8E, or 0x90; and, only while the fighter is outside the broad death/KO motion family, tests fighter and player-table conditions for 0x8B, 0x8A, 0xA7, 0xA8, 0xA9, and 0xBE. In that same non-death branch it sets 0x92 at exactly zero damage and sets 0x91 when the decimal damage digits are equal as either a nonzero three-digit value or a two-digit value with no hundreds digit.","The matched body directly establishes the nested guards, switches, six-player scan, and damage-digit calculation. The known role of `ftLib_8008732C` identifies the innermost guard as exclusion of death/KO states, while no evidence supports assigning display names to the remaining internal decision IDs.",0.99,2026-09-02T08:02:41.682Z,fn_8003CC84,main/melee/pl/plbonus:fn_8003CC84,main/melee/pl/plbonus,function,current,,,,rationale
fact:282673aa-957b-429e-80a2-8ec37f15b9e5,target:function:main/melee/it/kinds/itbat:itBat_UnkMotion2_Phys,,purpose,"Provides the physics-phase callback for the Home-Run Bat's motion state 2. This state requires no item-specific physics processing, so the callback deliberately returns without updating the item.","The complete matched definition is named as motion 2's physics handler, accepts the item object expected by such a handler, and contains only an immediate return. The exact empty implementation demonstrates that the callback exists to occupy the state's physics slot while intentionally doing no work.",0.97,2026-09-02T01:13:24.649Z,itBat_UnkMotion2_Phys,main/melee/it/kinds/itbat:itBat_UnkMotion2_Phys,main/melee/it/kinds/itbat,function,current,,,,rationale
fact:29473eb8-d463-48dc-abf4-83daf85f9637,target:function:main/melee/ft/ft_0C31:ftCo_Entry_Coll,,purpose,"Provides the common Entry state's deliberately inert collision callback, preserving the fighter action-state callback interface while performing no stage-collision processing during this initial waiting phase.","The complete matched definition is named as Entry's collision callback, accepts the standard fighter object, and has an empty body. Its placement beside Entry's likewise empty IASA and physics callbacks, contrasted with the later EntryStart and EntryEnd collision routines in the same unit, supports intentional collision inactivity rather than an incomplete implementation.",0.98,2026-09-02T03:40:10.729Z,ftCo_Entry_Coll,main/melee/ft/ft_0C31:ftCo_Entry_Coll,main/melee/ft/ft_0C31,function,current,,,,rationale
fact:2982f4c9-2a40-47b6-958c-4d5149f6ba08,target:function:main/melee/ft/kinds/ftPurin/ftpurinspecialhi:ftPr_SpecialHi_IASA,,purpose,Serves as the grounded Sing action state's intentionally inert IASA callback. It occupies the action-state callback slot without introducing any input-driven interrupt or alternate-action handling.,The complete matched definition is an empty function named as the grounded SpecialHi IASA callback. Its exact empty-function opseq analogs likewise establish that the four-byte body represents an immediate-return no-op rather than omitted logic.,0.99,2026-09-02T02:14:21.440Z,ftPr_SpecialHi_IASA,main/melee/ft/kinds/ftPurin/ftpurinspecialhi:ftPr_SpecialHi_IASA,main/melee/ft/kinds/ftPurin/ftpurinspecialhi,function,current,,,,rationale
fact:29b5e1fa-f3d5-4884-be87-1fdb20aa73b1,target:function:main/melee/ty/toy:Toy_80306A48,,state_behavior,"The animation, material-animation, and shape-animation channels are optional independently: a null symbol bypasses lookup and supplies NULL for that channel, while a non-null name is looked up even if the other channels are absent. Regardless of which channels resolve successfully, the routine attaches the resulting descriptor set, requests the supplied frame across the non-instance portions of the hierarchy, and evaluates the hierarchy once before returning. It maintains no local persistent state.","Three separate guards encode the independent channel behavior, and there is no early return after a null argument or failed lookup. The unconditional final call sequence establishes synchronous application. The resolved JObj routines show that instance nodes are processed but stop child traversal, while all durable animation state belongs to the supplied hierarchy rather than this helper.",0.98,2026-09-02T13:43:56.476Z,Toy_80306A48,main/melee/ty/toy:Toy_80306A48,main/melee/ty/toy,function,current,,,,value
fact:2a4edc89-1150-439a-950d-2cfaa1705806,target:function:main/melee/ft/kinds/ftLink/ftlinkspecials:ftLk_SpecialAirS1_Anim,,purpose,Serves as the animation callback for the first aerial phase of Link's Boomerang side special and returns Link to the ordinary airborne fall state when that animation finishes.,"The matched function is named as the aerial SpecialS phase-1 animation callback. Its complete body tests whether animation frames remain and calls `ftCo_Fall_Enter` only after they do not, directly establishing its termination role.",0.98,2026-09-01T23:31:36.544Z,ftLk_SpecialAirS1_Anim,main/melee/ft/kinds/ftLink/ftlinkspecials:ftLk_SpecialAirS1_Anim,main/melee/ft/kinds/ftLink/ftlinkspecials,function,current,,,,rationale
fact:2a9e9483-cf9e-47f0-9f48-026f24fefb54,target:function:main/melee/it/kinds/itpippi:it_802D33F8,,game_mapping,"Implements the random outcome selection for Clefairy's Melee Poké Ball attack, Metronome, whose four possible attacks are descriptively called Wind, Fire, Geyser, and Blast. The available evidence does not establish which numbered item state corresponds to each named attack.","The Pippi helper selects exactly four successor attack states, and its caller invokes it after Clefairy's waiting period. SmashWiki identifies Clefairy's Melee move as Metronome and lists exactly four random attacks, but neither the selector nor the wiki maps those names to state numbers 2 through 5.",0.97,2026-09-02T05:54:43.754Z,it_802D33F8,main/melee/it/kinds/itpippi:it_802D33F8,main/melee/it/kinds/itpippi,function,current,,,,rationale
fact:2b562032-3589-4ce1-9503-400963844ab6,target:function:main/melee/it/it_26B1:it_8026BCF4,,purpose,"Provides the common item-side operation that clears `Item.xDCD_flag.b2`. Callers use it while completing or resetting item setup, including Link Bomb motion-state-0 setup, a Peach turnip's first pickup, and completion of Bunny Hood attachment to a fighter.","The helper performs exactly one mutation. Current callers place that clear after Link Bomb state setup, on the turnip's first-pickup path, and after Bunny Hood attachment work, supporting a shared setup/reset role without assigning an unsupported semantic name to the bit.",0.98,2026-09-04T20:24:36.579Z,it_8026BCF4,main/melee/it/it_26B1:it_8026BCF4,main/melee/it/it_26B1,function,current,,,,rationale
fact:2d3e301a-55ae-4c4e-b553-9a20d1c3cc35,target:function:main/melee/ft/kinds/ftGameWatch/ftgamewatchattack100:ftGw_Attack100Loop_IASA,,inferred_type,Fighter action-state IASA callback with signature void (HSD_GObj* gobj).,"The resolved definition explicitly returns void, accepts one HSD_GObj pointer, and forwards that same object to another function named as an IASA callback.",0.99,2026-09-02T00:19:55.210Z,ftGw_Attack100Loop_IASA,main/melee/ft/kinds/ftGameWatch/ftgamewatchattack100:ftGw_Attack100Loop_IASA,main/melee/ft/kinds/ftGameWatch/ftgamewatchattack100,function,current,,,,rationale
fact:2d8918d8-1983-4f56-9b41-07a48858516b,,translation_unit:src/melee/gr/grtmars.c,game_mapping,"Implements Marth's character-specific Target Test stage, whose debug stage name is TMARS and which is used in Stadium and Marth's Classic Mode bonus stage.","The current unit registers `Gr_Kind_TMars` and invokes the common target-stage initializer, while the standing stage-selector documentation maps TMARS to Marth's Target Test.",0.99,2026-09-04T23:11:40.990Z,,,,,,translation_unit,src/melee/gr/grtmars.c,active,value
fact:2d8c4220-1cf5-4ea6-bbe2-cbac219b75aa,target:function:main/melee/it/kinds/itwhitebea:itWhitebea_UnkMotion2_Coll,,game_mapping,"Provides stage-ground collision handling during the Polar Bear enemy's turn-around behavior, one component of its back-and-forth platform movement on Icicle Mountain.",The Whitebea code identifies state 2 as a timed facing-reversal phase and this function as its ground-collision callback. SmashWiki independently describes Polar Bears walking back and forth on Icicle Mountain's platforms and identifies the enemy's Japanese name as White Bear.,0.94,2026-09-02T03:05:27.610Z,itWhitebea_UnkMotion2_Coll,main/melee/it/kinds/itwhitebea:itWhitebea_UnkMotion2_Coll,main/melee/it/kinds/itwhitebea,function,current,,,,rationale
fact:2e7c4841-60e6-4185-9e03-4643b17164e0,target:function:main/melee/pl/player:Player_GetNametagSlotID,,purpose,"Returns the name-entry slot assigned to a validated player slot, allowing nametag, game-mode, and results logic to identify which saved player name profile that player uses.","The matched accessor validates the player-slot argument and returns the corresponding StaticPlayer.nametag_slot_id. Community analysis independently identifies these values as indices into the name-entry container, while the wiki describes Melee names as player-selectable profiles used during gameplay and for per-name records.",0.96,2026-09-02T02:32:10.018Z,Player_GetNametagSlotID,main/melee/pl/player:Player_GetNametagSlotID,main/melee/pl/player,function,current,,,,rationale
fact:2eaac72b-e12a-4d77-8b63-26dc7ae4a654,target:function:main/melee/pl/player:Player_SetFacingDirectionConditional,,inferred_type,"Function signature: void (s32 slot, bool suppress, f32 direction). The boolean is a write gate: false permits the update and true suppresses it.","The matched definition fixes the return and parameter types, while its !b guard establishes the boolean's operational domain without requiring a more speculative semantic name for the underlying Fighter flag.",0.99,2026-09-02T02:33:43.573Z,Player_SetFacingDirectionConditional,main/melee/pl/player:Player_SetFacingDirectionConditional,main/melee/pl/player,function,current,,,,rationale
fact:2ed25452-9097-4db8-be95-c7e5e205db67,target:function:main/melee/it/kinds/itparasol:itParasol_Logic13_Spawned,,state_behavior,"On the Spawned lifecycle event, unconditionally resets `xDCE_flag.b7` before invoking `it_8028B17C`; the callback itself contains no guard, branch, or timer.","The complete function is straight-line code, so the flag reset always precedes the helper call. This supports the event ordering and unconditional behavior without assigning an unsupported semantic name to the flag or an unverified state number to the callee.",0.99,2026-09-02T02:59:10.191Z,itParasol_Logic13_Spawned,main/melee/it/kinds/itparasol:itParasol_Logic13_Spawned,main/melee/it/kinds/itparasol,function,current,,,,rationale
fact:301b28d6-667c-4f7f-ac89-c810b28f5a8f,target:function:main/melee/ft/kinds/ftMasterHand/ftmasterhandrockcrush:ftMh_RockCrushUp_Coll,,purpose,"Provides the collision callback for the upward phase of Master Hand's Rock Crush action, intentionally performing no collision-specific processing.","The function is explicitly named as the RockCrushUp collision callback, and its complete current body is empty.",0.97,2026-09-04T22:53:02.243Z,ftMh_RockCrushUp_Coll,main/melee/ft/kinds/ftMasterHand/ftmasterhandrockcrush:ftMh_RockCrushUp_Coll,main/melee/ft/kinds/ftMasterHand/ftmasterhandrockcrush,function,current,,,,rationale
fact:3063c9f1-9f0e-4d4d-88bc-7fecce3efa76,target:function:main/melee/ft/kinds/ftNana/ftnanaspecialhi:ftPp_SpecialHi_4_Anim,,state_behavior,"While this SpecialHi animation has frames remaining, the callback leaves the current action state unchanged. When the animation is exhausted, it requests the common FallSpecial transition, parameterized by Ice Climbers attribute values x130 and x134 for post-move aerial mobility and landing recovery.",The transition call is the function's only state-changing action and is guarded by ftAnim_IsFramesRemaining(gobj) == 0. The corresponding argument positions in the resolved up-special analog are explicitly named as freefall mobility and landing lag.,0.96,2026-09-02T02:54:34.360Z,ftPp_SpecialHi_4_Anim,main/melee/ft/kinds/ftNana/ftnanaspecialhi:ftPp_SpecialHi_4_Anim,main/melee/ft/kinds/ftNana/ftnanaspecialhi,function,current,,,,rationale
fact:30fdeae2-edaf-4f2b-8087-fc4d010c0be8,target:function:main/melee/gm/gm_1A45:gm_GetCurrentSceneEnterData,,data_flow,"Dereferences the globally tracked current-scene record gm_804D6720, reads its enter_data member, and returns that pointer unchanged to the caller.",The refreshed field name is enter_data rather than load_data. The complete body remains a single unchanged transfer from the current GameSceneInfo record to the return value.,0.99,2026-09-04T19:33:17.456Z,gm_GetCurrentSceneEnterData,main/melee/gm/gm_1A45:gm_GetCurrentSceneEnterData,main/melee/gm/gm_1A45,function,current,,,,rationale
fact:31f2a086-fc0f-41d9-b081-abf5ee452c55,target:function:main/melee/it/kinds/itarwinglaser:it_802E85F4,,inferred_type,Item shield-bounce event callback with signature `bool(Item_GObj* gobj)`; it mutates the supplied Arwing laser's `Item` and root `HSD_JObj` in place and unconditionally returns `false`.,"The matched definition directly establishes the Boolean return and single `Item_GObj*` parameter. Its body obtains the associated item and model object, changes their motion, position, history, facing, and rotation fields, and reaches one unconditional false return. The structurally similar Charge Shot routine is explicitly named as a shield-bounce callback.",0.99,2026-09-02T06:43:11.715Z,it_802E85F4,main/melee/it/kinds/itarwinglaser:it_802E85F4,main/melee/it/kinds/itarwinglaser,function,current,,,,rationale
fact:32095ac6-e2ab-40c5-8580-35cbf772b091,target:function:main/melee/pl/player:Player_800353BC,,state_behavior,"This function is observational and performs no transition. It reports true only in stored player state 2 when flags.b0 is set; every other state or a cleared bit reports false. Related player-entity creation code assigns player_state = 2 after creating the primary entity, but the precise semantic name of state 2 and of flags.b0 remains unresolved.","The matched function contains only validation and reads, proving that it does not mutate state. The resolved historical code excerpt independently shows state 2 being assigned after primary player-entity creation and conditionally restored after secondary creation, supporting a connection to an established/created player configuration without justifying a stronger semantic label.",0.86,2026-09-02T05:37:31.057Z,Player_800353BC,main/melee/pl/player:Player_800353BC,main/melee/pl/player,function,current,,,,value
fact:32097218-b08a-4554-bd16-140babc11a71,target:data:main/melee/db/dbitem:.sdata,,inferred_type,"A small initialized-data section containing compiler-placed, NUL-terminated character literals and possibly alignment or other small initialized objects; it is section-level backing storage rather than one authored aggregate with a unified field layout.","The matched source declares the displayed names as individual string literals referenced by writable `char*` tables, while the actual menu state is a separate static structure and the floating-point literal pool belongs to `.sdata2`. This makes a collection of small compiler-placed objects more plausible than interpreting `.sdata` as a single semantic structure.",0.85,2026-09-02T05:20:01.220Z,.sdata,main/melee/db/dbitem:.sdata,main/melee/db/dbitem,data,current,,,,rationale
fact:32fcd84c-6a63-4e57-a02a-f1dd717a82b4,target:function:main/melee/it/kinds/itsonans:itSonans_UnkMotion2_Phys,,game_mapping,"Implements the cleanup and return-to-base portion of Wobbuffet's Counter behavior, ending Sonans motion state 2, clearing its transient item/hitbox configuration, and returning it to motion state 0.","The wiki establishes that Sonans is Wobbuffet and that its Melee behavior is Counter. The matched callback belongs to Sonans motion state 2 and demonstrably runs hitbox-related helpers before returning to state 0, which grounds its role as a phase-ending routine within that Counter behavior, although the surviving code does not recover a semantic name for motion state 2.",0.82,2026-09-02T03:58:08.024Z,itSonans_UnkMotion2_Phys,main/melee/it/kinds/itsonans:itSonans_UnkMotion2_Phys,main/melee/it/kinds/itsonans,function,current,,,,rationale
fact:338b0600-9580-4fb5-87ad-8920b4a03c4f,target:function:main/melee/ft/kinds/ftCrazyHand/ftcrazyhandslam:ftCh_TagCrush_Anim,,game_mapping,"Implements Crazy Hand's animation-expiry boundary for Sandwich Punch, the Master Hand/Crazy Hand combination attack in which both hands punch together; after Crazy Hand's TagCrush animation ends, the callback begins his return to a waiting/positioning phase.","The function belongs to the explicitly named TagCrush state. SmashWiki identifies Sandwich Punch's internal name as tagtsubusu ('tag crush') and describes it as the attack where the two hands punch together, grounding the code state in that game mechanic.",0.95,2026-09-02T00:57:14.935Z,ftCh_TagCrush_Anim,main/melee/ft/kinds/ftCrazyHand/ftcrazyhandslam:ftCh_TagCrush_Anim,main/melee/ft/kinds/ftCrazyHand/ftcrazyhandslam,function,current,,,,rationale
fact:33aa6e83-2469-4270-90e6-5ebb49ca8888,target:function:main/melee/it/kinds/itleadead:itLeadead_UnkMotion7_Coll,,game_mapping,"Implements terrain-contact handling for one grounded action state of Melee's ReDead enemy, including its transition away from that grounded state when it loses floor support.","The function is the collision component of a Leadead state-table entry, and its paired physics callback follows the contacted floor. The gameplay documentation independently identifies the owning actor as Melee's mobile ReDead enemy; the evidence does not justify assigning a more specific attack or recovery name to state 7.",0.91,2026-09-02T03:16:10.731Z,itLeadead_UnkMotion7_Coll,main/melee/it/kinds/itleadead:itLeadead_UnkMotion7_Coll,main/melee/it/kinds/itleadead,function,current,,,,rationale
fact:34191c69-f1ed-4e52-85d1-3d78490f2285,target:data:main/dolphin/dvd/dvdfs:.sbss,,game_mapping,"Provides the persistent runtime state that lets Melee treat its GameCube optical disc as a hierarchy of files and directories: boot-provided FST metadata maps names to disc locations, currentDirectory supports relative navigation, and the shared queue lets synchronous file operations wait for asynchronous drive completion.","Community documentation identifies the FST as the table of filenames and disc offsets, and the platform reference confirms that Melee runs from GameCube optical-disc media. The code stores that FST's base, count, and string table in this section, uses its directory state during path traversal, and uses its queue to synchronize disc operations.",0.96,2026-09-02T05:07:27.087Z,.sbss,main/dolphin/dvd/dvdfs:.sbss,main/dolphin/dvd/dvdfs,data,current,,,,value
fact:34fefe9e-446a-41ba-af25-76d4080438ed,target:function:main/melee/ft/kinds/ftCommon/ftCo_WarpStar:ftCo_WarpStarJump_Coll,,purpose,"Provides the intentionally inert collision callback for the Warp Star jump action state, allowing that state's collision-processing phase to complete without applying fighter collision handling.","The complete matched definition is named as the `WarpStarJump` collision callback but has an empty body. Exact opcode analogs are likewise empty four-byte routines, supporting that the absence of collision work is deliberate rather than an unresolved implementation.",0.96,2026-09-02T03:26:58.270Z,ftCo_WarpStarJump_Coll,main/melee/ft/kinds/ftCommon/ftCo_WarpStar:ftCo_WarpStarJump_Coll,main/melee/ft/kinds/ftCommon/ftCo_WarpStar,function,current,,,,rationale
fact:3523d23c-2ab5-4df7-b3ab-b2eb5a602c01,target:function:main/melee/gm/gmtou_0:gm_80190FE4,,game_mapping,"Realizes the transition from Melee's Name Entry screen back to Tournament Mode setup, assigning an accepted saved player name to the selected tournament entrant while preserving the previous assignment on cancellation.","At the current head, the caller invokes this function specifically while leaving Name Entry in Tournament Mode and distinguishes acceptance from cancellation through its argument. The target applies only a non-sentinel index and restores the Tournament setup display for either outcome, so the mapping remains valid.",0.98,2026-09-05T15:19:06.149Z,gm_80190FE4,main/melee/gm/gmtou_0:gm_80190FE4,main/melee/gm/gmtou_0,function,current,,,,value
fact:36912a96-b31f-4b12-9424-bb69a6eb4bc1,target:function:main/melee/it/kinds/itkusudama:itKusudama_Logic4_Spawned,,game_mapping,"Establishes a newly appeared Melee Party Ball in its initial pre-opening runtime condition, before it can be picked up, thrown, struck, triggered, and made to release its contents.","The internal Kusudama name is explicitly mapped to the Party Ball. The callback initializes its runtime fields at spawn and enters an initial motion state, while the gameplay documentation describes the later pickup, impact, damage-trigger, and content-release behavior for which that initialized object is prepared.",0.95,2026-09-02T02:27:47.640Z,itKusudama_Logic4_Spawned,main/melee/it/kinds/itkusudama:itKusudama_Logic4_Spawned,main/melee/it/kinds/itkusudama,function,current,,,,rationale
fact:38784ab1-452d-4331-9371-a47f02124c36,target:data:main/melee/ty/tydisplay:.data,,data_flow,"Collection initialization passes this section's regional archive names to the archive loader and its panel, background, camera, light, fog, and stand labels to archive public-address lookups. Resolved resources become HSD camera, JObj, LObj, and fog objects. In debug mode, the section's C8C8C8FF color is written to the loaded scene light. The initialized camera descriptors hold eye and interest vectors and perspective parameters as self-contained fallback presentation data.","The current setup paths still route the initialized names and color into scene construction, while the typed perspective descriptor still points to the two initialized world-object vectors.",0.96,2026-09-04T21:28:57.970Z,.data,main/melee/ty/tydisplay:.data,main/melee/ty/tydisplay,data,current,,,,value
fact:392e6c88-8d42-433e-8926-5155571dd2e2,target:function:main/melee/ft/ft_0CD3:ftCo_HarisenSwing_Anim,,game_mapping,"Implements animation synchronization for attacks made while wielding Melee's Fan, whose in-code Japanese name is Harisen.",The function is explicitly the HarisenSwing animation callback and exclusively calls Harisen item routines for the held object. SmashWiki independently identifies Harisen as the Japanese name of the Fan and describes the Fan as a rapid-swinging battering weapon present in Melee.,0.98,2026-09-02T02:30:00.070Z,ftCo_HarisenSwing_Anim,main/melee/ft/ft_0CD3:ftCo_HarisenSwing_Anim,main/melee/ft/ft_0CD3,function,current,,,,value
fact:397f73ce-312c-4a29-b224-355fc28d56f8,target:function:main/melee/it/kinds/itzgshell:it_802DDB38,,game_mapping,"Supplies a recurring model-attached visual effect for the moving Green Koopa Troopa shell, whose Adventure Mode behavior parallels the ordinary Green Shell item.","The function periodically emits an effect using ZGShell-specific attributes and runtime state, and its caller limits that emission to moving-shell motion states. The exact ordinary Green Shell analog has identical effect behavior. SmashWiki independently identifies Green Koopa Troopa shells as carryable and throwable Adventure Mode enemy shells that operate like the Green Shell item; the evidence does not justify assigning a more specific visual name to effect ID 1029.",0.94,2026-09-02T06:01:12.383Z,it_802DDB38,main/melee/it/kinds/itzgshell:it_802DDB38,main/melee/it/kinds/itzgshell,function,current,,,,rationale
fact:3b52b6d8-e2e5-4e36-9f03-be4dff5b71de,target:function:main/melee/ft/ft_0CDF:ftCo_LGunShootAir_IASA,,purpose,"Supplies the intentionally inert IASA callback for the fighter's aerial L-Gun shooting action. It fills the action state's interrupt-processing slot while deliberately performing no input checks, cancellation logic, or state transitions.","The complete matched definition is empty and is named as the aerial L-Gun shooting IASA callback. The adjacent grounded counterpart is likewise empty, while the surrounding aerial animation, physics, and collision callbacks contain the action's actual per-frame behavior.",0.98,2026-09-02T03:54:56.147Z,ftCo_LGunShootAir_IASA,main/melee/ft/ft_0CDF:ftCo_LGunShootAir_IASA,main/melee/ft/ft_0CDF,function,current,,,,rationale
fact:3bbe4766-c8fe-461b-8889-190cca5a2036,target:function:main/melee/gr/grtganon:grTGanon_802248A0,,purpose,Provides the intentionally empty per-frame ground-object process callback for stage object 0 in Ganondorf's Target Test course.,"The current target occupies the same third callback position that Falco's parallel table names as `stageGObj0_GObjProc`, and its complete body remains empty.",0.98,2026-09-04T23:11:38.306Z,grTGanon_802248A0,main/melee/gr/grtganon:grTGanon_802248A0,main/melee/gr/grtganon,function,current,,,,rationale
fact:3c6f6286-b481-4513-8ef5-905e04c6f86d,target:function:main/melee/gr/grkinokoroute:grKinokoRoute_80207B30,,game_mapping,"Installs the fighter detector that supplies Mushroom Kingdom's stage-specific audiovisual feedback when a fighter drops through the route's y = 5.5 boundary, consistent with entry or falling feedback around the stage's non-swimmable water section.","The wrapper belongs to the Kinoko Route controller and installs the callback that detects a downward crossing of y = 5.5 and emits a scaled particle and sound. SmashWiki documents a pool of non-swimmable water on the Mushroom Kingdom route where an unrecovered fall results in a KO. Because the particle generator has no recovered semantic name, the precise presentation as a water-entry effect remains somewhat uncertain.",0.86,2026-09-02T12:24:35.038Z,grKinokoRoute_80207B30,main/melee/gr/grkinokoroute:grKinokoRoute_80207B30,main/melee/gr/grkinokoroute,function,current,,,,rationale
fact:3c7e2838-10c4-4752-9605-6e341e18b146,target:function:main/melee/gm/gm_17AD:fn_8017B7F0,,purpose,Returns a bounded result-screen value for the selected player's finalized MatchEnd standings field at offset 0x8C; the specific gameplay meaning of that field is not yet recovered.,"The matched function indexes MatchEnd.player_standings with its sole argument, reads x8C, and passes the value through gmClampResultStat. The surrounding accessor family confirms that this is one of a sequence of scalar post-match-statistics getters, but neither the field nor its upstream Player getter currently has a semantic name, so the claim remains deliberately field-specific.",0.97,2026-09-02T08:22:28.504Z,fn_8017B7F0,main/melee/gm/gm_17AD:fn_8017B7F0,main/melee/gm/gm_17AD,function,current,,,,rationale
fact:3c92d322-6822-453d-aeb9-6f6799a44a2c,target:function:main/melee/ft/kinds/ftCommon/ftCo_ItemScrew:ftCo_ItemScrewAir_Coll,,purpose,"Serves as the collision callback for the airborne Screw Attack item state, delegating the fighter's environment-collision handling to the shared aerial collision routine.","The function is named as the airborne ItemScrew collision callback and its entire body calls ft_800831CC with the fighter object and two transition callbacks, demonstrating that it is a thin state-specific adapter around shared collision processing.",0.97,2026-09-02T01:07:33.495Z,ftCo_ItemScrewAir_Coll,main/melee/ft/kinds/ftCommon/ftCo_ItemScrew:ftCo_ItemScrewAir_Coll,main/melee/ft/kinds/ftCommon/ftCo_ItemScrew,function,current,,,,rationale
fact:3e50d003-1483-47b1-b725-749b486c63ba,target:function:main/melee/ft/kinds/ftPurin/ftpurinspecials:ftPr_SpecialS_IASA,,purpose,Serves as the grounded Pound action's intentionally inert IASA callback. It preserves the fighter action callback interface while providing no interrupt-processing work for this state.,"The complete matched definition is an empty function named as the grounded `SpecialS` IASA callback. Its body contains no call, branch, read, or write, demonstrating that the callback slot exists but requires no action-specific interrupt processing.",0.98,2026-09-02T01:31:05.294Z,ftPr_SpecialS_IASA,main/melee/ft/kinds/ftPurin/ftpurinspecials:ftPr_SpecialS_IASA,main/melee/ft/kinds/ftPurin/ftpurinspecials,function,current,,,,rationale
fact:3efa82bb-e986-4054-9c72-58803cf2069c,target:function:main/melee/ft/kinds/ftCommon/ftCo_CargoLanding:ftCo_CargoLanding_Phys,,data_flow,"Passes the Fighter_GObj unchanged to ft_80084F3C. That helper obtains the Fighter, reads ground velocity, ground friction, and maximum walking velocity, scales friction by `p_ftCommonData->friction_when_above_walk_speed` when absolute ground speed exceeds the walking maximum, then applies the selected friction and updates grounded movement.","The wrapper forwards its only input unchanged. The drifted helper span at head still performs the same calculation, with the common-data field now carrying the semantic name `friction_when_above_walk_speed`.",0.99,2026-09-04T19:00:22.264Z,ftCo_CargoLanding_Phys,main/melee/ft/kinds/ftCommon/ftCo_CargoLanding:ftCo_CargoLanding_Phys,main/melee/ft/kinds/ftCommon/ftCo_CargoLanding,function,current,,,,rationale
fact:403d6a75-2760-4a71-8dd6-0cba641a3e9e,target:function:main/melee/it/kinds/itnesspkflash:itNesspkflash_Logic102_EvtUnk,,game_mapping,This is an item-event callback in the lifecycle of PK Flash's chargeable projectile object.,"The callback is explicitly attached by name to Ness PK Flash Logic102, while the fighter-side source shows that this unit creates the object retained as Ness's PK Flash projectile. The gameplay source establishes that this object is the chargeable ball of light used by the move.",0.95,2026-09-02T02:52:49.011Z,itNesspkflash_Logic102_EvtUnk,main/melee/it/kinds/itnesspkflash:itNesspkflash_Logic102_EvtUnk,main/melee/it/kinds/itnesspkflash,function,current,,,,rationale
fact:40e48e3d-17aa-4dd6-8657-9a6cb92cdafa,target:function:main/melee/ft/kinds/ftCommon/ftCo_ThrownMewtwo:ftCo_ThrownMewtwoAir_IASA,,purpose,"Serves as the IASA callback for the airborne Mewtwo-specific thrown-fighter state. It intentionally performs no interrupt or action checks, preserving the state table's callback interface without introducing victim-controlled behavior during this phase.","The matched definition is an empty function named as the airborne thrown-state IASA callback. Its placement beside the corresponding Anim, Phys, and Coll callbacks establishes its state-table role, while the empty body proves that it performs no IASA work.",0.99,2026-09-02T01:10:00.930Z,ftCo_ThrownMewtwoAir_IASA,main/melee/ft/kinds/ftCommon/ftCo_ThrownMewtwo:ftCo_ThrownMewtwoAir_IASA,main/melee/ft/kinds/ftCommon/ftCo_ThrownMewtwo,function,current,,,,rationale
fact:421d8ca6-8a29-4309-9551-8423a19ef054,target:function:main/melee/ft/kinds/ftCommon/ftCo_AttackS4:checkItemThrow,,state_behavior,"If no item is held, the helper performs no transition and returns false. With an item, held L/R, item classification 0, classification 3 combined with it_8026B594, or ftCo_800DF21C succeeding starts LightThrowF4 when the requested horizontal direction agrees with current facing and LightThrowB4 otherwise. If that throw guard fails, classification 2 turns the fighter toward the requested direction and calls ftCo_Attack_800CCF58 with mode 2; classification 3 similarly turns the fighter and calls ftCo_Attack_800CDD14. Each dispatched path returns true, while every unhandled classification returns false.",This claim follows the helper's exact nested guard and switch structure without assigning unsupported semantic names to the item classifications or unknown predicates.,0.99,2026-09-02T01:09:47.259Z,checkItemThrow,main/melee/ft/kinds/ftCommon/ftCo_AttackS4:checkItemThrow,main/melee/ft/kinds/ftCommon/ftCo_AttackS4,function,current,,,,rationale
fact:42799b52-4382-417f-b9de-c26ebc0325c8,target:function:main/melee/ft/ftbosslib:ftBossLib_8015C31C,,purpose,"Reports whether Crazy Hand is currently in either of two distinguished motion states, 0x181 or 0x182, so coordinated Hand actions can avoid reinitializing Crazy Hand in that state domain and can terminate active paired phases when he enters it.","The target directly tests Crazy Hand's current motion ID for membership in {0x181, 0x182}. A TagCrush entry routine invokes its Crazy Hand initializer only when this predicate is false, while TagCrush, TagApplaud, and TagRockPaper animation callbacks use a true result as an immediate exit condition. These callers establish its shared guard role without requiring an unsupported semantic name for the two unresolved state IDs.",0.98,2026-09-02T12:10:02.285Z,ftBossLib_8015C31C,main/melee/ft/ftbosslib:ftBossLib_8015C31C,main/melee/ft/ftbosslib,function,current,,,,rationale
fact:43001824-1eef-47c0-a304-ad4f08603a11,target:function:main/melee/ft/kinds/ftGameWatch/ftgamewatchspecialn:ftGw_SpecialN_Anim,,purpose,Serves as the grounded Chef animation callback: it advances the move's Chef-specific loop processing each update and hands the fighter to ft_8008A2BC when the current animation has no frames remaining.,"The complete function body first invokes the Chef-loop helper, then queries whether animation frames remain, and calls ft_8008A2BC only when they do not. This directly establishes its per-update and animation-completion responsibilities without assigning an unsupported semantic name to the final helper.",0.99,2026-09-01T23:45:14.377Z,ftGw_SpecialN_Anim,main/melee/ft/kinds/ftGameWatch/ftgamewatchspecialn:ftGw_SpecialN_Anim,main/melee/ft/kinds/ftGameWatch/ftgamewatchspecialn,function,current,,,,rationale
fact:434154d2-0893-4c26-a0e5-37bc87a6f263,target:function:main/melee/it/kinds/itpatapata:itPatapata_UnkMotion3_Coll,,game_mapping,"Realizes part of the red Koopa Paratroopa's bounded jumping and fluttering movement: environmental contacts turn or rebuild its horizontal travel, while landings launch, reflect, or restart vertical arcs according to the current movement phase.","The code demonstrably maintains repeated horizontal and vertical arcs in response to side contacts and the ground. This matches the Melee trophy's description of Koopa Paratroopas spending their time jumping or fluttering around a small area, while the internal PATAPATA name is directly mapped to the red Koopa Paratroopa.",0.95,2026-09-02T03:19:42.980Z,itPatapata_UnkMotion3_Coll,main/melee/it/kinds/itpatapata:itPatapata_UnkMotion3_Coll,main/melee/it/kinds/itpatapata,function,current,,,,rationale
fact:43d09f64-5895-4b1c-954a-8b68df53467a,,translation_unit:src/melee/if/ifnametag.c,game_mapping,"Implements Melee's overhead player markers and player-name tags: colored 1P–4P, CPU, heart, or nametag marker models identify players, while a human slot with an enabled name profile receives its stored short name as text positioned above the fighter during gameplay.","The current source retains the annotated 1P–4P, CPU, nametag, heart, team-color, and gray marker variants. Its creation and update paths still resolve an eligible human player's stored name and position both the selected marker and name text relative to the fighter, so the mapping remains sound and the drifted citation is refreshed at head.",0.98,2026-09-04T23:12:41.928Z,,,,,,translation_unit,src/melee/if/ifnametag.c,active,value
fact:454d0b1a-2a5e-411e-94f9-bfdb5b30e015,target:function:main/melee/mp/mplib:mpJointSetB10,,purpose,"Marks one indexed stage collision joint with the currently unidentified `CollJoint_B10` property, allowing stage initializers to permanently opt selected collision groups into behavior recognized elsewhere by the collision system.","The current function sets only B10 on the selected joint, and current Kongo, Mute City, and Zebes initializers continue to invoke it for fixed collision groups. No current evidence resolves the property's downstream semantic name.",0.95,2026-09-04T21:23:27.504Z,mpJointSetB10,main/melee/mp/mplib:mpJointSetB10,main/melee/mp/mplib,function,current,,,,rationale
fact:45c5d889-4815-430c-b4ee-d660be99af08,target:function:main/melee/ft/kinds/ftCommon/ftCo_PassiveWall:ftCo_PassiveWall_Anim,,game_mapping,"Implements the release and completion phase of Melee's wall tech and wall tech jump: PassiveWall pushes the fighter away from the wall, while PassiveWallJump supplies the wall-jump launch and can be selected from a queued jump input.",The current code distinguishes PassiveWall and PassiveWallJump and assigns their respective launch behavior. The mechanics documentation identifies those internal names as wall tech and the jump-input wall tech variant.,0.99,2026-09-04T19:05:33.883Z,ftCo_PassiveWall_Anim,main/melee/ft/kinds/ftCommon/ftCo_PassiveWall:ftCo_PassiveWall_Anim,main/melee/ft/kinds/ftCommon/ftCo_PassiveWall,function,current,,,,rationale
fact:461f9eac-9e18-4ff1-ab37-114a67e0b668,target:function:main/melee/if/ifnametag:un_802FD28C,,game_mapping,"Updates Melee's overhead player-identification display for one participant: the marker reflects player number, CPU/team status, or the colored nametag variant, and an eligible human player's selected saved name is refreshed as the text displayed above that fighter during gameplay.",The current selector and refresh routine continue to update both the marker's identification variant and the selected saved-name text.,0.98,2026-09-04T20:21:44.827Z,un_802FD28C,main/melee/if/ifnametag:un_802FD28C,main/melee/if/ifnametag,function,current,,,,value
fact:46228d84-37c9-4d3c-ae74-beda1a234fbd,,translation_unit:src/melee/gr/grshrine.c,game_mapping,"Realizes Melee's Temple stage, whose internal stage name is Shrine.","At the current head, the unit's StageData still selects `Gr_Kind_Shrine` and `/GrSh.dat`, while the current ground-kind declaration explicitly identifies `Gr_Kind_Shrine` as Hyrule Temple.",0.99,2026-09-04T23:06:45.253Z,,,,,,translation_unit,src/melee/gr/grshrine.c,active,value
fact:46facb0f-d66f-4529-9310-d8132c0e1cd0,target:function:main/melee/ft/ftdata:ftData_800858E4,,purpose,Lazily acquires the DAT archive for one fighter costume and caches its required model-joint root plus its optional material-animation joint root for subsequent fighter model construction.,"The complete matched body selects one per-kind, per-costume cache entry and does nothing when its joint is already present. Otherwise it passes the selected DAT filename and public-symbol names to the archive loader, with cache fields as output destinations. The caller invokes it during fighter creation immediately before applying the cached costume joint.",0.99,2026-09-02T08:08:07.488Z,ftData_800858E4,main/melee/ft/ftdata:ftData_800858E4,main/melee/ft/ftdata,function,current,,,,rationale
fact:471a9c29-3237-4b4f-af30-f5f9502087a7,target:function:main/melee/lb/lbcardnew:lb_8001C0F4,,inferred_type,"Asynchronous request-submission function with effective signature int (int channel, const char* first_filename, const char* second_filename, const char* temporary_filename, status-output pointer). Filenames occupy fixed 0x20-byte task fields, and the returned int is the card-task dispatcher status.","The matched signature supplies the channel, three filename pointers, and status storage. Each name is copied into a CardTask filename field with a 0x20-byte bound, and the function directly returns lb_80019CB0(0x10). Its snapshot caller passes two formatted snapshot filenames, a third generated filename, and null status storage.",0.96,2026-09-02T08:02:16.772Z,lb_8001C0F4,main/melee/lb/lbcardnew:lb_8001C0F4,main/melee/lb/lbcardnew,function,current,,,,rationale
fact:48e2df37-fadb-40ad-a3a2-c6d04c5bb523,target:function:main/melee/it/kinds/itclimbersice:it_2725_Logic90_HitShield,,game_mapping,"Implements Ice Shot's projectile ShieldHit response, distinct from the article's separate ShieldBounced event: a sufficiently slow ice block can rebound with reduced velocity and lifetime, while the callback returns the terminal result for a faster block or one whose remaining lifetime falls below the configured threshold.","The code places this callback beside a separate `ShieldBounced` handler, establishing that it represents the ShieldHit route rather than the generic shield-bounce event. Its module and item behavior identify the projectile as the ice block from Ice Shot, which SmashWiki names as the Ice Climbers' neutral special.",0.96,2026-09-02T02:44:32.101Z,it_2725_Logic90_HitShield,main/melee/it/kinds/itclimbersice:it_2725_Logic90_HitShield,main/melee/it/kinds/itclimbersice,function,current,,,,rationale
fact:493fff24-cc36-4009-b50f-14ddb85b7f80,target:function:main/melee/ft/kinds/ftCommon/ftCo_CaptureWaitKirby:ftCo_CaptureWaitKirby_Phys,,purpose,"Serves as the intentionally inert physics callback for the victim's CaptureWaitKirby state. It occupies the state's physics-update slot without applying movement, velocity, or other fighter-state changes while the capture is maintained by the unit's other callbacks.","The complete matched definition is an empty function named as the CaptureWaitKirby physics callback. The same unit's IASA callback performs the actual capture maintenance, mash processing, and release transition, so the empty physics phase is a deliberate no-op rather than the owner of that behavior.",0.98,2026-09-02T03:25:06.578Z,ftCo_CaptureWaitKirby_Phys,main/melee/ft/kinds/ftCommon/ftCo_CaptureWaitKirby:ftCo_CaptureWaitKirby_Phys,main/melee/ft/kinds/ftCommon/ftCo_CaptureWaitKirby,function,current,,,,rationale
fact:4b25b4e0-afab-4ffe-a534-e943a544e523,target:function:main/melee/ft/ft_0CD3:ftCo_HarisenSwing_Phys,,game_mapping,"Runs the per-frame physics portion of the fighter action used to swing the Fan item, whose Japanese name is Harisen.","The matched function is specifically named HarisenSwing_Phys. SmashWiki directly maps Harisen to Fan and documents that Melee's Fan is a rapidly swung weapon, grounding the code action in the visible item mechanic.",0.96,2026-09-02T02:27:44.553Z,ftCo_HarisenSwing_Phys,main/melee/ft/ft_0CD3:ftCo_HarisenSwing_Phys,main/melee/ft/ft_0CD3,function,current,,,,value
fact:4c21fbde-5fd6-49fe-8b30-028b3a109871,target:function:main/melee/ft/kinds/ftKirby/ftkirbyspecialmewtwo:ftKb_SpecialNMt_80107410,,game_mapping,Provides audible progress feedback for charging Kirby's copied version of Mewtwo's Shadow Ball.,"The Kirby helper converts copied-special charge into staged audio cues, and the current corresponding Mewtwo routine is explicitly named as Shadow Ball charge SFX.",0.98,2026-09-04T19:18:18.003Z,ftKb_SpecialNMt_80107410,main/melee/ft/kinds/ftKirby/ftkirbyspecialmewtwo:ftKb_SpecialNMt_80107410,main/melee/ft/kinds/ftKirby/ftkirbyspecialmewtwo,function,current,,,,rationale
fact:4cb94380-f335-4729-9680-a6de784588c1,target:function:main/melee/gr/grtzelda:grTZelda_80224084,,purpose,Performs callback-0 joint-object setup for Zelda's Target Test Ground object 1 by passing that object to `Ground_JObjInline1`.,"The function is the first callback in row 1 of `grTZd_StageCallbacks`. The object factory uses one ID both to select a callback row and to retrieve the corresponding stage GObj, establishing that row 1 belongs to Ground object 1. The complete function then delegates that object to `Ground_JObjInline1`, while the exact grBattle analog is explicitly named as a Ground-object callback 0.",0.97,2026-09-02T06:51:53.886Z,grTZelda_80224084,main/melee/gr/grtzelda:grTZelda_80224084,main/melee/gr/grtzelda,function,current,,,,rationale
fact:4d38882e-d076-432c-a0cb-8fb2ea578185,target:function:main/melee/it/kinds/itluigifireball:itLuigiFireball_Logic89_Clanked,,purpose,Provides Luigi Fireball's item-specific clank-event callback; it performs no custom processing and unconditionally returns true to its caller.,"The recovered function is explicitly named as the Logic89 `Clanked` handler, and its entire body consists of returning true without reading or modifying the item.",0.99,2026-09-02T01:29:10.115Z,itLuigiFireball_Logic89_Clanked,main/melee/it/kinds/itluigifireball:itLuigiFireball_Logic89_Clanked,main/melee/it/kinds/itluigifireball,function,current,,,,rationale
fact:4d8ee18a-4a06-4fbb-99a3-f16e480fdbce,target:function:main/melee/it/kinds/itleadead:it_802E8BCC,,game_mapping,Initializes the item-system actor representing Melee's ReDead enemy before its autonomous Underground Maze behavior begins.,"The code initializes Leadead-specific runtime storage and enters the Leadead actor's initial airborne state. SmashWiki identifies ReDead's Japanese name as Rīdeddo, matching the internal Leadead transliteration, and documents ReDeads as autonomous Adventure Mode enemies in the Underground Maze.",0.97,2026-09-02T06:04:16.246Z,it_802E8BCC,main/melee/it/kinds/itleadead:it_802E8BCC,main/melee/it/kinds/itleadead,function,current,,,,rationale
fact:4f932203-a16a-48c5-9f32-97e3185f3fdd,target:function:main/melee/ft/kinds/ftKoopa/ftkoopaspecialn:ftKp_SpecialNStart_Phys,,inferred_type,Fighter action-state physics callback with signature `void(Fighter_GObj* gobj)`.,"The matched definition explicitly returns `void`, accepts one `Fighter_GObj*`, and is named as the physics callback for the grounded SpecialN startup state.",0.99,2026-09-02T01:26:00.352Z,ftKp_SpecialNStart_Phys,main/melee/ft/kinds/ftKoopa/ftkoopaspecialn:ftKp_SpecialNStart_Phys,main/melee/ft/kinds/ftKoopa/ftkoopaspecialn,function,current,,,,rationale
fact:500afb77-b78f-4b3c-b09a-85890f1f7c03,target:function:main/melee/ft/kinds/ftCommon/ftCo_ThrownKirby:ftCo_ThrownCopyStar_Phys,,data_flow,"Obtains the Fighter from gobj, performs the local physics update, passes that Fighter and ftKb_SpecialN_800F5AD8()'s Kirby-specific tuning value into ftCommon_GrabMash, stores the returned value in fp->mv.co.thrownkirby.x14, then reads fp->grab_timer to decide whether to call ftCo_800BE494(gobj).","This is the explicit input, storage, guard, and dispatch sequence in the matched implementation; the source does not yet establish a more specific semantic name or type for x14 or the special-N getter's returned value.",0.99,2026-09-02T03:54:36.286Z,ftCo_ThrownCopyStar_Phys,main/melee/ft/kinds/ftCommon/ftCo_ThrownKirby:ftCo_ThrownCopyStar_Phys,main/melee/ft/kinds/ftCommon/ftCo_ThrownKirby,function,current,,,,rationale
fact:50b9bf06-4b31-408e-9db1-2ea6dc3d8f74,target:function:main/melee/it/kinds/itmewtwoshadowball:itMewtwoShadowball_Logic101_Absorbed,,purpose,"Provides Shadow Ball's item-side absorption response, unconditionally returning a positive result without performing projectile-specific cleanup, transformation, or state mutation.","The complete matched function is explicitly named as Logic101's absorbed handler and consists solely of returning true. The surrounding interaction family handles reflection separately by changing the projectile's stored direction, confirming that this absorption handler is an acknowledgement rather than a local transformation routine.",0.99,2026-09-02T02:54:19.852Z,itMewtwoShadowball_Logic101_Absorbed,main/melee/it/kinds/itmewtwoshadowball:itMewtwoShadowball_Logic101_Absorbed,main/melee/it/kinds/itmewtwoshadowball,function,current,,,,rationale
fact:5101b4af-b21e-4432-b6bf-e314fa8e3a09,target:function:main/melee/it/kinds/itkamex:itKamex_Logic31_HitShield,,purpose,Provides Kamex Logic31's shield-contact callback. It accepts every invocation by returning true without performing any item update or other side effect.,"The complete function is explicitly named as the Logic31 HitShield handler and consists only of an unconditional true return, establishing both its callback role and its no-op implementation.",0.98,2026-09-02T04:36:28.923Z,itKamex_Logic31_HitShield,main/melee/it/kinds/itkamex:itKamex_Logic31_HitShield,main/melee/it/kinds/itkamex,function,current,,,,rationale
fact:5147ef0b-f6d8-4b76-98d5-89395e3a8cba,target:function:main/melee/it/kinds/ittogepy:itTogepy_UnkMotion1_Coll,,purpose,"Serves as the stage-collision callback for Togepi's internal motion state 1, selecting the appropriate item collision routine according to whether Togepi is currently airborne or grounded.",The function is named as the collision callback for motion 1 and directly branches on Item.ground_or_air before invoking one of two item ground-collision helpers.,0.97,2026-09-02T01:58:30.556Z,itTogepy_UnkMotion1_Coll,main/melee/it/kinds/ittogepy:itTogepy_UnkMotion1_Coll,main/melee/it/kinds/ittogepy,function,current,,,,rationale
fact:53427f7f-e04a-464d-83e2-7c527dcd8612,target:function:main/melee/gr/grlast:grLast_8021C6AC,,data_flow,"Creates six opaque `GXColor` constants and distributes them across the active `GroundParam` palette as follows: `{8C,B4,BE}` to xB8 and xC0; `{96,B4,BE}` to xBC; `{6E,78,8C}` to xC4 and xCC; black to xC8; `{73,A0,91}` to xD0 and xD8; and `{87,A5,A0}` to xD4. The function reads no arguments or stage-local variables.","The target's call order can be mapped directly to the resolved setter bodies, each of which writes one known GroundParam field. This establishes the exact constant-to-field flow without assigning unsupported semantic names to the individual palette slots.",0.99,2026-09-02T07:18:33.857Z,grLast_8021C6AC,main/melee/gr/grlast:grLast_8021C6AC,main/melee/gr/grlast,function,current,,,,rationale
fact:53a546ab-6f19-4605-bb42-a14c686ffb72,target:function:main/melee/ft/kinds/ftCommon/ftCo_ShieldBreakDown:ftCo_ShieldBreakDown_Phys,,purpose,"Serves as the ShieldBreakDown action state's physics callback, delegating the fighter's per-frame physical processing entirely to ft_80084F3C.","The recovered function is explicitly named as the state's Phys callback, and its complete body consists solely of forwarding its fighter object to ft_80084F3C.",0.97,2026-09-02T01:47:49.064Z,ftCo_ShieldBreakDown_Phys,main/melee/ft/kinds/ftCommon/ftCo_ShieldBreakDown:ftCo_ShieldBreakDown_Phys,main/melee/ft/kinds/ftCommon/ftCo_ShieldBreakDown,function,current,,,,rationale
fact:57f8cfd8-20e8-488d-9c49-74ba46e20009,target:function:main/melee/ft/kinds/ftCommon/ftCo_Wait:ftCo_Wait_Anim,,state_behavior,"On each Wait animation callback, a set Fighter.x2224_b2 causes entry into DownSpot. If the flag is clear, no DownSpot transition is requested and the callback instead runs shared wait-animation processing using the fighter's character-specific x24 value.","The source is a direct if/else with DownSpot entry in the true arm and the wait-animation helper in the false arm, proving the mutually exclusive state behavior without requiring an unsupported semantic name for the controlling flag.",0.99,2026-09-01T23:45:06.620Z,ftCo_Wait_Anim,main/melee/ft/kinds/ftCommon/ftCo_Wait:ftCo_Wait_Anim,main/melee/ft/kinds/ftCommon/ftCo_Wait,function,current,,,,rationale
fact:583b4915-159c-499f-8f56-e922c0718e11,target:function:main/melee/mn/mnname:mnName_MainInput,,state_behavior,"Back input sets a five-tick cooldown; from an ordinary saved-name slot it first moves the cursor to special slot 26, while from a special slot it clears the entering-menu state and exits. Confirm also sets a five-tick cooldown. Slot 24 enters name creation only while fewer than 120 persistent names exist, passing the number of valid names to the new-name screen; otherwise it plays an error sound. Slot 25 toggles the sort-order byte, sorts the list, resets its horizontal offset, and redraws when at least one page exists. Slot 26 returns the cursor to slot 0 when pages exist. Confirming a saved-name slot succeeds only when the mapped persistent record is nonempty, after which confirmation state is initialized and a follow-up routine is invoked. Without confirm, shoulder input cyclically changes the horizontal column offset when more than four columns exist, while directional input recalculates the hovered selection and plays a move sound only when it changes.","The current switch cases and non-confirm path retain every stated guard, cooldown, special-slot transition, capacity check, persistent-record validation, sort and scroll update, and directional movement condition.",0.98,2026-09-05T00:23:55.542Z,mnName_MainInput,main/melee/mn/mnname:mnName_MainInput,main/melee/mn/mnname,function,current,,,,value
fact:58670536-2b9f-4c08-91fa-dc9c18e302f0,target:function:main/melee/it/kinds/itgshell:it_8028B8D8,,game_mapping,Supplies a recurring visual effect for the active Green Shell while its motion-state logic maintains the shell that continues moving and remains dangerous after activation.,"The code periodically spawns an effect from Green Shell-specific state during motion IDs 5 and 6. SmashWiki independently describes the Green Shell's activated behavior as continuing forward and dealing damage while sliding, grounding the helper in the item's active-moving presentation without assigning an unsupported visual name to effect ID 1029.",0.9,2026-09-02T05:27:31.840Z,it_8028B8D8,main/melee/it/kinds/itgshell:it_8028B8D8,main/melee/it/kinds/itgshell,function,current,,,,rationale
fact:58b8dab2-2b67-421c-a07d-0872b50911d2,target:function:main/melee/gr/gricemt:stageGObj3_Callback3,,game_mapping,Implements lifecycle handling for a four-object group of auxiliary stage items used by Melee's Icicle Mountain stage; the available evidence does not identify the exact visible platforms or props represented by those four objects.,"Project history explicitly identifies gricemt.c as Icicle Mountain code, while the matched source operates on the stage-specific icemt1 state and sends four retained Item GObjs into the common item subsystem. No resolved source assigns a player-facing name to this particular object group, so the mapping is intentionally bounded.",0.9,2026-09-02T04:07:44.255Z,stageGObj3_Callback3,main/melee/gr/gricemt:stageGObj3_Callback3,main/melee/gr/gricemt,function,current,,,,rationale
fact:59cf615a-ef08-47a4-a740-992e6318961d,target:function:main/melee/ft/kinds/ftCommon/ftCo_Lift:ftCo_LiftTurn_Phys,,data_flow,"Passes the LiftTurn fighter object unchanged to ft_80084F3C. That helper reads the fighter's ground velocity, ground-friction attribute, and maximum walking velocity; when absolute ground speed exceeds the walking maximum, it scales friction by p_ftCommonData->friction_when_above_walk_speed before applying ground friction and ground movement.","The relocated wrapper still performs no local transformation. The current helper source preserves the same input reads, speed guard, friction scaling, and downstream ground-physics calls, while exposing the common-data field's recovered semantic name.",0.99,2026-09-04T19:07:24.419Z,ftCo_LiftTurn_Phys,main/melee/ft/kinds/ftCommon/ftCo_Lift:ftCo_LiftTurn_Phys,main/melee/ft/kinds/ftCommon/ftCo_Lift,function,current,,,,rationale
fact:5b1dca41-772d-4b77-bd49-3bbd65bb0d64,target:function:main/melee/it/kinds/itleadead:itLeadead_UnkMotion17_Phys,,game_mapping,"Implements the gravity component of one airborne ReDead motion, causing the Adventure Mode enemy to accelerate downward while motion 17 is active.","The code identifies the callback as part of the Leadead state machine and directly applies downward acceleration. SmashWiki identifies ReDead's Japanese name as Rīdeddo, supporting the Leadead-to-ReDead mapping, and documents ReDead as a Melee enemy. The available evidence does not establish the specific gameplay trigger for motion 17.",0.9,2026-09-02T03:17:18.808Z,itLeadead_UnkMotion17_Phys,main/melee/it/kinds/itleadead:itLeadead_UnkMotion17_Phys,main/melee/it/kinds/itleadead,function,current,,,,rationale
fact:5b9c8712-f4a4-40ad-961a-de23c778ea1e,target:data:main/melee/gr/ground:.data,,data_flow,"A StageIdPair supplies grkind, which indexes stage_datas to obtain a StageData descriptor. Ground setup passes that descriptor's data1 resource name to the stage-data loader, copies its line-touch and shadow-render callbacks into global stage_info, and later invokes its on_init callback; the preload path likewise reads data1 and performs extra setup for selected ground kinds.","The current initialized registry and setup routines retain the same flow from `StageIdPair.grkind` through `stage_datas` into resource loading, callback publication, preloading, and lifecycle dispatch.",0.99,2026-09-04T20:10:24.670Z,.data,main/melee/gr/ground:.data,main/melee/gr/ground,data,current,,,,value
fact:5c1479f5-70c9-4759-a23c-fb5aefbdb292,target:function:main/melee/it/kinds/itlgun:itLgun_UnkMotion0_Anim,,state_behavior,"Has no guards, timers, or state mutations. Every invocation in motion state 0 deterministically returns false, so this animation callback itself never requests an outcome through a true callback result.",The complete function contains no condition or state access and always returns false. This directly establishes invariant callback behavior without assigning an unsupported semantic name to motion state 0.,0.99,2026-09-02T01:27:38.681Z,itLgun_UnkMotion0_Anim,main/melee/it/kinds/itlgun:itLgun_UnkMotion0_Anim,main/melee/it/kinds/itlgun,function,current,,,,rationale
fact:5c583dda-3198-4ddb-b119-dda34de76575,target:function:main/melee/it/kinds/itmball:itMball_Clanked,,game_mapping,"Realizes the Poké Ball's clanking response: when its active item collision clanks, the ball is made to bounce away from the opposing collision victim.","The code identifies this as the `itMball` clank handler and explicitly calls `itColl_BounceOffVictim`. SmashWiki identifies the Poké Ball's Japanese name as Monster Ball, grounding the `Mball` prefix as the Poké Ball item.",0.94,2026-09-02T01:09:05.755Z,itMball_Clanked,main/melee/it/kinds/itmball:itMball_Clanked,main/melee/it/kinds/itmball,function,current,,,,rationale
fact:5c77c086-e9d3-4aaf-b28b-7b1de2b0b6fa,target:function:main/melee/lb/lbsnap:lbSnap_8001D7B0,,data_flow,"Reads the selected channel's current card result, card-change flag, catalog count, and timestamp fields for two entries. It converts those timestamps to zero-terminated decimal filenames, generates a third decimal timestamp not colliding with any catalog entry, sets the channel result to 8, and forwards the channel and three names to the lower-level filename-exchange task builder; its returned status is forwarded to the caller.","The current routine still formats both selected catalog timestamps, obtains a collision-free third name, updates channel status, and dispatches all three names to the exchange builder.",0.99,2026-09-05T15:26:51.853Z,lbSnap_8001D7B0,main/melee/lb/lbsnap:lbSnap_8001D7B0,main/melee/lb/lbsnap,function,current,,,,value;rationale
fact:5de9801b-8cd1-46f7-901a-d1c8dca86669,target:function:main/melee/it/kinds/itentei:it_802CF3E0,,purpose,"Initializes a newly spawned Entei item by running shared Pokémon setup, clearing all three item-script command variables, applying Entei's first Pokémon special-attribute value through a shared helper, and entering Entei's initial airborne motion state.","The target performs a straight-line initialization sequence: it obtains the Entei Pokémon attributes, invokes common setup, zeroes command variables 0 through 2, passes special attribute x0 to a shared helper, and calls the local state-entry routine. That routine enters airborne state 1. The identically shaped Suicune routine is explicitly named as its Spawned callback, supporting the same role for this Entei function.",0.98,2026-09-02T06:37:33.845Z,it_802CF3E0,main/melee/it/kinds/itentei:it_802CF3E0,main/melee/it/kinds/itentei,function,current,,,,rationale
fact:5dec264e-2df1-4ac4-91fc-deb0fc000cab,target:function:main/melee/gr/grheal:stageGObj4_GObjProc,,purpose,"Supplies the deliberately inert GObj processor callback for HEAL stage ground object 4, satisfying that object's processor slot without performing periodic work.",The complete matched definition is named as ground object 4's GObj processor and has an empty body. Thus its role is to provide a valid callback endpoint while intentionally doing nothing when invoked.,0.98,2026-09-02T03:46:47.521Z,stageGObj4_GObjProc,main/melee/gr/grheal:stageGObj4_GObjProc,main/melee/gr/grheal,function,current,,,,rationale
fact:5deed6fc-b9c3-4e89-8744-c89439185ce0,target:function:main/melee/it/kinds/itgreatfoxlaser:itGreatFoxLaser_Logic27_Absorbed,,purpose,Provides the Great Fox laser projectile's item-side absorbed-event callback. It performs no projectile-specific cleanup or transformation and reports an invariant false result to the item interaction system.,"The complete matched definition is explicitly named as Logic27's absorbed callback and consists only of returning false. Therefore its subsystem role is to supply the projectile-specific absorption disposition, while all substantive handling must occur outside this function.",0.99,2026-09-02T04:17:21.001Z,itGreatFoxLaser_Logic27_Absorbed,main/melee/it/kinds/itgreatfoxlaser:itGreatFoxLaser_Logic27_Absorbed,main/melee/it/kinds/itgreatfoxlaser,function,current,,,,rationale
fact:5e9972e7-ccf8-413b-b1b4-3ee6aa2c2538,target:function:main/melee/it/kinds/itoldkuri:itOldkuri_UnkMotion10_Coll,,game_mapping,Handles collision processing for one state of Melee's Goomba enemy implementation.,The source identifies the object as Old Kuri and the function as its collision callback; SmashWiki identifies Goomba's Japanese name as Kuribō and documents Goombas as active enemies in Melee.,0.88,2026-09-02T02:07:22.280Z,itOldkuri_UnkMotion10_Coll,main/melee/it/kinds/itoldkuri:itOldkuri_UnkMotion10_Coll,main/melee/it/kinds/itoldkuri,function,current,,,,rationale
fact:5ed9748a-882e-46b9-b062-fe6dec8278e9,target:function:main/melee/ft/kinds/ftMasterHand/ftmasterhandtagrockpaper:ftMh_TagRockPaper_Coll,,purpose,"Provides the deliberately inert collision-phase callback for Master Hand's TagRockPaper action state, allowing that callback phase to complete without performing collision processing.",The complete matched definition is named as the TagRockPaper collision callback and has an empty body. This directly establishes that it occupies the action state's collision-callback role while intentionally doing no collision work.,0.97,2026-09-02T00:51:04.119Z,ftMh_TagRockPaper_Coll,main/melee/ft/kinds/ftMasterHand/ftmasterhandtagrockpaper:ftMh_TagRockPaper_Coll,main/melee/ft/kinds/ftMasterHand/ftmasterhandtagrockpaper,function,current,,,,rationale
fact:5f1750a5-8419-4aba-8839-1d22c7f898a0,target:function:main/melee/ft/kinds/ftKirby/ftkirbyspecialn:ftKb_SpecialN_800F5EA8,,inferred_type,Kirby neutral-special capture-completion helper with signature `void(Fighter_GObj* gobj)`. Its argument is Kirby's fighter object; the captured opponent is obtained indirectly from `Fighter.victim_gobj`. It is invoked by an action-state animation callback but is not itself named as a callback.,The relocated definition establishes the void Fighter-GObj signature and indirect victim access; its behavior is a delegated state update rather than a pure query.,0.99,2026-09-04T19:21:24.214Z,ftKb_SpecialN_800F5EA8,main/melee/ft/kinds/ftKirby/ftkirbyspecialn:ftKb_SpecialN_800F5EA8,main/melee/ft/kinds/ftKirby/ftkirbyspecialn,function,current,,,,value
fact:60147230-792d-4dd5-a60d-3bfcb320bac1,target:function:main/melee/gm/gmtou_0:fn_80195CCC,,data_flow,"Reads cursor, page, and active-entrant coordinates from `lbl_804799B8`; reads the number and occupancy of persistent names through `GetNameCount` and `GetNameText`; and reads the tournament entrant count and assignments from `gm_GetTournamentData`. It computes each candidate name as `cursor + page * 4`, writes that index to the current entrant's `x9` preview/selection field, invokes `fn_80190ABC` to refresh affected interface elements, and writes 0xC on successful confirmation or 0xE on cancellation to the caller-owned state word.","Every stage of this flow is explicit in the matched body: menu bytes x2/x3 select the entrant, x5/x6 form the saved-name index, the name APIs bound and validate that index, tournament data supplies the duplicate scan domain, and the resulting index and state codes are written to their downstream consumers.",0.99,2026-09-02T14:00:52.076Z,fn_80195CCC,main/melee/gm/gmtou_0:fn_80195CCC,main/melee/gm/gmtou_0,function,current,,,,value
fact:60533dcb-7de4-45a0-8f8a-d72bd5357f6a,target:function:main/melee/it/kinds/itmball:itMball_OnAccessory,,inferred_type,Item accessory callback with signature `void(Item_GObj* item_gobj)`; it operates on the `Item` owned by the supplied game object.,"The matched definition returns `void`, accepts one `Item_GObj*`, immediately resolves it through `GET_ITEM`, and is named as the Poké Ball's `OnAccessory` callback.",0.99,2026-09-02T01:09:09.716Z,itMball_OnAccessory,main/melee/it/kinds/itmball:itMball_OnAccessory,main/melee/it/kinds/itmball,function,current,,,,rationale
fact:615b41e2-1ba8-47e4-b009-8d0d8bbf0501,target:function:main/melee/ft/ft_0892:ft_800898C0,,game_mapping,"Maps ordinary and special taunt bookkeeping to a match-end performance-bonus condition. In particular, it includes Fox and Falco's once-per-match Corneria Star Fox Smash Taunt and causes qualifying fighters to receive internal bonus decision 0x8B; the available evidence does not conclusively recover that decision's displayed bonus name.","The code identifies the delegated 0x72 action as special AppealS usage, and the surrounding input gate shows that action is stage-specific and globally limited after use. The match-end caller turns the predicate into bonus decision 0x8B. This grounds the function in both taunts and bonuses without assigning an unsupported display name to the internal decision.",0.96,2026-09-02T08:08:44.968Z,ft_800898C0,main/melee/ft/ft_0892:ft_800898C0,main/melee/ft/ft_0892,function,current,,,,rationale
fact:63517f0d-03c6-4912-aac9-90a331d8866c,target:function:main/melee/ft/kinds/ftKirby/ftkirbyspecialpurin:ftKb_PrSpecialN_Anim,,purpose,Advances the animation-side bookkeeping for Kirby's airborne continuation of copied Rollout's direction-change state: it updates the rolling presentation each frame and completes the reversal when the turn countdown expires.,"The target advances scaling and roll orientation, decrements a move-state countdown, and negates the stored horizontal direction when the countdown reaches zero. Its companion physics applies aerial momentum and falling, its collision callback changes to the grounded turn state upon landing, and the byte-identical Jigglypuff counterpart is explicitly named as the airborne start-turn animation callback.",0.98,2026-09-02T01:26:22.341Z,ftKb_PrSpecialN_Anim,main/melee/ft/kinds/ftKirby/ftkirbyspecialpurin:ftKb_PrSpecialN_Anim,main/melee/ft/kinds/ftKirby/ftkirbyspecialpurin,function,current,,,,rationale
fact:63837a71-432c-4966-8768-b8d87c2e66ab,target:function:main/melee/gr/grbattle:grBattle_GObj5_Callback1,,game_mapping,Implements an inactive Boolean hook for Battlefield ground object 5: this part of Battlefield's ground-object logic never reports the callback condition as active.,The function is registered specifically in the GObj5 entry of the Gr_Kind_Battle stage's callback table and always returns false. The stage reference identifies the corresponding game stage as Battlefield; the exact semantic name of the callback condition remains unrecovered.,0.94,2026-09-02T00:55:06.226Z,grBattle_GObj5_Callback1,main/melee/gr/grbattle:grBattle_GObj5_Callback1,main/melee/gr/grbattle,function,current,,,,rationale
fact:63ac7123-0400-4abb-b7af-7ce634cc04dc,target:function:main/melee/ft/kinds/ftCommon/ftCo_CaptureDamageKoopa:ftCo_CaptureDamageKoopa_Coll,,purpose,"Provides the deliberately inactive collision-phase callback for the grounded CaptureDamageKoopa victim state, allowing that state to have a valid callback entry without applying collision-specific processing.","The current complete definition is empty and named as the Coll member of the grounded state family. The surrounding entry and animation functions perform the active state work, demonstrating that this callback exists without local collision processing.",0.98,2026-09-04T18:58:55.305Z,ftCo_CaptureDamageKoopa_Coll,main/melee/ft/kinds/ftCommon/ftCo_CaptureDamageKoopa:ftCo_CaptureDamageKoopa_Coll,main/melee/ft/kinds/ftCommon/ftCo_CaptureDamageKoopa,function,current,,,,rationale
fact:657a9c98-9936-4f06-b4a2-20d10d7b0236,target:data:main/melee/ef/efasync:.data,,data_flow,"For effect dispatch, `gfx_id` selects a destination from the compiler-generated switch tables and transfers control to the corresponding effect-construction case. For resource loading, an effect-bank index selects `efAsync_DatEntries[index]`; its filename is sent to the asynchronous DVD request or preload-aware synchronous archive loader, and its exported-symbol name is used to resolve the particle data table. The resolved particle-bank pointers are supplied to particle initialization, while the synchronous path writes a resolved data address back into the selected entry's third field.","The current dispatch source still routes `gfx_id` through a switch. The current catalog and loader bodies show the selected filename and exported-symbol name flowing through DVD or archive loading, symbol resolution, particle-bank initialization, and the synchronous cache assignment.",0.98,2026-09-04T01:26:14.257Z,.data,main/melee/ef/efasync:.data,main/melee/ef/efasync,data,current,,,,value
fact:66126876-44bd-4d96-a904-1d3e7822bc71,target:function:main/melee/ft/kinds/ftSandbag/ftsandbag:ftSb_Init_OnKnockbackEnter,,purpose,Provides Sandbag's character-specific knockback-entry hook while intentionally performing no additional work when that boundary is reached.,The complete matched definition is explicitly named as Sandbag's knockback-entry hook and has an empty body. This establishes both its interface role and the deliberate absence of character-specific handling.,0.98,2026-09-02T01:34:10.304Z,ftSb_Init_OnKnockbackEnter,main/melee/ft/kinds/ftSandbag/ftsandbag:ftSb_Init_OnKnockbackEnter,main/melee/ft/kinds/ftSandbag/ftsandbag,function,current,,,,rationale
fact:67253f42-6843-42c0-bf13-846052fdbafd,target:data:main/melee/gm/gmtou_0:.sdata,,purpose,"Provides the small literal storage used to identify Tournament Mode setup archives, including the `GmTou1p` and `GmTou2p` archive names consumed when the setup scene is entered.","The accepted reconstruction distinguishes these two short archive names as retained literals, and the current OnEnter body continues to consume the first directly in its archive-loading sequence.",0.84,2026-09-04T19:44:04.400Z,.sdata,main/melee/gm/gmtou_0:.sdata,main/melee/gm/gmtou_0,data,current,,,,rationale
fact:68f287f4-1320-4a08-ab43-6f8a3c474c75,target:function:main/melee/it/it_26B1:it_8026BD84,,game_mapping,"Participates in the terminal ground-slide behavior of Ice Shot by marking the ice projectile when it slows below its configured cutoff, just before the projectile stops and enters its shrinking state. The exact engine-wide meaning of xDCD_flag.b4 is not yet established.",The climbers-ice routine invokes this setter in its low-speed stopping branch and then resets velocity and enters the state whose animation callback shrinks the projectile. SmashWiki independently describes Ice Shot as a ground-sliding ice block that shrinks during travel; the code does not expose enough consumers of b4 to assign the bit a narrower semantic name.,0.93,2026-09-02T07:11:15.315Z,it_8026BD84,main/melee/it/it_26B1:it_8026BD84,main/melee/it/it_26B1,function,current,,,,rationale
fact:6b2e7c82-d879-4a6a-86d8-ebba033338a4,target:function:main/sysdolphin/baselib/class:hsdForgetClassLibrary,,data_flow,"The nullable `library_name` input is normalized to `sysdolphin_base_library`, then compared with the root descriptor's library name after reading the root initialized flag. A root-library request clears `current_hash` and sends `hsdClass` into recursive teardown. Any other name is passed into a scan of the root's direct child list; matching child descriptors and all of their descendants have their callbacks invoked, hierarchy links removed, and initialized flags cleared.","The current implementation preserves the complete selector and teardown flow: it normalizes the input name, checks the root descriptor, invalidates the hash for root teardown, or scans direct children by library name before recursively mutating each selected subtree.",0.99,2026-09-04T21:27:55.464Z,hsdForgetClassLibrary,main/sysdolphin/baselib/class:hsdForgetClassLibrary,main/sysdolphin/baselib/class,function,current,,,,value
fact:6b51d54c-8543-43f9-a6f8-0f1621e8e18c,target:function:main/melee/ft/kinds/ftCommon/ftCo_ThrownKoopa:ftCo_ThrownKoopaF_Anim,,purpose,"Serves as the deliberately empty animation-update callback for the victim's grounded forward Koopa-throw action state, providing the state callback slot without adding per-frame animation logic.","The current source shows an empty function named as the `Anim` callback for `ThrownKoopaF`, immediately followed by that state's IASA, Phys, and Coll callbacks. This establishes both its callback slot and its lack of local animation handling.",0.98,2026-09-04T19:05:38.504Z,ftCo_ThrownKoopaF_Anim,main/melee/ft/kinds/ftCommon/ftCo_ThrownKoopa:ftCo_ThrownKoopaF_Anim,main/melee/ft/kinds/ftCommon/ftCo_ThrownKoopa,function,current,,,,rationale
fact:6c5e32a4-d766-426e-808b-572640401c7e,target:function:main/melee/it/kinds/itnokonoko:itNokonoko_Logic3_DmgReceived,,data_flow,"Obtains the Item from gobj and the Nokonoko special attributes from its article data, copies facing_dir into init_facing_dir, and replaces xC9C with the integer result of adding it_8027CBFC(gobj) to its previous value through floating-point arithmetic. It then reads msid and compares the updated xC9C with da->x0->x0 before forwarding gobj to exactly one of it_802DD78C, it_802DCFBC, or it_802DCCCC.","Every source, field read, mutation, comparison, and downstream consumer in the claim is explicit in the matched body. The unknown semantic name of it_8027CBFC and the destination helpers is deliberately left unstated.",0.99,2026-09-02T03:58:52.768Z,itNokonoko_Logic3_DmgReceived,main/melee/it/kinds/itnokonoko:itNokonoko_Logic3_DmgReceived,main/melee/it/kinds/itnokonoko,function,current,,,,rationale
fact:6e1083cc-0e22-4295-9fbc-d82bad23c51e,target:function:main/melee/it/kinds/itleadead:itLeadead_UnkMotion12_Phys,,game_mapping,"Implements item gravity during airborne portions of two ReDead motion states, causing the enemy's vertical speed to accelerate downward until its collision and state callbacks handle contact with the stage.","The matched code directly applies the standard item fall-acceleration attribute only while Leadead is airborne, and the paired collision callback handles subsequent terrain contact. The ReDead documentation identifies the Leadead actor's gameplay counterpart, but the available evidence does not justify assigning a more specific semantic action name to states 11 or 12.",0.94,2026-09-02T03:15:34.387Z,itLeadead_UnkMotion12_Phys,main/melee/it/kinds/itleadead:itLeadead_UnkMotion12_Phys,main/melee/it/kinds/itleadead,function,current,,,,rationale
fact:6eb28fed-64e3-4a31-b688-b215d3dabd53,target:function:main/melee/if/soundtest:un_802FF7DC,,purpose,"Loads the Sound Test DAT resource, resolves its exported data table, and publishes selected table entries into persistent Sound Test state for later menu and playback use.","The current straight-line loader passes the stored filename and symbol name to `lbArchive_LoadSymbols`, then copies six resolved entries into the subsystem data structure.",0.98,2026-09-04T20:22:41.535Z,un_802FF7DC,main/melee/if/soundtest:un_802FF7DC,main/melee/if/soundtest,function,current,,,,rationale
fact:6fafc1e4-e5f4-43c2-940a-14a5b315c569,target:function:main/dolphin/gx/GXTexture:GXSetTlutRegionCallback,,game_mapping,"Realizes GX's configurable TLUT-region selection mechanism: a renderer can choose which texture-memory region backs each logical palette name when color-indexed texture palettes are loaded, while the GX default callback supplies the normal startup policy.","GXLoadTlut delegates each logical TLUT name to the registered callback and uses the selected region for the hardware palette load. The initialization routine installs a default callback, while this setter allows that allocation policy to be replaced.",0.97,2026-09-02T00:28:54.674Z,GXSetTlutRegionCallback,main/dolphin/gx/GXTexture:GXSetTlutRegionCallback,main/dolphin/gx/GXTexture,function,current,,,,rationale
fact:6ff79b7b-e2b8-4e59-9839-d040e762c80c,target:function:main/melee/ft/kinds/ftKirby/ftkirbyyoshiegg:ftCo_KirbyYoshiEgg_IASA,,purpose,Provides the IASA callback for Kirby's Yoshi Egg capture state while intentionally performing no interrupt or action-transition processing.,"The complete matched definition is named as the `KirbyYoshiEgg` IASA callback, accepts the fighter object expected by a fighter-state callback, and has an empty body. It therefore fills the state callback slot without introducing any IASA-side behavior.",0.98,2026-09-02T04:39:39.872Z,ftCo_KirbyYoshiEgg_IASA,main/melee/ft/kinds/ftKirby/ftkirbyyoshiegg:ftCo_KirbyYoshiEgg_IASA,main/melee/ft/kinds/ftKirby/ftkirbyyoshiegg,function,current,,,,rationale
fact:6ffc3e53-3fde-4171-9f0a-81b3cb409edd,target:function:main/melee/mn/mnname:GetNameCount,,purpose,Counts the valid saved player-name profiles among Melee's 120 possible name IDs.,The current definition exhaustively scans IDs 0 through 119 and increments only for slots accepted by `IsNameValid`.,0.99,2026-09-05T00:27:26.814Z,GetNameCount,main/melee/mn/mnname:GetNameCount,main/melee/mn/mnname,function,current,,,,value
fact:7058bfe1-70fb-4084-87e0-a4d9527c599e,target:function:main/melee/ft/kinds/ftSeak/ftseakspecials:ftSk_SpecialAirSEnd_Phys,,data_flow,"Receives Sheik's fighter GObj and forwards it unchanged to ft_80084EEC. That helper resolves the Fighter, reads `co_attrs.gravity`, `co_attrs.terminal_velocity`, and `co_attrs.aerial_friction`, and supplies them to ftCommon_Fall and ftCommon_ApplyFrictionAir, which update airborne movement in place.","The wrapper performs only argument forwarding. The current helper body identifies the three movement attributes and their consumers, preserving the standing data-flow meaning while updating field names to current source.",0.99,2026-09-04T19:31:32.345Z,ftSk_SpecialAirSEnd_Phys,main/melee/ft/kinds/ftSeak/ftseakspecials:ftSk_SpecialAirSEnd_Phys,main/melee/ft/kinds/ftSeak/ftseakspecials,function,current,,,,rationale
fact:705df8e0-856e-4444-92f3-6b94005d5b03,target:function:main/melee/it/kinds/itsamusgrapple:itSamusgrapple_UnkMotion8_Phys,,inferred_type,A void item physics callback with signature void(Item_GObj* gobj); the value it writes is a function pointer stored in the Samus Grapple Beam ItemVars arm.,"The definition explicitly takes one Item_GObj pointer and returns void. Its sole assignment places a function symbol into unk_10, establishing that the destination is a function-pointer slot even though the field's semantic name remains unknown.",0.98,2026-09-02T04:48:36.469Z,itSamusgrapple_UnkMotion8_Phys,main/melee/it/kinds/itsamusgrapple:itSamusgrapple_UnkMotion8_Phys,main/melee/it/kinds/itsamusgrapple,function,current,,,,rationale
fact:706a28c9-1f6f-410a-ac83-9aedbfc56439,target:function:main/melee/ft/ftdemo:ftDemo_SetArchiveData,,data_flow,"pairs_idx selects the destination ftData_UnkIntPairs entry. When arr_idx is 0 through 3, the requested archive symbol name comes from ftData_803C2468[pairs_idx][arr_idx]; when arr_idx is at least 4, arr_idx - 4 selects motion ID 9, 10, 11, 14, or 15 and ftDemo_GetMotionFileString(pairs_idx, motion_id) produces the symbol name. HSD_ArchiveGetPublicAddress resolves that name against archive, and its pointer result is written to pair->data.","Both control-flow arms end in the same archive resolver and destination assignment, while differing only in how the public symbol name is obtained. The static mapping table makes the five high-selector motion IDs explicit.",0.99,2026-09-01T23:59:13.510Z,ftDemo_SetArchiveData,main/melee/ft/ftdemo:ftDemo_SetArchiveData,main/melee/ft/ftdemo,function,current,,,,rationale
fact:70d2ef08-f8f3-46d5-857d-21c5e31761f2,target:function:main/melee/it/kinds/itclimbersblizzard:itClimbersBlizzard_Clanked,,purpose,Provides Blizzard's clank-event response as an unconditional successful/affirmative callback.,"The matched function is explicitly named as Blizzard's `Clanked` handler and its complete body consists solely of returning `true`, so its role is to answer the clank event affirmatively without performing additional processing.",0.97,2026-09-02T01:23:24.201Z,itClimbersBlizzard_Clanked,main/melee/it/kinds/itclimbersblizzard:itClimbersBlizzard_Clanked,main/melee/it/kinds/itclimbersblizzard,function,current,,,,rationale
fact:70d30972-e259-4c94-818b-8fc91c92487a,target:data:main/sysdolphin/baselib/id:.sdata,,inferred_type,"Aggregate initialized small-data section contribution owned by src/sysdolphin/baselib/id.c, rather than a single semantically named data object.","The target is represented as the unit-level .sdata section, and the historical change explicitly split the shared sdata material into its owning translation units while modifying id.c. This supports classifying the target as id.c's aggregate small-data contribution; the available evidence does not identify a more specific constituent layout or semantic name.",0.94,2026-09-02T04:58:46.543Z,.sdata,main/sysdolphin/baselib/id:.sdata,main/sysdolphin/baselib/id,data,current,,,,rationale
fact:71678619-9a08-4358-91ac-a5f0ae3f706d,target:function:main/melee/it/kinds/itspycloak:itSpycloak_UnkMotion0_Phys,,purpose,Provides the no-op physics callback for Spy Cloak motion state 0. It satisfies that state's physics-update slot while deliberately applying no item-specific physics.,"The complete matched definition is named as the physics callback for motion state 0, accepts an item object, and has an empty body. This directly supports a callback role whose intended state-specific action is to return without doing work.",0.98,2026-09-02T01:11:12.278Z,itSpycloak_UnkMotion0_Phys,main/melee/it/kinds/itspycloak:itSpycloak_UnkMotion0_Phys,main/melee/it/kinds/itspycloak,function,current,,,,rationale
fact:71bdb1fd-e1af-44e1-8e8f-5b88d9e59f25,target:function:main/melee/ft/kinds/ftCommon/ftCo_CaptureWaitKoopa:ftCo_CaptureWaitKoopa_IASA,,purpose,Provides the grounded CaptureWaitKoopa state's IASA callback slot while deliberately performing no input-driven or interrupt-driven action processing.,"The current definition is an empty function named as the grounded state's IASA callback, and its placement beside the active Anim callback and inert Phys and Coll callbacks establishes its callback-slot role.",0.98,2026-09-04T18:59:58.497Z,ftCo_CaptureWaitKoopa_IASA,main/melee/ft/kinds/ftCommon/ftCo_CaptureWaitKoopa:ftCo_CaptureWaitKoopa_IASA,main/melee/ft/kinds/ftCommon/ftCo_CaptureWaitKoopa,function,current,,,,rationale
fact:729d77e9-a15b-4c61-9f73-c04967ae1e95,target:function:main/melee/lb/lbdvd:lbDvd_800178E8,,purpose,Provides the filename-based front end for registering a file with the DVD preload cache: it resolves the supplied asset name to a disc entry number and delegates registration or reprioritization to the entry-number-based routine.,"The current target performs only filename resolution and delegation, while its callee either refreshes an existing registration or creates a new pending entry.",0.98,2026-09-04T21:12:54.247Z,lbDvd_800178E8,main/melee/lb/lbdvd:lbDvd_800178E8,main/melee/lb/lbdvd,function,current,,,,value
fact:73205d41-bdd6-41c7-8a55-e0e58c63ac11,target:function:main/melee/ft/kinds/ftPikachu/ftpikachuspecials:ftPk_SpecialS_ZeroVelocity,,inferred_type,"A fighter successful-damage callback with signature `void(HSD_GObj* gobj)`, operating on the attacking Pikachu represented by the supplied game object.","The definition establishes the exact `void(HSD_GObj*)` signature and resolves the supplied object to a Fighter before mutating its velocity. The identical Luigi counterpart is explicitly named as an `OnGiveDamage` callback, establishing the callback event represented by this shared routine shape.",0.97,2026-09-02T00:11:03.000Z,ftPk_SpecialS_ZeroVelocity,main/melee/ft/kinds/ftPikachu/ftpikachuspecials:ftPk_SpecialS_ZeroVelocity,main/melee/ft/kinds/ftPikachu/ftpikachuspecials,function,current,,,,rationale
fact:741c2ffd-9fcd-462f-8ef5-0b16eb497a24,target:function:main/melee/ft/kinds/ftCommon/ftCo_Run:ftCo_Run_Phys,,data_flow,"Reads the Fighter, its common movement attributes, current ground velocity, controller-derived movement state, and shared common-data constants. getAccelAndTarget produces acceleration and target velocity; the callback may attenuate acceleration using gr_vel / target_vel, writes target_vel multiplied by the common x440 factor to mv.co.run.x4, passes acceleration, target velocity, and ground_friction multiplied by run_dash_turn_friction_multiplier to ftCommon_8007C98C, and then passes the game object to ftCommon_ApplyGroundMovement. Run animation later consumes mv.co.run.x4 when the ground-friction multiplier is below one.",The relocated physics body preserves the calculation and output flow while exposing the current semantic name run_dash_turn_friction_multiplier for the friction factor formerly described by its placeholder field name. The animation callback still consumes x4 under reduced-friction conditions.,0.99,2026-09-04T19:05:51.036Z,ftCo_Run_Phys,main/melee/ft/kinds/ftCommon/ftCo_Run:ftCo_Run_Phys,main/melee/ft/kinds/ftCommon/ftCo_Run,function,current,,,,rationale
fact:770b122c-07bb-404d-aaa5-0e3ff1a9ffbc,target:function:main/melee/it/kinds/itrshell:it_8028CFE0,,game_mapping,Supplies a recurring model-attached visual effect for the Red Shell during the applicable active-motion animation maintenance.,"The function operates exclusively on Red Shell attributes and `ItemVars.rshell`, periodically spawning an effect from the shell's model. Its only caller integrates it into Red Shell animation processing under a motion-ID guard. The exact Green Shell analog confirms that this code shape is shared recurring visual-effect support for moving shell items, although the available evidence does not justify assigning a more specific visual name to effect ID 1029.",0.92,2026-09-02T05:50:51.059Z,it_8028CFE0,main/melee/it/kinds/itrshell:it_8028CFE0,main/melee/it/kinds/itrshell,function,current,,,,rationale
fact:792ccb9a-0c23-40d0-8dfc-fc6d6aac8265,target:function:main/melee/ft/kinds/ftPopo/ftpopo:ftPp_Init_OnLoad,,purpose,"Performs Popo-specific fighter load initialization by enabling an unnamed Fighter flag, installing a fighter-owned copy of the Ice Climbers' special attributes, copying the first character-specific attribute into fp->x40, and preparing the three item resources used by Ice Shot, Blizzard, and Belay's rope.","The complete matched body is straight-line initialization: it writes x2222_b5, invokes PUSH_ATTRS with ftIceClimberAttributes, copies dat_attrs->x0 into fp->x40, and submits all three fighter item resources with identifiers for Ice, Blizzard, and GumStrings. SmashWiki identifies Ice Shot and Blizzard as Ice Climbers specials and identifies their rope-based up special as Belay, whose Japanese name is Rubber Jump, strongly grounding GumStrings as that move's rope resource.",0.97,2026-09-02T02:10:56.632Z,ftPp_Init_OnLoad,main/melee/ft/kinds/ftPopo/ftpopo:ftPp_Init_OnLoad,main/melee/ft/kinds/ftPopo/ftpopo,function,current,,,,rationale
fact:794e4809-a818-4d06-aefc-2ceccda8330b,target:function:main/melee/gr/grtpichu:grTPichu_80222DF0,,purpose,Performs callback-0 joint-object setup for Ground object 1 in Pichu's Target Test stage by delegating the object to `Ground_JObjInline1`.,"The current Pichu table and setup helper identify this as callback slot 0 for Ground object ID 1. Its entire current implementation delegates to `Ground_JObjInline1`, and the identically shaped Battle-stage analogue is explicitly named as a Ground-object Callback0.",0.97,2026-09-04T23:11:58.992Z,grTPichu_80222DF0,main/melee/gr/grtpichu:grTPichu_80222DF0,main/melee/gr/grtpichu,function,current,,,,rationale
fact:7ac4e598-8ebc-42f7-b83f-40dc1f380b2b,target:function:main/melee/ft/kinds/ftSeak/ftseakspecialhi:ftSk_SpecialHiStart_1_IASA,,purpose,"Supplies the intentionally empty interrupt-processing callback for Sheik's grounded SpecialHi Start_1 travel state, allowing the action-state callback table to invoke an IASA handler without performing any state-specific interrupt work.","The complete definition is an empty function named as the grounded Start_1 IASA callback. Its placement beside the grounded and aerial Start_1 animation, physics, and collision handlers establishes its action-state role, while the empty body proves that this state requires no IASA-side processing.",0.98,2026-09-02T03:22:12.676Z,ftSk_SpecialHiStart_1_IASA,main/melee/ft/kinds/ftSeak/ftseakspecialhi:ftSk_SpecialHiStart_1_IASA,main/melee/ft/kinds/ftSeak/ftseakspecialhi,function,current,,,,rationale
fact:7aeaee5d-27d5-44ba-bbfe-9e1abd133eca,target:function:main/melee/it/kinds/itleadead:itLeadead_UnkMotion1_Coll,,data_flow,"Receives the ReDead's Item_GObj and passes it, together with it_802E9308 as a support-loss callback, to it_8026D62C. The collision helper refreshes CollData, copies its current position into the Item, and records the floor index when supported; when unsupported, it detaches the item from the floor and invokes it_802E9308. That callback clears Leadead field x48, scales horizontal velocity by attribute xC, and requests item state 10. The collision callback finally forwards the constant-false result of it_8027C794.","Reading the target with both direct callees and the supplied transition callback establishes the complete input, mutation, callback, and return-value flow without assigning unsupported semantic names to x48 or attribute xC.",0.98,2026-09-02T03:15:36.514Z,itLeadead_UnkMotion1_Coll,main/melee/it/kinds/itleadead:itLeadead_UnkMotion1_Coll,main/melee/it/kinds/itleadead,function,current,,,,rationale
fact:7b3e4abf-28cb-417a-8194-909fc23fec81,target:function:main/melee/ft/kinds/ftCommon/ftCo_ItemScopeStart:ftCo_ItemScopeStart_Phys,,inferred_type,Grounded fighter action-state physics callback with signature `void(Fighter_GObj* gobj)`. It mutates the fighter's grounded movement state through delegated routines and returns no status or computed value.,The relocated definition supplies the exact return and parameter types and is named as the ItemScopeStart physics callback. Its forwarding chain terminates in friction and grounded-movement operations on the fighter.,0.99,2026-09-04T19:05:10.455Z,ftCo_ItemScopeStart_Phys,main/melee/ft/kinds/ftCommon/ftCo_ItemScopeStart:ftCo_ItemScopeStart_Phys,main/melee/ft/kinds/ftCommon/ftCo_ItemScopeStart,function,current,,,,rationale
fact:7b9eb8c9-3dd4-4d34-97f4-5be944bdab27,target:function:main/melee/pl/player:Player_80036DD8,,data_flow,"Passes the fixed PdPm.dat filename and plLoadCommonData symbol name to lbArchive_LoadSymbols, receives the resolved export through a local pointer-table address, and publishes entry 0 through the persistent player-common-data global pl_804D6470.","The current target directly establishes the archive name, public-symbol name, output storage, pointer-table dereference, and destination global.",0.99,2026-09-04T21:24:54.852Z,Player_80036DD8,main/melee/pl/player:Player_80036DD8,main/melee/pl/player,function,current,,,,value
fact:7c55c47b-c61f-4118-b133-9ab967757576,target:function:main/melee/ft/kinds/ftKirby/ftkirbyspecialmewtwo:ftKb_SpecialNMt_80107638,,purpose,"Enters and initializes the aerial startup state for Kirby's copied Mewtwo Shadow Ball, preparing command variables, callbacks, move-local charge bookkeeping, aerial momentum, and animation processing for the subsequent charging or release states.","The current Kirby function selects the aerial Start state, clears command variables, installs copied-special callbacks, initializes move-local fields, halves vertical velocity, and starts animation processing. Mewtwo's corresponding current routine is explicitly documented and named as the aerial Shadow Ball Start entry action.",0.98,2026-09-04T19:12:22.335Z,ftKb_SpecialNMt_80107638,main/melee/ft/kinds/ftKirby/ftkirbyspecialmewtwo:ftKb_SpecialNMt_80107638,main/melee/ft/kinds/ftKirby/ftkirbyspecialmewtwo,function,current,,,,rationale
fact:7e0f31e6-21b3-4a6f-8e72-009d014e4ca1,target:function:main/melee/gr/grvenom:grVenom_802052D8,,state_behavior,"Has no guards, timers, or state transitions and deterministically returns false on every invocation. It therefore never signals the true condition represented by this StageCallbacks slot for the associated Venom aircraft Ground object.","The complete implementation contains no branch or state access and returns false unconditionally. Its fixed position in the aircraft object's callback row establishes the lifecycle context in which that invariant result is consumed, although the callback slot's more specific semantic name is not yet recovered.",0.98,2026-09-02T12:07:20.270Z,grVenom_802052D8,main/melee/gr/grvenom:grVenom_802052D8,main/melee/gr/grvenom,function,current,,,,rationale
fact:7ea5b442-bb50-4dbe-a699-1b061e0f4fd8,target:function:main/melee/if/ifall:ifAll_GetHUDGObj,,game_mapping,Supports Melee's in-match HUD by exposing the common HUD object to auxiliary interface displays; the demonstrated consumer uses it while constructing per-player numeric text positioned at player HUD coordinates.,"The returned object is explicitly identified by the recovered interface name as the HUD GObj. The caller uses it to initialize SisLib text resources, and the surrounding code places those resources using `ifAll_GetPlayerHUDPosition`, grounding the accessor in the on-screen player HUD rather than an unrelated object system.",0.97,2026-09-02T04:25:59.451Z,ifAll_GetHUDGObj,main/melee/if/ifall:ifAll_GetHUDGObj,main/melee/if/ifall,function,current,,,,rationale
fact:7ecba96c-97e0-42d8-966c-d89e67fac3ef,target:function:main/melee/it/kinds/itbox:itBox_UnkMotion6_Phys,,game_mapping,"Represents an inert per-frame physics stage for one Crate item state: the Crate remains subject to whatever behavior is handled by the surrounding item-state machinery, but this callback adds no motion or mechanic of its own.","The debug-name evidence maps Box to Crate, and the complete function body proves that this state's physical callback contributes no direct physics operation. The claim is limited to the callback's own absence of effect rather than assigning an unsupported semantic name to motion state 6.",0.92,2026-09-02T02:02:05.293Z,itBox_UnkMotion6_Phys,main/melee/it/kinds/itbox:itBox_UnkMotion6_Phys,main/melee/it/kinds/itbox,function,current,,,,rationale
fact:7fb7e4f2-8524-4b6b-922f-c3f73719406b,target:data:main/melee/ft/kinds/ftZelda/ftzelda:.data,,data_flow,"Each motion-state record associates a Zelda submotion and move flag domain with a packed special-move ID and Zelda-specific animation, IASA, physics, collision, and camera callbacks. The remaining records expose the base fighter archive and data name, five color-specific costume archives with joint and material-animation joint names, the animation archive, and four demo-motion resource names to fighter resource-loading systems.","The table initializers explicitly place submotion IDs, flags, move IDs, and callback addresses into each MotionState record. The subsequent typed resource descriptors explicitly group each costume archive with its joint resources and collect the four demo-motion names.",0.97,2026-09-02T05:16:39.680Z,.data,main/melee/ft/kinds/ftZelda/ftzelda:.data,main/melee/ft/kinds/ftZelda/ftzelda,data,current,,,,value
fact:7fe75dc1-1f0e-4fef-9314-ccd3441c2aa4,target:data:main/melee/gm/gmtou_0:.sdata,,data_flow,The setup scene's OnEnter callback reads the `GmTou1p` and `GmTou2p` strings from this literal payload and supplies them to `lbArchive_80016DBC`; the loader returns archive handles and resolves the archives' scene descriptors into the unit's setup-resource globals.,"The accepted reconstruction confirms both short names as literal inputs to the entry routine, while the current source shows the first loader call assigning its archive handle and scene descriptor.",0.86,2026-09-04T19:44:04.400Z,.sdata,main/melee/gm/gmtou_0:.sdata,main/melee/gm/gmtou_0,data,current,,,,rationale
fact:8065ce98-f165-4603-8cc0-d5e75c70c1db,target:function:main/melee/ft/kinds/ftKirby/ftkirbyspecialdonkey:ftKb_SpecialNDk_800FF8EC,,purpose,"Begins Kirby's grounded copied Giant Punch action by selecting either the fully charged punch or the charging startup from Kirby's stored arm-swing count, initializing the move's local control fields, stopping vertical movement, and installing its damage, death, effect-hitlag, and animation callbacks.","The function compares Kirby's persistent Donkey-special charge with the configured full-charge threshold, enters `ftKb_MS_DkSpecialNFull` or `ftKb_MS_DkSpecialNStart`, initializes all command and move-local fields, zeroes vertical velocity, and installs the callbacks needed by the action. Its very close Donkey Kong analog performs the same work and is explicitly named as the grounded SpecialN entry function.",0.99,2026-09-02T05:08:19.378Z,ftKb_SpecialNDk_800FF8EC,main/melee/ft/kinds/ftKirby/ftkirbyspecialdonkey:ftKb_SpecialNDk_800FF8EC,main/melee/ft/kinds/ftKirby/ftkirbyspecialdonkey,function,current,,,,rationale
fact:81049c85-a108-4dd8-a638-3709b2450686,target:function:main/melee/gm/gmtou_0:fn_8019249C,,game_mapping,Realizes the two-way name-source choice in Melee's Tournament Mode entrant setup: create a new player name or assign an existing saved name to the current tournament entrant.,"The active-state handler explicitly sends state 0xD to the name-creation interface and state 0xE to the saved-name selection grid, while the target renders the animated two-choice selector for exactly those states. SmashWiki independently identifies the containing player-visible feature as Melee's Tournament Mode.",0.98,2026-09-02T15:39:49.432Z,fn_8019249C,main/melee/gm/gmtou_0:fn_8019249C,main/melee/gm/gmtou_0,function,current,,,,value
fact:81b06c72-acf1-4fdb-9c23-80a3699a7e78,target:function:main/melee/ft/kinds/ftFox/ftfoxappeals:ftFx_AppealS_CheckInput,,game_mapping,"Recognizes activation of the Star Fox Smash Taunt, the secret Fox/Falco taunt available on Corneria or Venom after a one-frame down-D-pad tap.","The implementation's Fox/Falco restriction, Corneria-stage helper, down-D-pad test, one-valued fighter guard, and AppealS transition align closely with SmashWiki's independent description of the Star Fox Smash Taunt's eligible characters, stages, and exact one-frame input. The evidence supports the mechanic mapping without requiring an unsupported semantic name for `x682`.",0.96,2026-09-01T23:59:20.073Z,ftFx_AppealS_CheckInput,main/melee/ft/kinds/ftFox/ftfoxappeals:ftFx_AppealS_CheckInput,main/melee/ft/kinds/ftFox/ftfoxappeals,function,current,,,,rationale
fact:844261f4-b5ce-4c94-a4e9-d89712811538,target:function:main/melee/ft/kinds/ftCommon/ftCo_StopCeil:ftCo_8009EFA4,,game_mapping,"Implements entry into the ordinary ceiling-impact stop response: the fighter is placed against the overhead surface and loses upward motion before the StopCeil animation runs and eventually returns to Fall. This is distinct from a successful ceiling tech, whose internal action name is `PassiveCeil` and which requires a shield input before ceiling impact while in hitstun.","The complete StopCeil unit shows ceiling-hug contact invoking this routine, this routine entering StopCeil and cancelling motion, and the state's animation callback later entering Fall. SmashWiki separately identifies the shield-timed ceiling-tech action as `PassiveCeil`, supporting the distinction from this ordinary StopCeil response.",0.95,2026-09-02T06:10:33.077Z,ftCo_8009EFA4,main/melee/ft/kinds/ftCommon/ftCo_StopCeil:ftCo_8009EFA4,main/melee/ft/kinds/ftCommon/ftCo_StopCeil,function,current,,,,value
fact:8538d7e8-43ac-4ac3-a403-8aa9cc0567cb,target:function:main/melee/ft/kinds/ftKirby/ftkirby:ftKb_Init_UnkDemoCallbacks0,,game_mapping,Realizes Kirby's character-specific fighter-demo animation selection for higher demo slots by translating demo modes 11–13 into motion-state range 14–16 and mode 14 into motion state 17. The available evidence does not identify the particular on-screen presentation represented by these modes.,"Generic fighter-demo code dispatches through a callback table indexed by fighter kind and uses the returned pair to prepare demo motion states. Kirby's matched callback supplies the concrete Kirby-specific mappings, but no resolved source or archival discussion assigns human-facing presentation names to modes 11–14.",0.91,2026-09-02T13:06:10.158Z,ftKb_Init_UnkDemoCallbacks0,main/melee/ft/kinds/ftKirby/ftkirby:ftKb_Init_UnkDemoCallbacks0,main/melee/ft/kinds/ftKirby/ftkirby,function,current,,,,rationale
fact:856af956-980e-43d7-abe3-9950c993716e,target:function:main/melee/ft/kinds/ftPurin/ftpurinspeciallw:ftPr_SpecialAirLw_IASA,,purpose,Provides the airborne Rest action state's intentionally inert IASA callback. The action exposes an IASA-stage handler to the fighter state system but permits no input-driven interrupt or other per-frame IASA work through this callback.,"The complete matched definition is an empty function named as the airborne SpecialLw IASA handler. Exact opseq analogs are likewise four-byte empty functions, confirming that the machine-code shape represents an immediate no-op return rather than omitted logic.",0.98,2026-09-02T01:33:03.476Z,ftPr_SpecialAirLw_IASA,main/melee/ft/kinds/ftPurin/ftpurinspeciallw:ftPr_SpecialAirLw_IASA,main/melee/ft/kinds/ftPurin/ftpurinspeciallw,function,current,,,,rationale
fact:85f4c003-162d-41ea-931f-7a9e379a0864,target:function:main/melee/it/kinds/ittarucann:itTarucann_UnkMotion7_Anim,,game_mapping,"Performs item-side state maintenance during one currently unidentified Barrel Cannon motion state. The evidence establishes its membership in the Barrel Cannon mechanic but does not establish whether motion 7 specifically represents capture, aiming, firing, rolling, or another visible phase.","The source identifier and debug-menu mapping firmly associate `Tarucann` with the Barrel Cannon, and the function is explicitly the animation callback for numbered motion 7. Neither the body nor the available mechanic description identifies the semantic name of that numbered state, so the mapping is intentionally limited to the supported subsystem-level claim.",0.9,2026-09-02T02:51:02.117Z,itTarucann_UnkMotion7_Anim,main/melee/it/kinds/ittarucann:itTarucann_UnkMotion7_Anim,main/melee/it/kinds/ittarucann,function,current,,,,rationale
fact:862c9697-521d-4b29-835f-724d791ae1c4,target:function:main/melee/ft/kinds/ftPopo/ftpopospecialn:ftPp_SpecialN_IASA,,purpose,"Provides the grounded Ice Shot action's IASA callback as an intentional no-op, so this callback contributes no move-specific input checks or cancellation transitions.",The complete matched function is named as the grounded `SpecialN` IASA callback but has an empty body. It therefore occupies the action's interruptibility callback slot while deliberately performing no transition processing.,0.97,2026-09-02T01:06:13.596Z,ftPp_SpecialN_IASA,main/melee/ft/kinds/ftPopo/ftpopospecialn:ftPp_SpecialN_IASA,main/melee/ft/kinds/ftPopo/ftpopospecialn,function,current,,,,rationale
fact:88cac1b4-1bbf-4d4d-a1e8-138c36df5969,target:function:main/melee/ft/kinds/ftCommon/ftCo_SpecialS:ftCo_SpecialS_CheckInput,,data_flow,"Obtains the Fighter from gobj->user_data, uses fp->kind to test ftData_SpecialS availability, reads fp->x688 as the entry gate, and compares left-stick X multiplied by facing direction against the negated common threshold x220. A qualifying backward-stick comparison sends the Fighter to ftCommon_UpdateFacing; accepted control then passes the original Fighter_GObj to doEnter and produces true.","Every input read, comparison, callee argument, and return value is explicit in the matched body, allowing the accepted and rejected data paths to be traced without assigning an unsupported semantic name to x688.",0.99,2026-09-02T00:24:05.126Z,ftCo_SpecialS_CheckInput,main/melee/ft/kinds/ftCommon/ftCo_SpecialS:ftCo_SpecialS_CheckInput,main/melee/ft/kinds/ftCommon/ftCo_SpecialS,function,current,,,,rationale
fact:8944942b-c54e-4682-9cfc-ce9306e5dd52,target:function:main/dolphin/card/CARDBios:__CARDDefaultApiCallback,,purpose,"Serves as the CARD subsystem's default no-op API callback, satisfying the memory-card callback interface when no completion-specific work is required.","The function is explicitly named as the default CARD API callback, has the same two-argument signature as CARDCallback, and has an empty body. Together these show that its role is to provide a valid callback endpoint while deliberately performing no operation-specific completion handling.",0.98,2026-09-02T00:41:50.502Z,__CARDDefaultApiCallback,main/dolphin/card/CARDBios:__CARDDefaultApiCallback,main/dolphin/card/CARDBios,function,current,,,,rationale
fact:8953388b-20d3-494d-ad20-25a5b395c2cf,target:function:main/melee/mn/mnname:GetNameText,,game_mapping,Exposes entered Melee nametags from persistent name slots for menu and gameplay systems that need to display or process a player's managed name.,"The code returns text stored in an occupied persistent name record. SmashWiki identifies these names as entries created and managed through Melee's Name Entry feature, establishing the game-facing meaning of the retrieved text.",0.95,2026-09-02T13:04:39.682Z,GetNameText,main/melee/mn/mnname:GetNameText,main/melee/mn/mnname,function,current,,,,rationale
fact:8a29face-0ac2-4c65-ab6a-1d766a00a64f,target:function:main/melee/gr/grinishie2:grInishie2_801FD018,,game_mapping,"Implements the initial scheduling step for two recurring temporary map-object cycles on Melee's Mushroom Kingdom II stage, associated with the stage's collision joints 12 and 13.","The module's `Gr_Kind_Inishie2` descriptor and `/GrI2.dat` asset identify Mushroom Kingdom II, whose Japanese name is `Inishie no Ōkoku II`. Within that stage controller, the target initializes the timers whose expiration creates map objects 3 and 4 and activates collision joints 12 and 13. The evidence does not securely identify the objects' visual characters, so the mapping remains at the demonstrated stage-mechanic level.",0.94,2026-09-02T08:04:08.405Z,grInishie2_801FD018,main/melee/gr/grinishie2:grInishie2_801FD018,main/melee/gr/grinishie2,function,current,,,,rationale
fact:8b08389b-3abf-4bf0-9a5a-b988c878883f,target:function:main/melee/ft/kinds/ftZelda/ftzeldaspecialhi:ftZd_SpecialHiStart_1_Anim,,inferred_type,"Fighter action-state animation callback with signature void(HSD_GObj*); its argument is Zelda's fighter game object, from which it obtains the associated Fighter and SpecialHi move state.","The matched definition directly supplies the void(HSD_GObj*) signature, uses GET_FIGHTER on the argument, and is named as an Anim callback.",0.99,2026-09-02T03:12:40.276Z,ftZd_SpecialHiStart_1_Anim,main/melee/ft/kinds/ftZelda/ftzeldaspecialhi:ftZd_SpecialHiStart_1_Anim,main/melee/ft/kinds/ftZelda/ftzeldaspecialhi,function,current,,,,rationale
fact:8cb66f8f-9919-466d-b600-7d5352699754,target:function:main/melee/it/kinds/itstarrod:itStarRod_Logic22_HitShield,,game_mapping,Realizes the Star Rod's item-shield-hit response for the two motion states in which contact should make the item bounce away from the struck victim.,"The callback is explicitly the Star Rod's HitShield handler, and its guarded call to the shared bounce-off-victim helper grounds the resulting in-game response without assigning unsupported semantic names to motion states 3 and 4.",0.96,2026-09-02T01:17:21.348Z,itStarRod_Logic22_HitShield,main/melee/it/kinds/itstarrod:itStarRod_Logic22_HitShield,main/melee/it/kinds/itstarrod,function,current,,,,rationale
fact:8ed06a30-5058-4210-a078-726f122eb826,target:function:main/melee/ft/kinds/ftYoshi/ftyoshispecials:ftYs_SpecialAirSLoop_3_Anim,,state_behavior,"Each frame advances the loop state's hit-capsule and rolling presentation. Counter xC increments continuously; once it reaches attribute xDC, capsule 0 is enabled, and the guard succeeds, capsule x4 alternates between 0 and 1 and xC resets. Independently, countdown x0 decreases once per frame. When x0 reaches zero or below, it is clamped to zero and ftYs_SpecialS_8012F0DC is called with arguments 1, 0x440012, and 0.0F to leave this timed loop state.",The source contains two explicit state guards: an enabled-capsule interval guard around xC and a terminal countdown guard around x0. The exact helper arguments are preserved without speculating about the destination state's unrecovered semantic name.,0.99,2026-09-02T01:37:32.735Z,ftYs_SpecialAirSLoop_3_Anim,main/melee/ft/kinds/ftYoshi/ftyoshispecials:ftYs_SpecialAirSLoop_3_Anim,main/melee/ft/kinds/ftYoshi/ftyoshispecials,function,current,,,,rationale
fact:8f74e757-7c10-433d-b923-9ea844e0f358,target:function:main/dolphin/gx/GXTexture:GXInitTexObjCI,,data_flow,"The destination object, image pointer, dimensions, format, wrap modes, and mipmap flag first flow unchanged into GXInitTexObj, which produces the base packed texture descriptor. GXInitTexObjCI then clears descriptor flag bit 1 and copies tlut_name into the descriptor; when the object is loaded, that name is passed to the GX TLUT-region callback and the returned region supplies the palette register emitted for the selected texture-map slot.","The wrapper's complete body exposes the first two transformations directly. GXLoadTexObjPreLoaded supplies the downstream consumer: it branches on the cleared flag, invokes the callback with t->tlutName, assigns the slot-specific TLUT register ID, and emits the resulting register word.",0.99,2026-09-02T00:28:10.480Z,GXInitTexObjCI,main/dolphin/gx/GXTexture:GXInitTexObjCI,main/dolphin/gx/GXTexture,function,current,,,,value
fact:8fae00ac-d809-4bae-b43a-8e759e850403,target:function:main/melee/it/kinds/itraikou:it_802CF814,,purpose,"Initializes a newly spawned Raikou item by running shared Pokémon setup, clearing all three item-script command variables, applying the first Raikou special-attribute value through a shared helper, and entering Raikou's initial airborne appearance state.","The complete callback directly performs the shared setup call, three command-variable resets, and attribute-dependent setup. Its final local callee enters airborne state 1, while the byte-identical Suicune analog is explicitly named as a Spawned callback and performs the same initialization sequence.",0.98,2026-09-02T06:37:43.935Z,it_802CF814,main/melee/it/kinds/itraikou:it_802CF814,main/melee/it/kinds/itraikou,function,current,,,,rationale
fact:8ffb9a56-47c9-4016-bc7c-d29d62a0ad67,target:function:main/melee/gr/grtyoshi:grTYoshi_80223DA0,,purpose,Runs the shared ground joint-object initialization helper for ground-object ID 1 of Yoshi's Target Test course when that object's callback-0 slot is invoked.,"The function occupies callback slot 0 in the second grTYs_StageCallbacks record, and the unit's factory indexes that array directly by ground-object ID, making this the callback-0 routine for ID 1. Its complete body performs only Ground_JObjInline1 on the supplied object. An exact-opseq analog is explicitly named as the equivalent callback-0 routine for a numbered ground object.",0.97,2026-09-02T06:50:56.062Z,grTYoshi_80223DA0,main/melee/gr/grtyoshi:grTYoshi_80223DA0,main/melee/gr/grtyoshi,function,current,,,,rationale
fact:905fb965-6197-4ffc-8bbd-0d78bec81215,target:function:main/melee/gr/grizumi:grIzumi_801CC358,,game_mapping,Implements the changing-height and temporary-disappearance behavior of a side platform on Melee's Fountain of Dreams stage.,"The code registers the callback under `Gr_Kind_Izumi` and demonstrably changes a platform's height and visibility. Archived decompilation discussion identifies `grIzumi` as Fountain of Dreams, while SmashWiki identifies the Melee stage as Fountain of Dreams and gives its Japanese name as `Yume no Izumi`, confirming the stage-name mapping.",0.98,2026-09-02T07:41:55.328Z,grIzumi_801CC358,main/melee/gr/grizumi:grIzumi_801CC358,main/melee/gr/grizumi,function,current,,,,rationale
fact:91af3051-2a1d-445d-b59b-411042154752,target:function:main/melee/it/kinds/itmarumine:itMarumine_UnkMotion4_Coll,,game_mapping,Implements the terrain-contact termination of one airborne Electrode state within the Pokémon's Poké Ball summon lifecycle.,"The internal Marumine name is explicitly mapped to Electrode by the debug-name table. The code places this callback beside falling physics and routes accepted terrain contacts to the object's hidden terminal state. Although the wiki confirms that Electrode can be picked up and thrown near detonation, the available code does not securely identify motion state 4 as one particular pickup or throw substate, so the mapping is kept at the supported airborne-contact level.",0.91,2026-09-02T04:00:34.452Z,itMarumine_UnkMotion4_Coll,main/melee/it/kinds/itmarumine:itMarumine_UnkMotion4_Coll,main/melee/it/kinds/itmarumine,function,current,,,,rationale
fact:924e9575-dd19-4d4b-a8a5-c75b32a75a50,target:function:main/melee/ft/ftdemo:ftDemo_SetArchiveData,,game_mapping,"Applies DAT archive public-symbol resolution to fighter-demo presentation resources, including character-specific demo motion assets, so later fighter setup can consume the resolved archive payload through the shared ftData table.","The function invokes HSD_ArchiveGetPublicAddress for every resource path and stores the result in shared fighter data. The adjacent naming helper identifies callback-generated names as demo animation resources through its diagnostic text, grounding the lookup in fighter-demo presentation assets.",0.94,2026-09-01T23:59:13.510Z,ftDemo_SetArchiveData,main/melee/ft/ftdemo:ftDemo_SetArchiveData,main/melee/ft/ftdemo,function,current,,,,rationale
fact:92a65395-7bf9-49f5-a0fa-3caa65151d2f,target:function:main/melee/it/kinds/itoldkuri:itOldkuri_UnkMotion9_Anim,,purpose,"Serves as Old Kuri motion 9's per-frame animation callback, handling the motion's continuation or exit after the shared predicate it_80272C6C reports false.","The function is typed and named as a motion animation callback. Its entire substantive body is guarded by the negated shared predicate, after which it chooses an airborne or grounded state-handling path.",0.97,2026-09-02T02:07:09.393Z,itOldkuri_UnkMotion9_Anim,main/melee/it/kinds/itoldkuri:itOldkuri_UnkMotion9_Anim,main/melee/it/kinds/itoldkuri,function,current,,,,rationale
fact:92d345dc-99a1-4110-84c0-517374eb472c,target:function:main/melee/it/kinds/itoldkuri:itOldkuri_UnkMotion10_Anim,,state_behavior,"When it_80272C6C returns true, the callback leaves the current state unchanged. When it returns false, the callback requests motion state 10 again with ITEM_ANIM_UPDATE. Both branches return false.",This is the complete guarded transition structure visible in the function; the evidence does not support a more specific semantic name for the guard or for motion state 10.,0.99,2026-09-02T02:07:52.505Z,itOldkuri_UnkMotion10_Anim,main/melee/it/kinds/itoldkuri:itOldkuri_UnkMotion10_Anim,main/melee/it/kinds/itoldkuri,function,current,,,,rationale
fact:932bdeff-1e68-4b4f-ad95-713075fb4cf2,target:function:main/melee/it/kinds/itmasterhandbullet:itMasterHandBullet_Logic83_Absorbed,,purpose,Provides the Master Hand Bullet item's response when the item engine dispatches an absorption interaction. It performs no projectile-specific cleanup or transformation and returns an unconditional affirmative Boolean result to the item system.,"The complete function is explicitly named as the Logic83 absorption callback and consists solely of returning true. Other projectile absorption callbacks, including Mario Fireball and Samus Charge Shot, use the identical constant-true shape, corroborating that this is an item-side absorption disposition callback.",0.99,2026-09-02T03:31:58.300Z,itMasterHandBullet_Logic83_Absorbed,main/melee/it/kinds/itmasterhandbullet:itMasterHandBullet_Logic83_Absorbed,main/melee/it/kinds/itmasterhandbullet,function,current,,,,rationale
fact:939c3c9c-e07c-47d0-8376-7f840a987254,target:function:main/melee/it/kinds/itleadead:itLeadead_UnkMotion5_Anim,,data_flow,"Reads the Item associated with the supplied Item_GObj and, on a zero result from it_80272C6C, passes that GObj into the state-update and joint-lookup routines; it then reads ip->xDD4_itemVar.leadead.x3C and writes that value to the Z translation of joint 1. Its boolean output is always false.","Every input, branch condition, item-variable read, helper argument, model-side consumer, and return value is explicit in the matched source. The evidence does not establish a stronger semantic name or unit for x3C, so the recovered field name is retained.",0.99,2026-09-02T03:12:00.831Z,itLeadead_UnkMotion5_Anim,main/melee/it/kinds/itleadead:itLeadead_UnkMotion5_Anim,main/melee/it/kinds/itleadead,function,current,,,,rationale
fact:93a16c41-f34f-4411-a6c2-9a7b13ef9acf,target:function:main/melee/ft/kinds/ftCommon/ftCo_CaptureDamageKoopa:ftCo_CaptureDamageKoopaAir_Coll,,purpose,"Provides the collision-callback entry point for the airborne `CaptureDamageKoopa` action state. This implementation is intentionally inert: the state requires no per-frame collision processing, so the callback immediately returns.","The complete matched definition is an empty function named as the collision callback for `CaptureDamageKoopaAir`. Exact-opseq analogs are likewise four-byte empty routines, reinforcing that the body represents a genuine no-op callback rather than missing decompilation.",0.98,2026-09-02T01:43:49.601Z,ftCo_CaptureDamageKoopaAir_Coll,main/melee/ft/kinds/ftCommon/ftCo_CaptureDamageKoopa:ftCo_CaptureDamageKoopaAir_Coll,main/melee/ft/kinds/ftCommon/ftCo_CaptureDamageKoopa,function,current,,,,rationale
fact:9429aa11-66c6-4821-8ec0-8eacad5fd4a8,target:function:main/melee/ft/ftcolanim:ftCo_800C0408,,state_behavior,"Each controller is advanced in a `while` loop so that completion, reset, and any immediately reinstalled persistent animation can be processed again until the helper reports no completed entry. x508 completion restores animation 0x80 while its owning flag remains set. x408 completion may restore animations 0x7A, 8, 0x6B, and 9 according to independent fighter conditions. x488 uses the ordinary command adapter when x408 has no active color animation and an alternate adapter when x408 is active; after either x488 completion path, it runs the fighter-kind callback when present and restores animation 0x6A while the fighter remains in the Hammer motion-state family.","The matched control flow contains three completion loops and explicit restart guards. The x488 branch is selected solely by x408's current color-animation identifier, while the separately resolved Hammer predicate establishes the meaning of the guard controlling animation 0x6A. Keeping the unknown conditions described by fields and IDs avoids assigning unsupported mechanic names to them.",0.99,2026-09-02T07:21:24.375Z,ftCo_800C0408,main/melee/ft/ftcolanim:ftCo_800C0408,main/melee/ft/ftcolanim,function,current,,,,rationale
fact:979605f1-ff95-4cc3-be5c-7c338d3b0738,target:data:main/melee/vi/vi0401:.data,,game_mapping,"Provides the resource-name data for the first Brinstar cutscene, identified as the Adventure Mode Brinstar intro sequence.","The current code uses the section's names to load and construct video sequence 0401, including `Vi0401.dat` and its visual scene resources; the standing external identification of that archive remains applicable.",0.95,2026-09-04T21:29:08.619Z,.data,main/melee/vi/vi0401:.data,main/melee/vi/vi0401,data,current,,,,rationale
fact:97c0f03a-6455-4e94-8c40-5d3397638f87,,translation_unit:src/melee/pl/pl_040D.c,game_mapping,"Supports Melee's match-bonus system by retaining combat-interaction observations, short identifier-keyed event histories, and eligible Bob-omb instance outcomes, then converting qualifying aggregate, per-opponent, per-identifier, and per-instance conditions into indexed point-type bonus records.","Each record family ultimately calls a bonus mutator with a numeric decision identifier. The bonus mutator verifies that such decisions are point-type bonuses, while the Bob-omb caller grounds one history in a specific game item. The claim therefore maps the whole unit to bonus tracking without assigning unsupported displayed names to individual numeric decisions.",0.98,2026-09-02T12:47:37.534Z,,,,,,translation_unit,src/melee/pl/pl_040D.c,active,rationale
fact:97ee303f-05dc-4c13-b5f3-b4c701aa9732,target:function:main/melee/gr/grfourside:grFourside_801F2DC8,,purpose,"Provides Fourside's implementation of the generic `StageData.callback4` predicate. This stage supplies an invariant negative implementation, satisfying the stage callback slot without enabling whatever optional condition the shared stage system associates with it.","The current Fourside descriptor registers the target in callback4, and the complete target body does nothing except return false. No stronger semantic name for the generic predicate is established by the refreshed evidence.",0.96,2026-09-04T19:58:06.909Z,grFourside_801F2DC8,main/melee/gr/grfourside:grFourside_801F2DC8,main/melee/gr/grfourside,function,current,,,,rationale
fact:98fc211d-5e1a-4f8b-a67f-6c810f3d28b9,target:function:main/melee/gm/gm_1601:gm_80160A60,,game_mapping,"Supplies the localized fighter-name labels shown on Pokémon Stadium's jumbotron, including its participant layouts. Its live-form special case allows the displayed name to update between Zelda and Sheik after Transform.","Current Pokémon Stadium code collects this function's results for its one-through-four-player display, while the target still resolves Zelda and Sheik through the slot's live fighter form.",0.98,2026-09-04T19:35:27.186Z,gm_80160A60,main/melee/gm/gm_1601:gm_80160A60,main/melee/gm/gm_1601,function,current,,,,value
fact:99a760fc-a66e-47be-9fbe-9280f1a39236,target:function:main/melee/ft/kinds/ftZelda/ftzeldaspeciallw:ftZd_SpecialLw_IASA,,purpose,"Serves as the intentionally inert IASA callback for the grounded first phase of Zelda's Transform action state, filling the fighter-state callback slot without adding any interrupt or input-processing behavior.","The function is positioned and named as the grounded SpecialLw IASA callback between the paired grounded/aerial animation and physics callbacks, while its complete body immediately returns. The surrounding routines identify this callback group as the initial grounded and aerial Transform phase.",0.99,2026-09-02T03:54:26.184Z,ftZd_SpecialLw_IASA,main/melee/ft/kinds/ftZelda/ftzeldaspeciallw:ftZd_SpecialLw_IASA,main/melee/ft/kinds/ftZelda/ftzeldaspeciallw,function,current,,,,rationale
fact:99cf7ec3-c882-4158-b15b-3c097b0d2f37,target:function:main/melee/ft/kinds/ftCommon/ftCo_Guard:ftCo_Guard_Coll,,game_mapping,"Provides stage-collision processing during the held-shield phase of guarding, including for character-specific shields that reuse the common Guard behavior.",The common routine is named as the Guard collision callback and is directly called by Yoshi's GuardHold collision callback. The mechanic reference establishes held shielding as the defensive state represented by this GuardHold phase.,0.94,2026-09-02T04:41:21.116Z,ftCo_Guard_Coll,main/melee/ft/kinds/ftCommon/ftCo_Guard:ftCo_Guard_Coll,main/melee/ft/kinds/ftCommon/ftCo_Guard,function,current,,,,rationale
fact:99e453b8-ba28-4307-97ee-81c9c23270b2,target:function:main/melee/it/kinds/itgshell:itGShell_Logic14_EvtUnk,,game_mapping,"Provides an item-system event hook for Melee's Green Shell. The wrapper does not reveal which visible Green Shell interaction triggers the event, so it cannot be tied more narrowly to throwing, damage, reflection, shielding, clanking, or another specific mechanic.","The callback is defined and named as part of the Green Shell logic module, but its body only delegates to a shared helper. The source therefore supports Green Shell event integration generally while providing no basis for identifying the unknown event's exact gameplay trigger.",0.9,2026-09-02T02:04:44.779Z,itGShell_Logic14_EvtUnk,main/melee/it/kinds/itgshell:itGShell_Logic14_EvtUnk,main/melee/it/kinds/itgshell,function,current,,,,rationale
fact:9a900e7a-250d-4e3f-91d8-f7c91bd7dec1,target:function:main/melee/it/kinds/itoldottosea:itOldottosea_UnkMotion5_Anim,,state_behavior,"If it_80272C6C reports true, the callback performs no transition. If it reports false while the item is airborne, the callback reapplies motion 5 with update flag 2. If it reports false while grounded, it invokes it_802E2DF4, which selects it_802E3098 when incoming-damage direction equals facing direction and it_802E27B4 otherwise. The callback returns false in every case.","This is the exact control-flow structure of the matched callback and its directly invoked grounded dispatcher, without assigning unsupported semantic names to the address-named follow-up states.",0.99,2026-09-02T02:52:46.343Z,itOldottosea_UnkMotion5_Anim,main/melee/it/kinds/itoldottosea:itOldottosea_UnkMotion5_Anim,main/melee/it/kinds/itoldottosea,function,current,,,,rationale
fact:9a9899da-ae2b-474c-b08f-f19bd237ec73,target:function:main/melee/it/kinds/ithitodeman:itHitodeman_Logic43_Absorbed,,purpose,Provides the Hitodeman Logic43 projectile's item-side absorption callback. It performs no projectile-specific cleanup or transformation and unconditionally returns a positive result to the item interaction system.,The complete matched definition is explicitly named as Logic43's absorbed handler and consists solely of returning true. Thus its role is to provide the projectile-specific absorption disposition while leaving substantive removal or absorber-side processing to the surrounding item interaction machinery.,0.98,2026-09-02T04:46:54.872Z,itHitodeman_Logic43_Absorbed,main/melee/it/kinds/ithitodeman:itHitodeman_Logic43_Absorbed,main/melee/it/kinds/ithitodeman,function,current,,,,rationale
fact:9bdb6999-cd46-409c-b1c7-133263ce30fc,target:function:main/melee/gr/grtmars:stageGObj0_Callback3,,purpose,"Provides the intentionally empty third stage callback for TMARS stage ground object 0, satisfying that ground object's callback interface when no work is required in this callback phase.","The complete function is named as callback 3 for stage GObj 0, accepts the expected ground-object pointer, and has an empty body. The unit's callback tables were explicitly typed as `StageCallbacks`, supporting its interpretation as a deliberately supplied no-op table handler rather than unfinished logic.",0.97,2026-09-02T02:19:38.030Z,stageGObj0_Callback3,main/melee/gr/grtmars:stageGObj0_Callback3,main/melee/gr/grtmars,function,current,,,,rationale
fact:9c5c70b8-208c-43dc-be4c-d5f9b9183c02,target:function:main/melee/gr/grbattle:grBattle_BG_Callback1,,purpose,"Fills the Boolean Callback1 slot for Battlefield's dedicated background ground object. This implementation is an intentional constant-false stub, so that callback slot never reports a positive condition for the background object.","The StageCallbacks table places this function second in the four-callback entry headed by the grBattle_BG callbacks. Its complete body ignores the object and returns false, establishing both its callback-table role and its deliberately inactive behavior without assigning an unsupported semantic name to Callback1.",0.98,2026-09-02T00:54:46.901Z,grBattle_BG_Callback1,main/melee/gr/grbattle:grBattle_BG_Callback1,main/melee/gr/grbattle,function,current,,,,rationale
fact:9c746def-0dee-4892-aa92-fdb2bcc11ad7,target:function:main/melee/it/kinds/it_2E5A:it_2E5A_UnkMotion2_Anim,,purpose,"Serves as the animation callback adapter for item 2E5A's Motion 2 state, delegating the state's per-frame animation/update decision to it_802E657C.","The function is explicitly shaped and named as the Motion 2 animation callback, and its entire matched body consists of calling it_802E657C with the current item object and returning that decision.",0.98,2026-09-02T04:41:28.150Z,it_2E5A_UnkMotion2_Anim,main/melee/it/kinds/it_2E5A:it_2E5A_UnkMotion2_Anim,main/melee/it/kinds/it_2E5A,function,current,,,,rationale
fact:9d3d5998-58c5-4271-a7ab-7fc2d11a9cd5,target:function:main/melee/ft/kinds/ftFox/ftfoxspecialn:ftFx_SpecialNStart_IASA,,purpose,"Serves as the IASA callback for the grounded startup phase of Fox's Blaster, forwarding control to the shared routine that checks whether firing should continue into the move's loop.","The function is named as the grounded SpecialN startup IASA callback and its entire body invokes `ftFox_SpecialN_CheckLoopInput`, directly establishing its role as a thin startup-state wrapper around the repeated-fire input check.",0.97,2026-09-01T23:28:36.571Z,ftFx_SpecialNStart_IASA,main/melee/ft/kinds/ftFox/ftfoxspecialn:ftFx_SpecialNStart_IASA,main/melee/ft/kinds/ftFox/ftfoxspecialn,function,current,,,,rationale
fact:9eb544d8-f34c-4193-b1fb-936bbc5cf844,target:function:main/melee/ty/toy:Toy_80306A48,,data_flow,"Each non-null symbol name is searched in the supplied archive's public table, producing an animation-descriptor pointer or NULL. The three independently resolved pointers flow into HSD_JObjAddAnimAll alongside the caller's JObj root. The integer frame is converted to f32 and propagated through the attached hierarchy by HSD_JObjReqAnimAll, after which HSD_JObjAnimAll evaluates the JObj, RObj, and eligible DObj animation controllers. Callers use this output as the initialized visual state of trophy stands and Trophy Gallery list rows.",The target directly exposes the lookup-to-attachment-to-evaluation pipeline. The resolved archive and JObj implementations explain how names become descriptor addresses and how those descriptors and the requested frame affect the hierarchy. Toy stand and tyList callers demonstrate that the resulting state is consumed as trophy-interface presentation.,0.99,2026-09-02T13:43:56.476Z,Toy_80306A48,main/melee/ty/toy:Toy_80306A48,main/melee/ty/toy,function,current,,,,value
fact:9ed0ee58-dc74-4051-a07c-df9ec999ac64,target:function:main/melee/ft/kinds/ftCommon/ftCo_Thrown:ftCo_ThrownB_IASA,,purpose,"Provides the IASA-phase callback for the fighter state used when a fighter is being thrown backward. This phase deliberately performs no input or interrupt processing, while the state retains a complete callback interface alongside its animation, physics, and collision phases.","The function is positioned and named as the IASA member of the ThrownB callback suite, between the backward-throw animation and physics callbacks. Its complete body is empty, proving that it supplies the required phase callback without performing IASA work.",0.98,2026-09-02T03:17:51.291Z,ftCo_ThrownB_IASA,main/melee/ft/kinds/ftCommon/ftCo_Thrown:ftCo_ThrownB_IASA,main/melee/ft/kinds/ftCommon/ftCo_Thrown,function,current,,,,rationale
fact:9eff7ca6-61de-4fc0-ad12-453236e1383e,target:function:main/melee/it/kinds/itleadead:itLeadead_UnkMotion6_Phys,,purpose,"Provides the deliberately inert physics callback for Leadead motion state 6, satisfying that state’s per-frame item-physics callback slot without applying movement or other physical updates.","The complete matched definition is named as the motion-6 physics routine and accepts the item object expected by an item-state callback, while its empty body proves that this state intentionally requires no callback-specific physics work.",0.96,2026-09-02T03:15:38.159Z,itLeadead_UnkMotion6_Phys,main/melee/it/kinds/itleadead:itLeadead_UnkMotion6_Phys,main/melee/it/kinds/itleadead,function,current,,,,rationale
fact:9f6e8cbe-d1ed-46d7-89e7-0fd99a118a55,target:function:main/melee/ft/kinds/ftCrazyHand/ftcrazyhandpoke:ftCh_PaperCrush_Coll,,purpose,"Provides the collision-phase callback for Crazy Hand's PaperCrush action. The action requires no per-frame collision processing in this callback, so the implementation deliberately returns without doing work.","The complete matched definition is named as PaperCrush's Coll callback and has an empty body. Its callback-specific name establishes its action-state role, while the absence of statements proves that this phase intentionally performs no collision work.",0.97,2026-09-02T02:25:22.907Z,ftCh_PaperCrush_Coll,main/melee/ft/kinds/ftCrazyHand/ftcrazyhandpoke:ftCh_PaperCrush_Coll,main/melee/ft/kinds/ftCrazyHand/ftcrazyhandpoke,function,current,,,,rationale
fact:9f951432-585f-44c2-8562-10c5158af6a1,target:function:main/melee/ft/kinds/ftDonkey/ftdonkeyspecialhi:ftDk_SpecialHi_Phys,,inferred_type,Fighter action-state physics callback with signature void(HSD_GObj* gobj); it operates on the Fighter owned by the supplied game object.,"The matched definition has a void return and one HSD_GObj pointer parameter, immediately resolves that object to a Fighter, and is named as the Phys member of the grounded SpecialHi callback family.",0.99,2026-09-01T23:58:55.242Z,ftDk_SpecialHi_Phys,main/melee/ft/kinds/ftDonkey/ftdonkeyspecialhi:ftDk_SpecialHi_Phys,main/melee/ft/kinds/ftDonkey/ftdonkeyspecialhi,function,current,,,,rationale
fact:a09944c4-6404-47c6-8e5b-bd95ad5c63e1,target:function:main/melee/ft/kinds/ftYoshi/ftyoshispecialn:fn_8012D230,,purpose,"Handles Yoshi becoming airborne during the grounded SpecialN1_1 phase of Egg Lay by converting the action to SpecialAirN1_2 while preserving the move's collision state, then restoring Yoshi's move-specific damage and death callbacks.","The grounded SpecialN1_1 collision callback supplies this function to its collision-checking helper. The function performs a common ground-to-air transition to ftYs_MS_SpecialAirN1_2 with ftYs_MF_SpecialN_Coll and immediately invokes a helper that installs ftYs_Init_8012BA8C as both take_dmg_cb and death2_cb. The exact-opseq Fox analog is explicitly named as a GroundToAir state handler and has the same transition-followed-by-setup structure, corroborating this role.",0.98,2026-09-02T05:59:56.296Z,fn_8012D230,main/melee/ft/kinds/ftYoshi/ftyoshispecialn:fn_8012D230,main/melee/ft/kinds/ftYoshi/ftyoshispecialn,function,current,,,,rationale
fact:a14a4eb4-4458-4f29-9df3-414df34a773f,,translation_unit:src/melee/gr/groldpupupu.c,game_mapping,"Realizes Dream Land and its interactive Whispy Woods stage element. In particular, the unit contains the directional, periodically activated presentation and state machinery associated with Whispy turning and blowing wind toward one side of the stage.","The Discord record maps the internal `groldpupupu` name to Dream Land. The stage reference describes Whispy Woods periodically blowing wind toward one side, while this unit's matched code selects a side, turns or advances the stage object through animations, publishes a directional active value, and emits side-dependent sound and effects.",0.9,2026-09-02T07:54:52.921Z,,,,,,translation_unit,src/melee/gr/groldpupupu.c,active,rationale
fact:a247f047-d936-4e28-8276-ae3f04ef44bd,target:function:main/melee/lb/lbarchive:lbArchive_LoadSections,,data_flow,"For each variadic pair, the public-symbol name is passed to HSD_ArchiveGetPublicAddress with the supplied archive. The destination is first cleared to NULL and then overwritten with the returned archive-data address; a NULL result and the same symbol name flow to OSReport for diagnostics. The next void** argument advances the sequence.",Every stage of this flow is explicit in the matched source. The lookup callee further shows that a successful output is calculated from the archive data base plus the selected public-entry offset.,0.99,2026-09-02T04:23:04.068Z,lbArchive_LoadSections,main/melee/lb/lbarchive:lbArchive_LoadSections,main/melee/lb/lbarchive,function,current,,,,value
fact:a386177d-8cb8-4b65-9d45-ca4e9c3af121,target:function:main/sysdolphin/baselib/class:hsdSearchClassInfo,,purpose,"Looks up an HSD class descriptor by its class-name string in the currently installed class hash, returning the registered HSD_ClassInfo or NULL when the hash is unavailable or the name is not registered. Descriptor loaders use this result to instantiate a named subclass instead of their base object class.","The complete function delegates the class-name key to HSD_HashSearch only when current_hash exists and otherwise returns NULL. HSD_HashSearch returns the matched entry's stored value or NULL. Camera and material descriptor loaders demonstrate the lookup's subsystem role: a successful result is passed to hsdNew for subclass construction, while a failed result selects the base allocator.",0.99,2026-09-02T00:02:09.380Z,hsdSearchClassInfo,main/sysdolphin/baselib/class:hsdSearchClassInfo,main/sysdolphin/baselib/class,function,current,,,,value
fact:a399342e-ba09-47cc-b87a-8b712eac086c,target:function:main/melee/it/kinds/itmball:itMball_Motion4_Phys,,purpose,"Provides the Poké Ball's motion-state-4 physics callback as an intentional no-op, so this state performs no item-specific work during its physics update.","The complete matched definition is an empty function named as the physics handler for `itMball` motion state 4. The neighboring entered-air handler explicitly selects state 4, establishing which Poké Ball state receives this no-op callback.",0.98,2026-09-02T01:09:08.562Z,itMball_Motion4_Phys,main/melee/it/kinds/itmball:itMball_Motion4_Phys,main/melee/it/kinds/itmball,function,current,,,,rationale
fact:a4545da2-71b3-49e0-abe0-d72cdcdaeeb2,target:function:main/melee/it/kinds/itklap:it_2725_Logic10_DmgReceived,,purpose,"Handles a Logic10 Klaptrap damage-received event by setting item flag xDCC bit 3, invoking the local routine that chooses motion and randomized tumbling values and enters state 4, then reporting false to the item event dispatcher.","The complete callback directly sets the flag, calls `it_802E1E94`, and returns false. The immediately following helper resets or chooses velocity, writes two random angular increments, and dispatches the object into motion state 4, establishing the response initiated by the callback without assigning an unsupported semantic name to xDCC bit 3.",0.99,2026-09-02T03:59:20.694Z,it_2725_Logic10_DmgReceived,main/melee/it/kinds/itklap:it_2725_Logic10_DmgReceived,main/melee/it/kinds/itklap,function,current,,,,rationale
fact:a48841a2-1ec1-4fc5-a9aa-655d42c1949a,target:function:main/melee/gr/grheal:stageGObj4_Callback3,,purpose,"Provides the deliberately empty third callback for Heal-stage ground-object kind 4, satisfying that object's StageCallbacks interface without performing object-specific work at this callback phase.","The function is named as ground-object kind 4's third callback, while its complete matched body is empty. The StageCallbacks typing PR independently confirms that these numbered functions occupy the stage callback-table interface, so this routine is an intentional no-op callback rather than active stage logic.",0.96,2026-09-02T03:45:39.511Z,stageGObj4_Callback3,main/melee/gr/grheal:stageGObj4_Callback3,main/melee/gr/grheal,function,current,,,,rationale
fact:a5a4838f-b42a-4ee0-91f1-ed808b1da873,target:data:main/melee/gr/grkinokoroute:.sdata,,data_flow,"The section's `/GrNKr.dat` address is embedded in `grNKr_StageData` beside `Gr_Kind_KinokoRoute`, the four-entry ground-object callback table, and the module lifecycle hooks. The descriptor exports that archive name to the ground-stage system; the string itself is only read and is never modified by this translation unit.","The descriptor at head still references the archive literal alongside the stage kind and callbacks, and the current unit contains no write through that resource-name pointer.",0.97,2026-09-04T23:05:47.626Z,.sdata,main/melee/gr/grkinokoroute:.sdata,main/melee/gr/grkinokoroute,data,current,,,,value
fact:a6aef370-da49-4998-9ba0-40c71f32ba07,target:function:main/melee/it/kinds/itpikachuthunder:itPikachuThunder_Logic39_Clanked,,purpose,"Serves as the Pikachu Thunder item's clank-event callback, deliberately providing no item-specific reaction and returning false to the item event dispatcher.","The matched function is explicitly positioned and named as the Logic39 clank callback. Its complete body ignores the supplied item object, performs no calls or writes, and returns false, while adjacent functions form the corresponding damage, shield, and absorption callback suite.",0.98,2026-09-02T03:57:46.603Z,itPikachuThunder_Logic39_Clanked,main/melee/it/kinds/itpikachuthunder:itPikachuThunder_Logic39_Clanked,main/melee/it/kinds/itpikachuthunder,function,current,,,,rationale
fact:a6eee10b-7a2a-4d9c-9176-c81de036217c,target:function:main/melee/lb/lbsnap:lbSnap_8001D7B0,,purpose,"Starts a Memory Card operation that exchanges the timestamp filenames of two selected snapshot catalog entries, using a newly generated collision-free timestamp filename as temporary storage.","The function formats each selected entry's stored timestamp into a filename, generates a third unique timestamp filename, and passes the three names to `lb_8001C0F4`. The matched callee constructs the sequence A-to-C, B-to-A, and C-to-B, proving that the operation exchanges the two selected names through the temporary name.",0.98,2026-09-02T14:08:36.307Z,lbSnap_8001D7B0,main/melee/lb/lbsnap:lbSnap_8001D7B0,main/melee/lb/lbsnap,function,current,,,,rationale
fact:a7298471-6c93-407a-a76d-c20c048ab10c,target:data:main/melee/gm/gm_1832:.rodata,,data_flow,"The first callback array is copied by `fn_80185E34`, which installs entry `i` on each populated first-lineup demo fighter. The second is copied by `fn_80185F5C`, which installs entry `i + 3` on each populated second-lineup fighter. Intro setup copies the four archive-name pointers, indexes them with the retained `game_type`, and passes the selected name to `lbArchive_80016DBC`.","The current consumers expose both complete flows from immutable section entries: callback pointers become HSD GObj processes for the two displayed fighter groups, and the game-type-selected string becomes the archive loader's resource name.",0.99,2026-09-04T03:05:32.435Z,.rodata,main/melee/gm/gm_1832:.rodata,main/melee/gm/gm_1832,data,current,,,,value
fact:a73c20c2-220f-4070-b053-833f5009c046,target:function:main/melee/ft/kinds/ftKirby/ftkirbyspecialpurin:ftKb_PrSpecialAirNEndR_IASA,,purpose,Provides the IASA callback slot for Kirby's copied Rollout aerial EndR state while intentionally permitting no interrupt-driven actions during that state.,"The complete matched definition is an empty function named as the IASA callback for `PrSpecialAirNEndR`. Because it performs no calls, tests, or state changes, its role is to satisfy the fighter-state callback interface without adding any interrupt handling.",0.98,2026-09-02T01:21:56.200Z,ftKb_PrSpecialAirNEndR_IASA,main/melee/ft/kinds/ftKirby/ftkirbyspecialpurin:ftKb_PrSpecialAirNEndR_IASA,main/melee/ft/kinds/ftKirby/ftkirbyspecialpurin,function,current,,,,rationale
fact:aa0a9de2-741d-4e10-bc79-2918c2b40d5a,target:function:main/melee/it/kinds/itoldottosea:it_802E2C80,,inferred_type,"Internal item motion-state entry routine with signature void(Item_GObj* gobj), where gobj is the Old Ottosea actor and the destination is motion state 5.","The matched definition supplies the exact return and parameter types. Its final call selects state ID 5, and the following animation, physics, and collision functions are explicitly named as Old Ottosea motion-5 callbacks.",0.99,2026-09-02T05:57:34.102Z,it_802E2C80,main/melee/it/kinds/itoldottosea:it_802E2C80,main/melee/it/kinds/itoldottosea,function,current,,,,rationale
fact:aa2215c1-cfde-4482-ab33-9d6c84bb812a,target:data:main/dolphin/os/OSError:.sdata,,data_flow,"On the fatal exception-reporting path, `__OSExceptionNames[exception]` is substituted into the section's `""(%s)""` format when debug reporting is enabled. The section's newline string is then passed to OSReport unconditionally before the saved context and hardware-fault details are dumped.","The exception dispatcher directly supplies the indexed exception name to OSReport through `""(%s)""`, then calls OSReport with `""\n""` before OSDumpContext and the remaining diagnostic reports.",0.98,2026-09-02T05:06:07.516Z,.sdata,main/dolphin/os/OSError:.sdata,main/dolphin/os/OSError,data,current,,,,rationale
fact:aa2aed45-a237-4097-9b84-979c9691545c,target:function:main/melee/ft/kinds/ftKoopa/ftkoopa:ftKp_Init_OnLoad,,purpose,"Performs Bowser-specific fighter load initialization by installing a fighter-owned copy of ftKoopaAttributes, preparing the item resource used for Bowser's flames, and enabling the Fighter flag x2226_b1.","The complete straight-line body obtains the loaded Fighter, invokes PUSH_ATTRS with ftKoopaAttributes, passes the first fighter item resource with It_Kind_Koopa_Flame to the shared item routine, and sets x2226_b1 to true. These unconditional operations define the callback's load-time responsibility without assigning an unsupported semantic name to the flag.",0.99,2026-09-02T04:16:46.304Z,ftKp_Init_OnLoad,main/melee/ft/kinds/ftKoopa/ftkoopa:ftKp_Init_OnLoad,main/melee/ft/kinds/ftKoopa/ftkoopa,function,current,,,,rationale
fact:aae9d97d-ea84-4ce4-b938-6f5f93eae00f,target:function:main/melee/ft/kinds/ftPikachu/ftpikachuspecialn:ftPk_SpecialN_Coll,,purpose,"Serves as grounded Thunder Jolt's collision callback, retaining the grounded state while its ground check succeeds and converting the action to aerial SpecialN when valid ground is lost.","The transition is the only operation and is guarded by failure of the ground predicate, with the destination explicitly named as the aerial SpecialN state.",0.99,2026-09-04T19:28:45.028Z,ftPk_SpecialN_Coll,main/melee/ft/kinds/ftPikachu/ftpikachuspecialn:ftPk_SpecialN_Coll,main/melee/ft/kinds/ftPikachu/ftpikachuspecialn,function,current,,,,rationale
fact:ab98be75-4d9d-4572-b490-6a3452c98dc6,target:function:main/sysdolphin/baselib/pobj:HSD_PObjLoadDesc,,purpose,"Constructs a runtime HSD_PObj from an HSD_PObjDesc, instantiating a registered polygon-object subclass when the descriptor names one or falling back to the base HSD_PObj allocator, then delegates descriptor population to the selected object's virtual load method.","The target uses the descriptor's optional class name to choose registered-class construction or base allocation, invokes the resulting object's load method, and returns the populated object. The adjacent base loader shows that this loading operation recursively constructs the PObj chain and installs its geometry, display lists, flags, and type-specific shape-animation or envelope payload.",0.98,2026-09-02T00:09:25.013Z,HSD_PObjLoadDesc,main/sysdolphin/baselib/pobj:HSD_PObjLoadDesc,main/sysdolphin/baselib/pobj,function,current,,,,rationale
fact:abb9f9a4-6c3b-4b60-a7f7-b98d2fdff319,target:function:main/melee/ft/kinds/ftSamus/ftsamusspecials:ftSs_SpecialAirSSmash_Phys,,game_mapping,"Controls Samus's airborne gravity and horizontal slowdown while she performs the aerial Super Missile variant of Missile, her side special in Super Smash Bros. Melee.","The target is named as the aerial smash-input SpecialS physics callback and applies airborne movement updates. SmashWiki identifies Missile as Samus's side special, distinguishes its Super Missile variant, and explicitly documents an aerial Super Missile form.",0.96,2026-09-02T00:51:01.387Z,ftSs_SpecialAirSSmash_Phys,main/melee/ft/kinds/ftSamus/ftsamusspecials:ftSs_SpecialAirSSmash_Phys,main/melee/ft/kinds/ftSamus/ftsamusspecials,function,current,,,,rationale
fact:ac875aca-afff-48e4-bdc4-0633d55aeef9,target:function:main/melee/gr/grtcaptain:grTCaptain_8021FE80,,game_mapping,"Provides internal stage-object maintenance for Captain Falcon's Target Test course, specifically the callback-slot-2 processing assigned to its Ground object ID 2; the available evidence does not identify which visible course component that object represents.","The callback table and StageData descriptor place this function in the `Gr_Kind_TCaptain` controller initialized through the common target-stage framework. SmashWiki independently identifies TCAPTAIN as Captain Falcon's Target Test course. Neither source assigns a visible platform, target, or decoration name to Ground object ID 2, so the mapping is intentionally limited to the course and callback role.",0.96,2026-09-02T06:53:01.980Z,grTCaptain_8021FE80,main/melee/gr/grtcaptain:grTCaptain_8021FE80,main/melee/gr/grtcaptain,function,current,,,,rationale
fact:adefd89e-523a-4114-a9da-46f95bb7be6a,target:function:main/melee/ft/kinds/ftMewtwo/ftmewtwospecialn:ftMt_SpecialN_CheckShadowBallCancel,,purpose,"Reports whether Mewtwo's held Shadow Ball should be treated as canceled based on the owning fighter's current action: active startup, charging, full-charge, and release-ending states keep it valid, while explicit cancel states, unrelated states, and a missing owner report cancellation.","The function is explicitly named as a Shadow Ball cancellation check. Its complete switch returns false only for the grounded and aerial start, loop, full-loop, and end phases, and returns true for both cancel phases, every other motion, and NULL.",0.98,2026-09-01T23:39:10.785Z,ftMt_SpecialN_CheckShadowBallCancel,main/melee/ft/kinds/ftMewtwo/ftmewtwospecialn:ftMt_SpecialN_CheckShadowBallCancel,main/melee/ft/kinds/ftMewtwo/ftmewtwospecialn,function,current,,,,rationale
fact:ae0f4492-0193-42f8-b2ac-6d44dceefbda,,translation_unit:src/melee/it/kinds/itfreezer.c,game_mapping,"Implements Articuno's Melee Poké Ball summon and Icy Wind sequence, not the throwable Freezie item. The Pokémon logic table explicitly labels this unit's state table and callbacks as `Freezer (Articuno)`; `Freezer` is Articuno's Japanese name, whereas the distinct Freezie item slides across the stage and can be picked up and thrown.","The Pokémon logic table directly associates `it_803F7C70` and the `itFreezer` callbacks with `Freezer (Articuno)`. SmashWiki independently establishes both that Articuno's Japanese name is Freezer and that Articuno is a Poké Ball summon using Icy Wind. Its separate Freezie record describes a materially different throwable item lifecycle, resolving the otherwise ambiguous internal English transliteration.",0.99,2026-09-02T06:29:45.827Z,,,,,,translation_unit,src/melee/it/kinds/itfreezer.c,active,rationale
fact:b000a2c5-c206-4d0f-9cab-09ba8184d095,target:function:main/melee/it/kinds/itrshell:itRshell_UnkMotion5_Anim,,game_mapping,"Contributes to the timed active-state behavior of the Red Shell, an item that moves around a platform, is dangerous to every player, and remains on its current platform once moving.",The code is a Red Shell motion callback that maintains a finite active lifetime and a delayed per-item operation. The Melee trophy description grounds that callback in the broader active Red Shell mechanic without assigning an unsupported semantic name to motion state 5.,0.9,2026-09-02T02:42:29.335Z,itRshell_UnkMotion5_Anim,main/melee/it/kinds/itrshell:itRshell_UnkMotion5_Anim,main/melee/it/kinds/itrshell,function,current,,,,rationale
fact:b0b917b4-1ef6-4f43-812f-4c93094bffe9,target:function:main/melee/ft/kinds/ftCommon/ftCo_AttackS4:decideFighter,,inferred_type,"Forward-smash entry dispatcher with signature void(HSD_GObj* gobj, float stick_x_sign, float stick_angle). gobj identifies the fighter, stick_x_sign is a horizontal facing sign produced as +1 or -1 by the caller, and stick_angle is a stick angle in radians used by the common entry path.","The current callers derive a signed unit direction and stick angle, while the current definition preserves the three-argument signature and forwards the angle to comparisons against fields explicitly named as radian thresholds.",0.99,2026-09-04T22:44:17.323Z,decideFighter,main/melee/ft/kinds/ftCommon/ftCo_AttackS4:decideFighter,main/melee/ft/kinds/ftCommon/ftCo_AttackS4,function,current,,,,rationale
fact:b1ab3d17-994e-488f-b2b7-f6aae3ac7569,target:function:main/melee/it/kinds/itkusudama:itKusudama_Logic4_DmgDealt,,game_mapping,"Implements activation of Melee's Party Ball when a thrown ball deals damage on impact, beginning the container's weighted activation sequence unless it has already been activated.","The recovered callback role is DmgDealt, and its body starts the same weighted activation paths used by impact collision handling. SmashWiki identifies throwing or damaging a Party Ball as activation conditions and describes the resulting floating-and-opening behavior; the Kusudama name is explicitly the Party Ball's Japanese name.",0.96,2026-09-02T02:26:58.527Z,itKusudama_Logic4_DmgDealt,main/melee/it/kinds/itkusudama:itKusudama_Logic4_DmgDealt,main/melee/it/kinds/itkusudama,function,current,,,,rationale
fact:b2f61a77-dd52-4a6c-b672-9722804aef98,target:data:main/melee/mn/mnvibration:.data,,data_flow,"The menu reads the section's intro end frame to gate input and transition from the intro process, uses the exit descriptor to time screen destruction, uses the indicator descriptor to select disabled and enabled animation frames, transforms the stored Vec3 into the saved-name text anchor, reports allocation failure with the diagnostic strings, and passes the archive names to lbArchive_LoadSections to populate four asset records.","The current declarations supply the animation descriptors, text anchor, diagnostics, and resource names. Current input, lifecycle, row-construction, screen-construction, and initialization code consume them for the stated outputs.",0.98,2026-09-05T05:25:08.772Z,.data,main/melee/mn/mnvibration:.data,main/melee/mn/mnvibration,data,current,,,,value
fact:b39d3e27-b1e2-4425-a001-e7709b2b9837,target:function:main/melee/ft/kinds/ftCrazyHand/ftcrazyhandcapturewaitcrazyhand:ftCo_CaptureWaitCrazyHand_IASA,,purpose,"Supplies the intentionally inert IASA callback for the captured fighter's CaptureWaitCrazyHand state, so this lifecycle phase performs no state-specific input or action-transition processing.","The function is explicitly named as the CaptureWaitCrazyHand IASA callback, and its complete matched body is empty. It therefore provides the required callback endpoint without implementing any IASA behavior.",0.99,2026-09-02T03:36:23.639Z,ftCo_CaptureWaitCrazyHand_IASA,main/melee/ft/kinds/ftCrazyHand/ftcrazyhandcapturewaitcrazyhand:ftCo_CaptureWaitCrazyHand_IASA,main/melee/ft/kinds/ftCrazyHand/ftcrazyhandcapturewaitcrazyhand,function,current,,,,rationale
fact:b418e366-b22f-4707-b130-8d57c1618243,target:function:main/melee/ft/kinds/ftKirby/ftkirbyspecialpurin:ftKb_PrSpecialN_Phys,,purpose,"Updates Kirby's airborne movement and rolling pose each frame during the turning phase of copied Rollout: it applies sign-dependent horizontal deceleration, enforces a configured minimum horizontal speed magnitude, applies falling physics, turns the top model part sideways, and normalizes the move's roll angle.","The matched body directly performs the horizontal velocity update and minimum-magnitude clamp, calls ftCommon_Fall with Kirby's Purin-special aerial attributes, and refreshes the model and roll-angle orientation. The byte-identical Jigglypuff counterpart is explicitly named as the aerial Rollout start-turn physics callback, identifying the phase this shared implementation serves.",0.98,2026-09-02T01:24:26.081Z,ftKb_PrSpecialN_Phys,main/melee/ft/kinds/ftKirby/ftkirbyspecialpurin:ftKb_PrSpecialN_Phys,main/melee/ft/kinds/ftKirby/ftkirbyspecialpurin,function,current,,,,rationale
fact:b4a009f8-ada2-488a-b6c8-9fbee24f4dfb,target:function:main/melee/gm/gm_1832:fn_801855BC,,state_behavior,"For a positive input, the helper performs four reciprocal-square-root refinement iterations and returns the resulting square root. It returns 0.0 for an input equal to zero; nonzero inputs that fail the positive test, including negative or unordered values, take the first MSL constant return path, with a final second-constant fallback retained by the matched control flow.",These branches and computations are explicit in the complete function. The claim avoids assigning unsupported semantic names to the two referenced MSL constants while preserving the exact observed edge-case behavior.,0.98,2026-09-02T14:12:00.684Z,fn_801855BC,main/melee/gm/gm_1832:fn_801855BC,main/melee/gm/gm_1832,function,current,,,,rationale
fact:b4d8e119-7b58-4de3-93aa-6ac3e5b11fdb,target:function:main/melee/it/kinds/itwhitebea:it_802E3884,,purpose,"Handles damage received by Whitebea logic 9: it preserves the Polar Bear's facing direction, adds the current hit contribution to accumulated damage, enters motion state 4 for an ordinary hit response while the configured limit remains unmet, and otherwise performs terminal cleanup before selecting motion state 10 or 11.","The target copies facing_dir to init_facing_dir, adds it_8027CBFC(gobj) to xC9C, and branches between it_802E3ED0 and a cleanup-and-random-dispatch path. The nonterminal helper restores the saved facing direction and requests state 4, while the terminal destination helpers request states 10 and 11. The nearly identical Old Ottosea routine is explicitly named as a DmgReceived callback, supporting the callback-role interpretation.",0.98,2026-09-02T06:03:51.359Z,it_802E3884,main/melee/it/kinds/itwhitebea:it_802E3884,main/melee/it/kinds/itwhitebea,function,current,,,,rationale
fact:b5501959-3333-4953-b64f-ade3ec8377b2,target:function:main/melee/ft/kinds/ftSeak/ftseakspeciallw:ftSk_SpecialAirLw_IASA,,purpose,Serves as the IASA callback for Sheik's aerial Transform startup state while intentionally providing no interrupt-processing behavior.,"The function is positioned alongside the aerial Transform entry and animation callbacks and is explicitly named as that state's IASA routine. Its complete body is empty, so its role is to occupy the action state's IASA callback slot without performing an interrupt check or transition.",0.98,2026-09-02T03:08:41.878Z,ftSk_SpecialAirLw_IASA,main/melee/ft/kinds/ftSeak/ftseakspeciallw:ftSk_SpecialAirLw_IASA,main/melee/ft/kinds/ftSeak/ftseakspeciallw,function,current,,,,rationale
fact:b71936d8-76eb-4a51-bd30-f15edaa2044e,target:function:main/melee/it/kinds/ittincle:itTincle_UnkMotion10_Phys,,purpose,"Provides the deliberately empty physics-phase callback for Tingle motion state 10, satisfying that state callback slot when no state-specific physical update is required.","The complete matched function is named as motion 10's physics callback, has the item callback parameter, and contains an empty body. Its role is therefore to provide the required callback endpoint while performing no physics work.",0.97,2026-09-02T03:40:29.590Z,itTincle_UnkMotion10_Phys,main/melee/it/kinds/ittincle:itTincle_UnkMotion10_Phys,main/melee/it/kinds/ittincle,function,current,,,,rationale
fact:ba82c1ce-201e-4da6-bce2-c1f60943cb0e,target:data:main/melee/if/ifnametag:.data,,game_mapping,"Encodes the visual variants used by Melee's overhead player markers, including colored 1P–4P, CP, heart, and nametag displays, and configures the camera through which those displays appear above fighters. The nametag variants support Melee's saved player-name feature, where a selected short name is displayed over the corresponding character during gameplay.","The current annotations still identify the visible marker variants, while creation and initialization still consume the tables and camera configuration for overhead marker and name displays.",0.98,2026-09-04T20:21:44.827Z,.data,main/melee/if/ifnametag:.data,main/melee/if/ifnametag,data,current,,,,value
fact:bc3462c3-90c1-4829-a1ce-010f373128b1,target:function:main/melee/it/kinds/itfflower:itFFlower_Logic25_Dropped,,game_mapping,Implements the item-dropping transition for Melee's Fire Flower when the held shooting item is released or lost by its holder.,"The recovered callback is explicitly named as logic 25's `Dropped` handler and changes the Fire Flower's item state. SmashWiki identifies the Fire Flower as a grabbable, holder-operated shooting item in Melee, grounding the callback in the player-visible release of that held item.",0.97,2026-09-02T02:13:12.348Z,itFFlower_Logic25_Dropped,main/melee/it/kinds/itfflower:itFFlower_Logic25_Dropped,main/melee/it/kinds/itfflower,function,current,,,,rationale
fact:bc7840ce-b395-4c7d-b171-ac5739897760,target:function:main/melee/it/kinds/itoldkuri:itOldkuri_UnkMotion4_Coll,,state_behavior,"While motion state 4 uses this collision callback, every invocation unconditionally reloads oldkuri.xDF8 from special-attribute xC before collision handling; there is no local guard or branch, and the callback's continuation result is delegated to it_8027C794.","The complete source contains no conditional control flow: the state variable assignment always precedes it_8026E414, after which the final helper's boolean is returned. This supports a state-entry-or-maintenance reset behavior without establishing a more specific semantic name for xDF8.",0.97,2026-09-02T02:10:31.174Z,itOldkuri_UnkMotion4_Coll,main/melee/it/kinds/itoldkuri:itOldkuri_UnkMotion4_Coll,main/melee/it/kinds/itoldkuri,function,current,,,,rationale
fact:bd77a5e6-76f5-4771-90a3-10cfbeb44d7d,target:function:main/melee/ft/kinds/ftMewtwo/ftmewtwospecialhi:ftMt_SpecialAirHiLost_Anim,,inferred_type,"A fighter action-state animation callback with signature void(HSD_GObj*), operating on the Fighter associated with the supplied game object.","The matched definition has the exact void(HSD_GObj*) signature, obtains a Fighter through GET_FIGHTER, and is documented and named as the aerial Teleport Zoom animation callback.",0.99,2026-09-01T23:28:15.403Z,ftMt_SpecialAirHiLost_Anim,main/melee/ft/kinds/ftMewtwo/ftmewtwospecialhi:ftMt_SpecialAirHiLost_Anim,main/melee/ft/kinds/ftMewtwo/ftmewtwospecialhi,function,current,,,,rationale
fact:bdbfee9f-1270-4ad6-aa2d-34794240e7d5,target:data:main/melee/ft/kinds/ftMewtwo/ftmewtwo:.sdata2,,game_mapping,Supports two Mewtwo-specific mechanics: presentation of a stored fully charged Shadow Ball and scale-correct placement of Disable's forward eye-beam object.,"The code uses the relevant numeric operations to apply a color animation at maximum Shadow Ball charge and to adjust attributes explicitly named as Disable offsets. SmashWiki identifies Shadow Ball as Mewtwo's chargeable neutral-special projectile and Disable as its short forward eye beam, grounding the two internal paths in visible gameplay mechanics.",0.9,2026-09-02T04:59:22.749Z,.sdata2,main/melee/ft/kinds/ftMewtwo/ftmewtwo:.sdata2,main/melee/ft/kinds/ftMewtwo/ftmewtwo,data,current,,,,rationale
fact:bdfe8ea1-858e-48ba-af48-451dca902bdf,target:data:main/melee/gm/gmevent:.sbss,,game_mapping,"Supports Melee's Event Match scenarios by retaining access to the loaded per-event definitions that specify each challenge's rules, fighters, stages, and special-purpose data.","The storage receives a table explicitly named as Event initialization data, and the selected table entry supplies the authored configuration for the live scenario. This corresponds to Event Match's predefined challenges with special conditions and objectives.",0.97,2026-09-04T19:40:03.958Z,.sbss,main/melee/gm/gmevent:.sbss,main/melee/gm/gmevent,data,current,,,,rationale
fact:bf33076a-a686-41e8-89c0-0cccb7358e55,target:function:main/melee/gm/gmtou_0:fn_80195CCC,,game_mapping,"Implements the Tournament Mode setup step where a saved Melee player-name profile is assigned to an entrant, including rejection of empty slots and prevention of assigning the same saved name to multiple entrants.","The code selects among persistent name slots, commits the selected slot to the active tournament entrant only after occupancy and uniqueness checks, and otherwise keeps the player on the selection screen. SmashWiki identifies names as profiles entered and managed through Melee's Name Entry system and Tournament Mode as Melee's multiplayer bracket feature, grounding both sides of the mechanic.",0.97,2026-09-02T14:00:52.076Z,fn_80195CCC,main/melee/gm/gmtou_0:fn_80195CCC,main/melee/gm/gmtou_0,function,current,,,,value;rationale
fact:bf3b0827-1525-4760-902d-eacb10de8b05,target:function:main/melee/pl/plbonuslib:pl_8003FC20,,purpose,Retrieves the selected player's accumulated count of damage events classified with broad damage-source category 2 and detail code 0xEA from the extended per-player match-bookkeeping record.,"The target directly returns `xD00` from the extended record selected by its argument. The producer in `pl_8003D644` increments that same field only while processing a non-secondary fighter and when the fighter's recorded damage-source category is 2 and its accompanying detail code is 0xEA, establishing what the accessor retrieves without assigning an unsupported public name to that numeric classification.",0.97,2026-09-02T12:14:03.743Z,pl_8003FC20,main/melee/pl/plbonuslib:pl_8003FC20,main/melee/pl/plbonuslib,function,current,,,,rationale
fact:bf7483d5-5368-43df-9831-fddca64eee15,target:function:main/melee/ft/kinds/ftSamus/ftsamusspecialn:ftSs_SpecialAirN_Anim,,data_flow,"Consumes Samus's fighter game object, resolves its Fighter and ftSs_DatAttrs, forwards the object to the shared SpecialN and animation/state helpers, and reads attribute x24 to select and parameterize the post-animation airborne transition. The exact Mewtwo counterpart identifies the corresponding attribute as the charge-projectile move's landing-lag value.","The Samus callback explicitly derives the Fighter and special attributes from gobj, invokes the shared move helper, queries animation completion, branches on x24, and passes x24 to ftCo_80096900. The structurally identical Mewtwo callback gives the analogous field the semantic name SHADOWBALL_LANDING_LAG.",0.98,2026-09-02T01:56:51.256Z,ftSs_SpecialAirN_Anim,main/melee/ft/kinds/ftSamus/ftsamusspecialn:ftSs_SpecialAirN_Anim,main/melee/ft/kinds/ftSamus/ftsamusspecialn,function,current,,,,rationale
fact:bfaedb73-5d91-4e57-83af-8d0a5aed697e,target:function:main/melee/gm/gm_16AE:gm_8016B204,,data_flow,"Obtains the persistent live-match `StartMeleeRules` object through `gm_GetRules`, reduces `time_limit` and `x0_6` to one Boolean, and performs no writes. `fn_8003CC84` and `pl_8003D644` consume a false result as one prerequisite for setting specific per-player bonus flags.",The current source gives the formerly anonymous integer field the semantic name `time_limit`; otherwise the pure rule-query flow and both negated bonus consumers remain unchanged.,0.99,2026-09-04T19:35:51.782Z,gm_8016B204,main/melee/gm/gm_16AE:gm_8016B204,main/melee/gm/gm_16AE,function,current,,,,rationale
fact:c08643ae-47f3-4f98-b326-95389773ad5e,target:function:main/melee/ft/kinds/ftCommon/ftCo_PassiveStand:ftCo_800989D4,,game_mapping,Maps to initiation of a rolling tech in the selected direction: ftCo_MS_PassiveStandF begins the forward variant and ftCo_MS_PassiveStandB begins the backward variant after a successful ground-tech input.,The current source enters one of the two PassiveStand directional states selected by horizontal input. The mechanics reference identifies those exact state names as rolling-tech variants.,0.98,2026-09-04T19:05:55.977Z,ftCo_800989D4,main/melee/ft/kinds/ftCommon/ftCo_PassiveStand:ftCo_800989D4,main/melee/ft/kinds/ftCommon/ftCo_PassiveStand,function,current,,,,rationale
fact:c0993017-ae4e-49e5-aaed-05c4ff3b3ceb,target:function:main/melee/lb/lbdvd:lbDvd_800178E8,,inferred_type,"A void preload-registration wrapper with signature `void(int type, const char* name, int transient_heap, int heap, int size, int load_state, int load_score, u8 metadata, int effect_index)`. The name is resolved to a DVD FST entry number, while the remaining arguments retain the corresponding registration domains of `lbDvd_80017740`.","The current definition and declaration establish the const-qualified filename and nine-parameter void shape, while positional forwarding and the delegate's field assignments establish the argument domains.",0.98,2026-09-04T23:40:57.068Z,lbDvd_800178E8,main/melee/lb/lbdvd:lbDvd_800178E8,main/melee/lb/lbdvd,function,current,,,,value
fact:c09e01ed-84e8-4555-b14f-fcb505611d9d,target:function:main/melee/it/kinds/itspycloak:itSpyCloak_Logic33_Dropped,,inferred_type,A void item lifecycle callback with signature `void (*)(Item_GObj*)`.,"The matched definition returns `void`, accepts exactly one `Item_GObj*`, and is named as the item's dropped lifecycle callback.",0.99,2026-09-02T01:12:36.851Z,itSpyCloak_Logic33_Dropped,main/melee/it/kinds/itspycloak:itSpyCloak_Logic33_Dropped,main/melee/it/kinds/itspycloak,function,current,,,,rationale
fact:c0f92b05-ef5c-40c4-adf6-128cb5caff4d,target:data:main/melee/ft/kinds/ftCommon/ftCo_09F4:.sdata2,,inferred_type,"A 16-byte read-only small-data constant pool owned by ftCo_09F4, containing scalar constants used by the unit's floating-point lighting calculations rather than a mutable runtime structure.","The target is the unit's 16-byte .sdata2 section, and the full-unit matching change recovered the floating-point light-update implementation alongside its owned data. Its placement in .sdata2 and use by trigonometric and color calculations support classifying it as a compact scalar-constant pool; there is not enough evidence to assign stable names to its individual literals.",0.87,2026-09-02T12:29:45.881Z,.sdata2,main/melee/ft/kinds/ftCommon/ftCo_09F4:.sdata2,main/melee/ft/kinds/ftCommon/ftCo_09F4,data,current,,,,rationale
fact:c44d9881-ea34-4de9-ade5-a1fa8634a063,target:function:main/melee/ft/kinds/ftCrazyHand/ftcrazyhandcapturecrazyhand:ftCo_CaptureCrazyHand_Anim,,purpose,"Supplies the animation-update callback required by the CaptureCrazyHand fighter state while deliberately performing no animation-completion check, transition, or other per-frame work.","The complete function is an empty void routine named as the CaptureCrazyHand Anim callback. In contrast, the neighboring Crazy Hand Grab Anim callback uses the same callback signature to check remaining animation frames and initiate a transition, confirming that the empty CaptureCrazyHand implementation intentionally omits such handling.",0.98,2026-09-02T01:54:55.557Z,ftCo_CaptureCrazyHand_Anim,main/melee/ft/kinds/ftCrazyHand/ftcrazyhandcapturecrazyhand:ftCo_CaptureCrazyHand_Anim,main/melee/ft/kinds/ftCrazyHand/ftcrazyhandcapturecrazyhand,function,current,,,,rationale
fact:c4a53af6-b8db-4ba2-84d4-72069ecc6401,,translation_unit:src/melee/gr/grpushon.c,game_mapping,"Realizes Melee's Race to the Finish bonus stage, internally identified as `Gr_Kind_Pushon`. Its stage-specific behavior includes camera tracking through the timed course, animated contact-responsive stage elements, collision-dynamics selection for different surfaces, auxiliary object generation, and spatial lighting selected relative to player one.","The current StageData identifies Pushon and retains its player-following camera, contact, collision-dynamics, generator, and lighting systems. SmashWiki identifies Race to the Finish's Japanese name as “Push on Forward!” and describes the timed course.",0.97,2026-09-04T02:17:00.355Z,,,,,,translation_unit,src/melee/gr/grpushon.c,active,rationale
fact:c548e94b-e390-43bd-a8fa-a53b3f2d9869,target:function:main/melee/ft/ft_07C6:ft_8007C77C,,state_behavior,"Outside Coin Battle the function returns without touching fighter or item state. In Coin Battle it sets `Fighter.x2229_b4` when the fighter's player-ID parity differs from the active-simulation frame parity; a set flag suppresses pickup processing for that frame, alternating the workload between even- and odd-numbered players. A return value of 2 from `ftColl_8007B868` also suppresses scanning. During the scan, same-player-owned coins require `xDEC_b1`, while other or unowned coins require `xDEC_b0`. A collision with either of the fighter's two regions immediately awards and destroys that coin, then stops testing that destroyed item.","The function's early returns and nested branches directly establish the mode guard, parity transition, additional collision-state guard, owner-sensitive eligibility rules, and successful-pickup transition. The exact semantic name of the `ftColl_8007B868` state is not inferred beyond its demonstrated suppressing value.",0.99,2026-09-02T11:59:07.451Z,ft_8007C77C,main/melee/ft/ft_07C6:ft_8007C77C,main/melee/ft/ft_07C6,function,current,,,,rationale
fact:c5d3ab4b-1d2d-4dfd-93ac-665cc67d5d8d,target:function:main/melee/ft/kinds/ftYoshi/ftyoshispecials:ftYs_SpecialAirSLoop_2_Anim,,state_behavior,"This is a countdown-controlled aerial loop phase. Each invocation performs the rolling presentation updates and decrements `mv.ys.specials.x0`. While the result is positive the phase continues; when it reaches zero or below, the callback clamps it to zero and requests the next state through `ftYs_SpecialS_8012F0DC` with selector 1 and state value `0x440012`.","The function's terminal guard is entirely centered on `x0`: all invocations decrement it, and only expiration causes a zero clamp and state-helper call. The source does not expose a semantic name for the destination state, so the selector and state value are preserved literally.",0.99,2026-09-02T01:37:56.106Z,ftYs_SpecialAirSLoop_2_Anim,main/melee/ft/kinds/ftYoshi/ftyoshispecials:ftYs_SpecialAirSLoop_2_Anim,main/melee/ft/kinds/ftYoshi/ftyoshispecials,function,current,,,,rationale
fact:c6f5a7e9-2a63-4ae7-8402-1af0e7c203fd,target:function:main/melee/gr/grshrine:grShrine_80201E44,,game_mapping,Prepares one animated map component of Melee's Temple stage. The available code identifies it only as Shrine map object 1 and does not establish which visible part of Temple that object represents.,"The function is the initializer in callback-table row 1 of the `Gr_Kind_Shrine` stage descriptor, and its body configures an animation using that object's map ID. SmashWiki maps SHRINE to Temple and identifies Temple as a stage introduced in Melee, but neither source assigns a player-facing name to map object 1, so the mapping remains deliberately component-level.",0.94,2026-09-02T07:21:00.145Z,grShrine_80201E44,main/melee/gr/grshrine:grShrine_80201E44,main/melee/gr/grshrine,function,current,,,,rationale
fact:c8745a2f-8fbf-48e9-a7a0-c2f97da4e7b7,target:function:main/melee/ft/kinds/ftYoshi/ftyoshispecials:ftYs_SpecialAirSLanding_IASA,,data_flow,"Receives Yoshi's fighter GObj from the action-state callback system, resolves its `Fighter`, and writes integer zero to `fp->mv.ys.specials.x30`. The same field is initialized and repeatedly cleared by adjacent late-phase Egg Roll animation and IASA callbacks; no read or nonzero producer is demonstrated in the recovered unit.","The target establishes the GObj-to-Fighter-to-field write path. Neighboring Start_1, Loop_2, Loop_3, and Landing callbacks perform the same zero assignment, supporting the limited conclusion that this is shared late-phase move bookkeeping while avoiding an unsupported semantic name for the field.",0.97,2026-09-02T01:38:37.825Z,ftYs_SpecialAirSLanding_IASA,main/melee/ft/kinds/ftYoshi/ftyoshispecials:ftYs_SpecialAirSLanding_IASA,main/melee/ft/kinds/ftYoshi/ftyoshispecials,function,current,,,,rationale
fact:c8ba8779-2ec6-4149-b860-7211af6fd52b,target:function:main/melee/ft/kinds/ftCommon/ftCo_PassiveStand:ftCo_80098928,,game_mapping,"Realizes selection of Melee's directional ground-tech, or tech-roll, variants: holding the stick in the fighter's facing direction chooses PassiveStandF, while holding it against facing chooses PassiveStandB.",The target explicitly selects the PassiveStandF and PassiveStandB motion states from horizontal input relative to facing. SmashWiki identifies those exact internal state names as the two directions of a rolling tech and describes the mechanic as tilting the control stick left or right while teching.,0.98,2026-09-02T06:09:14.250Z,ftCo_80098928,main/melee/ft/kinds/ftCommon/ftCo_PassiveStand:ftCo_80098928,main/melee/ft/kinds/ftCommon/ftCo_PassiveStand,function,current,,,,rationale
fact:c9fdb2ed-2b14-4a0d-aee4-74379d3bb9e9,target:function:main/melee/it/kinds/ithitodeman:it_802D4EF4,,inferred_type,"A Boolean item-interaction callback with signature `bool (Item_GObj*)`; it receives the Hitodeman Star item object, mutates its Item state, and always returns `false`. Its placement and strongest recovered analog indicate that it is likely the Logic43 damage-dealt callback.","The matched definition directly establishes the C signature, Item mutation, and invariant return value. The surrounding source identifies the affected object as the Logic43 Hitodeman Star projectile, while the identically shaped recovered Fox Illusion routine is explicitly typed by name as a damage-dealt callback.",0.93,2026-09-02T06:52:26.155Z,it_802D4EF4,main/melee/it/kinds/ithitodeman:it_802D4EF4,main/melee/it/kinds/ithitodeman,function,current,,,,rationale
fact:ca5ab697-9f08-4615-82e3-07b7db41618a,target:function:main/melee/gr/grinishie2:grInishie2_801FCBC4,,game_mapping,"Performs match-start initialization for Melee's Mushroom Kingdom II stage, preparing its stage Ground components, collision topology, camera-tracking region, and KO boundaries before recurring stage behavior begins.","The code installs the target as the initializer of `Gr_Kind_Inishie2` using the `GrI2` resource and shows it preparing objects, collision entries, camera bounds, and the blast zone. SmashWiki identifies Mushroom Kingdom II's Japanese name as `Inishie no Ōkoku II`, grounding the internal Inishie2 designation in the visible Melee stage.",0.98,2026-09-02T08:16:22.575Z,grInishie2_801FCBC4,main/melee/gr/grinishie2:grInishie2_801FCBC4,main/melee/gr/grinishie2,function,current,,,,rationale
fact:ca7162ca-3f13-4406-a29f-52adf6f0a8cd,target:function:main/melee/gm/gm_1A45:gm_GetCurrentSceneExitData,,data_flow,"Dereferences the globally installed current-scene record gm_804D6720, reads its exit_data member, and returns that pointer unchanged to the caller; it performs no validation, conversion, allocation, or mutation.","The refreshed field name is exit_data rather than leave_data. The complete body remains a single field-return expression, while the adjacent setter shows that gm_804D6720 receives the installed GameSceneInfo pointer.",0.99,2026-09-04T19:33:17.456Z,gm_GetCurrentSceneExitData,main/melee/gm/gm_1A45:gm_GetCurrentSceneExitData,main/melee/gm/gm_1A45,function,current,,,,rationale
fact:cae3e619-5357-4821-b0dd-2770b6c3aab5,target:function:main/melee/pl/plbonuslib:pl_8003E2CC,,game_mapping,"Supports Melee's match-bonus tracking for item use by exposing how many qualifying interactions the player accumulated in a particular item category. End-of-match evaluation uses these counts to recognize no-item, single-category, category-diversity, grouped-item, and item-specific bonus conditions.","The item-event handler accumulates per-player category counts, while the bonus evaluator checks their total, compares the total with one category, counts nonzero categories, groups categories, and applies item-specific thresholds before setting bonus flags. This directly maps the accessor to item-related match-bonus qualification without assigning names to the still-unknown enum categories.",0.96,2026-09-02T08:10:43.817Z,pl_8003E2CC,main/melee/pl/plbonuslib:pl_8003E2CC,main/melee/pl/plbonuslib,function,current,,,,rationale
fact:cbe0649e-8122-434c-bc37-ccc02c8f2900,target:function:main/melee/it/kinds/itlinkhookshot:it_802A2BA4,,state_behavior,"Creation is permitted only while `link_fighter_compare` accepts the owner's current motion; rejection returns NULL before allocation. Motion `0x168` selects chain-construction variant 1, while other accepted motions select variant 0. Generic item-creation failure returns NULL without chain initialization. If segmented-chain construction fails after item creation, the function destroys the partial article and returns NULL; success clears Hookshot field x14, establishes the owner and leading-link associations, attaches the article, and returns the initialized Item_GObj.","The matched control flow explicitly distinguishes the pre-allocation motion guard, motion-dependent construction mode, generic factory failure, rollback after partial creation, and successful initialized state. These branches define the constructor's state-dependent behavior without assigning unsupported semantic names to the two accepted construction variants.",0.98,2026-09-02T13:22:07.625Z,it_802A2BA4,main/melee/it/kinds/itlinkhookshot:it_802A2BA4,main/melee/it/kinds/itlinkhookshot,function,current,,,,rationale
fact:cc9058a9-19e7-4c26-bfac-88ba18be4bd2,target:function:main/melee/ft/kinds/ftCommon/ftCo_CargoKneebend:ftCo_CargoKneebend_Phys,,data_flow,"Passes the Fighter_GObj unchanged to ft_80084F3C. That helper reads the fighter's ground velocity, ground-friction attribute, and maximum walking velocity; scales friction by the common-data friction_when_above_walk_speed factor when absolute ground speed exceeds the walking maximum; then applies the resulting friction and updates grounded movement.","The wrapper still forwards its input unchanged. The current helper body confirms the same reads and movement operations, while exposing a semantic name for the formerly offset-described common-data multiplier.",0.98,2026-09-04T19:00:24.366Z,ftCo_CargoKneebend_Phys,main/melee/ft/kinds/ftCommon/ftCo_CargoKneebend:ftCo_CargoKneebend_Phys,main/melee/ft/kinds/ftCommon/ftCo_CargoKneebend,function,current,,,,rationale
fact:cd1a1b42-e728-47d1-b91c-f2a09f9688da,target:function:main/melee/it/kinds/itstarrod:itStarRod_Logic22_Thrown,,game_mapping,Realizes the Star Rod's transition from being held to behaving as a thrown item. The callback initializes that thrown state; it does not itself calculate the powerful semi-spike knockback or reflection behavior associated with a thrown Star Rod.,"The callback's semantic name and state-selection body establish entry into thrown behavior, while SmashWiki identifies throwing the Star Rod as a distinct offensive use with powerful semi-spike knockback and reflection behavior. Because the body only configures state and update flags, those attack properties must be supplied elsewhere.",0.97,2026-09-02T01:18:19.958Z,itStarRod_Logic22_Thrown,main/melee/it/kinds/itstarrod:itStarRod_Logic22_Thrown,main/melee/it/kinds/itstarrod,function,current,,,,rationale
fact:ced19e46-af30-4858-9d83-4d1665ddefad,target:function:main/melee/ft/kinds/ftCommon/ftCo_Lift:ftCo_LiftWait_Phys,,data_flow,"Receives the active fighter GObj and forwards it to ft_80084F3C. That helper obtains the Fighter and common attributes, reads ground velocity, maximum walking velocity, and base ground friction, scales friction by p_ftCommonData->friction_when_above_walk_speed when absolute ground speed exceeds the walking maximum, then passes the selected friction and fighter object into the ground-friction and ground-movement routines.","The relocated wrapper preserves direct forwarding into ft_80084F3C. The current helper body preserves the attribute reads, guarded friction transformation, and downstream consumers while replacing the former anonymous common-data field with its semantic name.",0.99,2026-09-04T19:07:24.419Z,ftCo_LiftWait_Phys,main/melee/ft/kinds/ftCommon/ftCo_Lift:ftCo_LiftWait_Phys,main/melee/ft/kinds/ftCommon/ftCo_Lift,function,current,,,,rationale
fact:cfd3659f-6fb6-4d87-9000-ffbbc9971697,target:function:main/melee/gr/grstory:grStory_UnkStage0_OnLoad,,purpose,"Provides an intentionally empty load hook for Yoshi's Story's unknown stage-0 lifecycle slot, allowing that stage configuration to require no load-time initialization.","The complete matched definition is a function named as the unknown stage-0 `OnLoad` hook and has an empty body. Its lifecycle role follows from the callback-style symbol, while the body proves that this particular hook deliberately performs no initialization.",0.96,2026-09-02T04:53:32.367Z,grStory_UnkStage0_OnLoad,main/melee/gr/grstory:grStory_UnkStage0_OnLoad,main/melee/gr/grstory,function,current,,,,rationale
fact:d027530d-5f4d-4a2f-8cff-2a0faf880305,target:function:main/melee/ft/kinds/ftLuigi/ftluigispecials:ftLg_SpecialSMisfire_Phys,,purpose,"Serves as the physics callback for Luigi's grounded Green Missile misfire state, delegating the frame's physics processing to ft_80084F3C.",The matched function is explicitly named as the non-air SpecialS misfire physics callback and its entire body forwards the fighter object to ft_80084F3C.,0.96,2026-09-01T23:54:50.138Z,ftLg_SpecialSMisfire_Phys,main/melee/ft/kinds/ftLuigi/ftluigispecials:ftLg_SpecialSMisfire_Phys,main/melee/ft/kinds/ftLuigi/ftluigispecials,function,current,,,,rationale
fact:d0a9c82f-1d97-4dd3-bd99-406fecaac9fb,target:function:main/melee/it/kinds/itwhitebea:it_802E3528,,inferred_type,Signature: void (Item_GObj* gobj). It is an internal Old Ottosea motion-state entry routine for item state 11.,"The declaration directly establishes the return and parameter types. Its final call selects state 0xB, and the immediately following functions are explicitly named as Old Ottosea motion-11 animation, physics, and collision callbacks.",0.99,2026-09-02T06:00:56.338Z,it_802E3528,main/melee/it/kinds/itwhitebea:it_802E3528,main/melee/it/kinds/itwhitebea,function,current,,,,rationale
fact:d1696245-d8f7-4169-9712-d67fba43ca1a,target:function:main/melee/it/iteffect:it_8027870C,,data_flow,"Reads the active language setting to select one of two archive filename globals. It passes that filename and one required symbol name to lbArchive_80017040, with no HSD_Archive descriptor output, causing the resolved public-symbol address to be written to it_804D6D20. It then copies offsets 0x0, 0x4, 0x8, 0xC, 0x10, and 0x14 from that resource root into six item-system globals. Its s32 input is ignored.","The current body still branches only on the language predicate, passes a null archive-descriptor destination and one public-symbol destination/name pair, and copies six fields from the resulting root without reading its parameter. The archive helper confirms how that destination is populated.",0.99,2026-09-04T23:15:33.959Z,it_8027870C,main/melee/it/iteffect:it_8027870C,main/melee/it/iteffect,function,current,,,,value
fact:d1924cce-7bbc-470d-bb04-e42d758245e3,target:function:main/melee/it/itzako:it_8027CBA4,,game_mapping,"Realizes the shared item-dropping transition for carriable stage-enemy actors, moving them out of fighter-held interaction and preparing them to resume enemy-specific behavior in an airborne post-drop state.","The function is called from the Dropped lifecycle callbacks of Old Kuri, Patapata, Like Like, Octorok, and other enemy-item actors. It restores owner-relative facing and airborne/shared item status before those callbacks enter their specific post-drop states. The debug-menu documentation identifies the associated internal item names as Melee stage enemies.",0.97,2026-09-02T07:46:21.827Z,it_8027CBA4,main/melee/it/itzako:it_8027CBA4,main/melee/it/itzako,function,current,,,,rationale
fact:d2906276-5055-4597-bed2-6be852936fdc,target:function:main/melee/it/kinds/itleadead:itLeadead_UnkMotion3_Coll,,data_flow,"Receives the ReDead's Item_GObj and passes it with it_802E9308 to the common ground-collision routine. That routine refreshes CollData, copies CollData.cur_pos into the item's position, records the current floor index while supported, and otherwise clears grounded collision state before calling it_802E9308. The transition callback clears Leadead variable x48, scales horizontal velocity by special-attribute xC, and requests state 0xA; the target then forwards the constant-false result of it_8027C794.","Reading the target with both callees and the supplied event establishes the complete input, mutation, transition, and return path without assigning unsupported semantic names to the Leadead-specific variable or attribute.",0.98,2026-09-02T03:15:44.632Z,itLeadead_UnkMotion3_Coll,main/melee/it/kinds/itleadead:itLeadead_UnkMotion3_Coll,main/melee/it/kinds/itleadead,function,current,,,,rationale
fact:d2bcd080-203a-4c7f-9719-a64c8c4e2ff8,target:function:main/melee/it/kinds/itmetalb:itMetalB_Logic32_Spawned,,purpose,Initializes a newly spawned Metal Box by clearing item flag xDCE bit 7 and then delegating to the routine that establishes its initial item state.,"The complete function body performs exactly two initialization actions after retrieving the Item: it clears xDCE_flag.b7 and calls it_80295498 with the same object. Because this is the Logic32 Spawned callback, that sequence is the item's spawn-time setup; the precise semantic name of the cleared flag remains unknown.",0.96,2026-09-02T01:07:34.048Z,itMetalB_Logic32_Spawned,main/melee/it/kinds/itmetalb:itMetalB_Logic32_Spawned,main/melee/it/kinds/itmetalb,function,current,,,,rationale
fact:d3ebcdc7-3f13-4199-aa35-836fd8481c36,target:function:main/melee/if/soundtest:un_802FFB58,,game_mapping,"Implements the hidden debug Sound Test's `FGM NAME` preview control: the selected foreground sound can be played or stopped, with its dynamically managed SFX bank loaded before playback when required.",The documented menu identifies FGM NAME as the sound-selection and playback control. Current code indexes and plays the selected FGM entry and stops SFX on cancellation.,0.98,2026-09-04T20:25:00.797Z,un_802FFB58,main/melee/if/soundtest:un_802FFB58,main/melee/if/soundtest,function,current,,,,rationale
fact:d439200a-d735-4d3a-a518-4cf4bea14390,target:data:main/melee/ft/kinds/ftPeach/ftpeach:.sdata2,,inferred_type,"An 8-byte anonymous `.sdata2` contribution containing compiler-emitted small read-only data or alignment padding. The recovered translation unit declares no corresponding named source object, so the payload's individual words, runtime consumers, and authored semantic name are not presently identifiable.","The current translation unit contains the complete explicit motion-state table, resource declarations, and callback definitions without a named object corresponding to this anonymous section contribution. Replacing the deleted `ftPe_Init.c` citation with the renamed head source preserves the supported claim while removing the unresolvable evidence.",0.88,2026-09-04T22:54:12.320Z,.sdata2,main/melee/ft/kinds/ftPeach/ftpeach:.sdata2,main/melee/ft/kinds/ftPeach/ftpeach,data,current,,,,value
fact:d43c6e6c-dfb6-4fcd-ae9c-944c4770646b,target:function:main/melee/ft/kinds/ftMasterHand/ftmasterhandcapturedamagemasterhand:ftMh_CaptureDamageMasterHand_IASA,,purpose,"Serves as the no-op IASA callback for Master Hand's CaptureDamageMasterHand action state, satisfying the fighter action-state callback interface while intentionally providing no interruptible-as-soon-as handling.","The complete matched definition is named as the state's IASA callback, has the fighter callback signature, and has an empty body. This directly establishes that the callback exists for the IASA phase but intentionally performs no phase-specific processing.",0.99,2026-09-02T02:21:10.486Z,ftMh_CaptureDamageMasterHand_IASA,main/melee/ft/kinds/ftMasterHand/ftmasterhandcapturedamagemasterhand:ftMh_CaptureDamageMasterHand_IASA,main/melee/ft/kinds/ftMasterHand/ftmasterhandcapturedamagemasterhand,function,current,,,,rationale
fact:d51de108-5dad-4bee-9ad0-5bd429ff378b,target:function:main/melee/ft/kinds/ftCommon/ftCo_CaptureWaitKirby:ftCo_CaptureWaitKirby_Anim,,purpose,Provides the animation-phase callback for the captured fighter's CaptureWaitKirby state while intentionally performing no animation-specific processing. It leaves maintenance and termination of the hold to the state's other callbacks.,"The current definition is an empty function named as the state's animation callback. The current IASA implementation in the same unit performs input handling, mash processing, timer updates, and release, confirming that this callback is deliberately inert.",0.97,2026-09-04T22:43:48.893Z,ftCo_CaptureWaitKirby_Anim,main/melee/ft/kinds/ftCommon/ftCo_CaptureWaitKirby:ftCo_CaptureWaitKirby_Anim,main/melee/ft/kinds/ftCommon/ftCo_CaptureWaitKirby,function,current,,,,rationale
fact:d5cda4ae-eeea-452c-a90c-5b11f1365b2e,target:function:main/melee/gr/groldpupupu:grOldPupupu_8021099C,,game_mapping,"Provides the initial visual and animation setup for ground component 0 of Dream Land. The available evidence identifies the enclosing Old Pupupu module as Dream Land, but does not establish that this particular component is Whispy Woods or another specific visible stage element.","The code places the function in component entry 0 of the stage descriptor for `Gr_Kind_OldPupupu` using `/GrOp.dat`. The community record maps the internal `groldpupupu` name to Dream Land, while the stage documentation identifies Dream Land's overall presentation and Whispy Woods mechanic; because the component's specific model identity is not exposed, the claim remains limited to Dream Land component 0.",0.9,2026-09-02T08:11:14.375Z,grOldPupupu_8021099C,main/melee/gr/groldpupupu:grOldPupupu_8021099C,main/melee/gr/groldpupupu,function,current,,,,rationale
fact:d62e106e-94d9-4523-a58e-b397f3f76739,target:function:main/melee/ft/kinds/ftCaptain/ftcaptainspecialhi:ftCa_SpecialHiCatch_Phys,,purpose,"Supplies the physics callback for Captain Falcon's SpecialHi successful-catch action state. This phase deliberately requires no per-frame physics processing from its callback, so the routine exists to fill the action-state interface and immediately returns.",The complete matched definition is named as the `SpecialHiCatch` physics callback and has an empty body. That combination establishes both its callback role and the intentional absence of catch-phase physics work.,0.98,2026-09-02T01:12:14.847Z,ftCa_SpecialHiCatch_Phys,main/melee/ft/kinds/ftCaptain/ftcaptainspecialhi:ftCa_SpecialHiCatch_Phys,main/melee/ft/kinds/ftCaptain/ftcaptainspecialhi,function,current,,,,rationale
fact:d659a8e7-e132-4c44-8ba2-ae47016b7722,target:function:main/melee/ft/kinds/ftGanon/ftganon:ftGn_Init_OnKnockbackEnter,,state_behavior,"At the knockback-entry boundary, switches character parts 3 and 4 to part-animation selection 3; the paired knockback-exit callback switches those same parts to selection 2.","The entry and exit functions have identical two-call structures and operate on the same part indices, with the selected animation value changing from 3 on entry to 2 on exit. This directly describes the state-boundary behavior without assigning unsupported semantic names to the numeric part selections.",0.99,2026-09-02T00:19:30.869Z,ftGn_Init_OnKnockbackEnter,main/melee/ft/kinds/ftGanon/ftganon:ftGn_Init_OnKnockbackEnter,main/melee/ft/kinds/ftGanon/ftganon,function,current,,,,rationale
fact:d6e258eb-58b7-4ee0-91ea-70ab4eb93c37,target:data:main/melee/ft/kinds/ftCommon/ftCo_PassiveWall:.sdata2,,game_mapping,Supports Melee's wall tech and wall tech jump actions by supplying numeric constants used to initialize and release the internally named PassiveWall and PassiveWallJump states.,The current source consumes these values while entering and updating PassiveWall and PassiveWallJump. The mechanics documentation identifies those internal state names as wall tech and wall tech jump respectively.,0.95,2026-09-04T19:05:33.883Z,.sdata2,main/melee/ft/kinds/ftCommon/ftCo_PassiveWall:.sdata2,main/melee/ft/kinds/ftCommon/ftCo_PassiveWall,data,current,,,,rationale
fact:d6fc0f71-5ed3-413f-923f-2490ca4d46bc,target:function:main/melee/lb/lbarchive:lbArchive_LoadSymbols,,inferred_type,"Signature: `HSD_Archive* lbArchive_LoadSymbols(const char* filename, void* first_output, ...)`. Semantically, `first_output` is the first `void**` destination in a NULL-terminated sequence of `(void** destination, const char* public_symbol_name)` pairs; each following destination and name is obtained from the variadic tail.","The current declaration proves the fixed signature, while the fatal helper shows that the fixed variadic anchor is used as a destination followed by a name, with subsequent destination/name pairs ending at a NULL destination.",0.98,2026-09-04T23:41:06.534Z,lbArchive_LoadSymbols,main/melee/lb/lbarchive:lbArchive_LoadSymbols,main/melee/lb/lbarchive,function,current,,,,value
fact:d71846d4-31b3-45a3-ab8c-cedff6c2e54d,target:function:main/melee/ft/kinds/ftZelda/ftzeldaspeciallw:ftZd_SpecialAirLw2_IASA,,purpose,"Serves as the intentionally inert IASA callback for Zelda's aerial Transform finishing state, leaving that state with no interrupt or input-driven transition logic in its IASA phase.","The function is named as the IASA callback for aerial SpecialLw2 and its complete matched body immediately returns. The neighboring SpecialAirLw2 callbacks perform animation completion, aerial physics, and landing handling, so this callback fills only the IASA slot and deliberately contributes no transition behavior.",0.98,2026-09-02T03:54:54.822Z,ftZd_SpecialAirLw2_IASA,main/melee/ft/kinds/ftZelda/ftzeldaspeciallw:ftZd_SpecialAirLw2_IASA,main/melee/ft/kinds/ftZelda/ftzeldaspeciallw,function,current,,,,rationale
fact:d885b25b-afd8-45a6-a2c8-80faba226e95,target:function:main/sysdolphin/baselib/wobj:HSD_WObjLoadDesc,,purpose,"Constructs a runtime HSD_WObj from an HSD_WObjDesc, instantiating a registered world-object subclass when the descriptor names one or falling back to the standard HSD_WObj allocator, then delegates descriptor population to the selected object's virtual load method.","The function uses the descriptor's optional class name to choose registered-class construction or standard WObj allocation, invokes the resulting object's load method, and returns the populated object. The base load implementation shows that descriptor population installs the WObj's position and reference-object attachments.",0.98,2026-09-02T00:13:48.807Z,HSD_WObjLoadDesc,main/sysdolphin/baselib/wobj:HSD_WObjLoadDesc,main/sysdolphin/baselib/wobj,function,current,,,,rationale
fact:d9bfef9b-4f95-4837-a8cc-e0c7c702e9a1,target:function:main/melee/ft/kinds/ftKirby/ftkirbyspecialpurin:ftKb_PrSpecialAirN_Anim,,purpose,"Runs the per-frame animation-side processing for Kirby's aerial Rollout charge-release phase: it applies the short release deformation, updates attack helpers, advances the visible roll angle from the stored charge, counts down a release delay, and requests the next Rollout action at a direction-appropriate half-turn boundary.","The callback invokes the aerial scale, hit-capsule, and shared SpecialN helpers, computes and normalizes a charge-dependent angular step, decrements a timer, and invokes the transition helper only after the timer expires and the rolling angle crosses π in its current direction. The exact native Jigglypuff analog is explicitly named as the aerial charge-release callback.",0.98,2026-09-02T01:24:13.810Z,ftKb_PrSpecialAirN_Anim,main/melee/ft/kinds/ftKirby/ftkirbyspecialpurin:ftKb_PrSpecialAirN_Anim,main/melee/ft/kinds/ftKirby/ftkirbyspecialpurin,function,current,,,,rationale
fact:da436460-c1cd-4b23-ac7c-425c3ce8fe3a,target:function:main/melee/ft/ftdemo:ftDemo_GetMotionFileString,,game_mapping,Realizes character-specific demo animation asset selection: extended demo-motion slots use per-character logic to name the appropriate motion resource before that resource is retrieved from the fighter archive.,"The refreshed header evidence confirms that the naming callback table retains one entry per fighter kind. The function dispatches through that table, and its caller supplies identifiers for extended demo slots and uses the returned name to resolve the corresponding public resource in the fighter archive.",0.95,2026-09-04T22:40:29.654Z,ftDemo_GetMotionFileString,main/melee/ft/ftdemo:ftDemo_GetMotionFileString,main/melee/ft/ftdemo,function,current,,,,rationale
fact:da472ca4-236f-44ea-8546-1aaedc0bfc34,target:function:main/melee/it/kinds/itrshell:itRShell_Logic15_Reflected,,purpose,Handles a Red Shell reflection event by invoking shared item-reflection processing and then refreshing the shell-local active-lifetime countdown from the item's resulting half-life timer.,The matched callback is explicitly registered by name as the Red Shell's reflected-event handler. It passes the item object to the shared reflection routine before copying xD48_halfLifeTimer into the Red Shell-specific xDD4 field. Separate Red Shell animation code proves that xDD4 is the countdown whose exhaustion completes an active motion state.,0.98,2026-09-02T02:44:56.268Z,itRShell_Logic15_Reflected,main/melee/it/kinds/itrshell:itRShell_Logic15_Reflected,main/melee/it/kinds/itrshell,function,current,,,,rationale
fact:db1296bd-4e88-4dcb-994d-c953399ed138,target:function:main/melee/ft/kinds/ftMasterHand/ftmasterhandrockcrush:ftMh_RockCrushUp_Anim,,state_behavior,"Leaves the RockCrushUp state unchanged while animation frames remain. On the first update with no remaining frames, it invokes ftMh_MS_355_8015247C to enter the next local state and then seeds fp->mv.mh.unk0.x8 from Master Hand attribute xA0.","The negated remaining-frames test is the function's sole guard, and all transition and initialization work occurs inside it. The cited span does not establish a semantic name for state 355 or field x8, so the claim retains their demonstrated identities.",0.99,2026-09-02T02:21:14.657Z,ftMh_RockCrushUp_Anim,main/melee/ft/kinds/ftMasterHand/ftmasterhandrockcrush:ftMh_RockCrushUp_Anim,main/melee/ft/kinds/ftMasterHand/ftmasterhandrockcrush,function,current,,,,rationale
fact:db225646-9151-47aa-a576-52ee2106b732,target:function:main/melee/pl/plbonuslib:pl_8003DF44,,game_mapping,"Implements the KO-attribution half of a timed Melee bonus condition for taunting shortly after KOing an opponent. Self-destructs, unattributed deaths, and teammate KOs do not open the window; a qualifying opponent KO opens it for the credited player, and taunting before it expires records point-bonus decision `0x4D`. The decision's player-facing display name is not recovered by the available evidence.","At head, the target still rejects sentinel, self, and same-team attribution before arming `xD54`. That field remains a decrementing timer consumed for decision `0x4D`, and the current common AppealS path confirms that normal taunt entry invokes the consuming handler.",0.97,2026-09-04T23:43:01.269Z,pl_8003DF44,main/melee/pl/plbonuslib:pl_8003DF44,main/melee/pl/plbonuslib,function,current,,,,value
fact:db2c2476-e9ae-433d-8d26-d3f2a6dfb0fe,target:function:main/melee/ft/kinds/ftCommon/ftCo_CatchCut:ftCo_CatchCut_IASA,,purpose,"Supplies the deliberately empty IASA callback for the captor's CatchCut state, occupying the action state's input-processing phase while allowing no input-driven interruption or transition.","The current definition is an empty function named as CatchCut's IASA callback. The adjacent animation, physics, and collision callbacks perform the state's completion, movement, and terrain work instead.",0.99,2026-09-04T19:02:01.948Z,ftCo_CatchCut_IASA,main/melee/ft/kinds/ftCommon/ftCo_CatchCut:ftCo_CatchCut_IASA,main/melee/ft/kinds/ftCommon/ftCo_CatchCut,function,current,,,,rationale
fact:db5c3820-da59-4d60-8831-fabe9160c478,target:function:main/melee/it/kinds/itlinkboomerang:it_802A2320,,inferred_type,"Item shield-bounce event callback with signature `bool(Item_GObj* gobj)`. It receives the bounced boomerang's item game object, mutates its velocity and boomerang-specific heading/orientation fields in place, and always returns false.","The matched definition directly establishes the Boolean return and sole `Item_GObj*` parameter. Its body obtains the associated `Item`, writes its velocity and Link-boomerang item-variable arm, and ends with an unconditional false return. Its close analog is explicitly typed and named as a projectile ShieldBounced callback.",0.99,2026-09-02T06:48:58.156Z,it_802A2320,main/melee/it/kinds/itlinkboomerang:it_802A2320,main/melee/it/kinds/itlinkboomerang,function,current,,,,rationale
fact:dbbb4a93-0c8f-4ce3-9ff2-e8d45a8b404f,target:function:main/melee/sfx/crowdsfx:un_80321A00,,game_mapping,"Controls the timed continuation and completion of Melee's character-specific crowd cheer or name chant after a qualifying fighter reaction, rather than directly producing the danger gasp itself.","The reaction initializer obtains a fighter-specific crowd SFX, stores it in x14, and resets x18; this update then repeatedly plays x14 between generic lead-in and closing sounds. SmashWiki independently states that Melee's crowd can shout a human player's character name as a unique cheer chant.",0.97,2026-09-02T12:05:15.787Z,un_80321A00,main/melee/sfx/crowdsfx:un_80321A00,main/melee/sfx/crowdsfx,function,current,,,,rationale
fact:dc37f5dc-90e7-4050-81b2-5a51120b6a6b,target:function:main/melee/ft/kinds/ftSamus/ftsamusspecials:ftSs_SpecialS_IASA,,purpose,"Serves as the grounded ordinary-Missile action state's IASA callback. This state has no move-specific interrupt checks, so the callback deliberately returns without performing any work.","The complete matched definition is an empty function named as the grounded `SpecialS` IASA callback. Its exact empty-function opseq analogs are likewise inert callback or hook implementations, supporting interpretation as an intentionally valid but behaviorless callback rather than missing code.",0.98,2026-09-02T00:51:03.762Z,ftSs_SpecialS_IASA,main/melee/ft/kinds/ftSamus/ftsamusspecials:ftSs_SpecialS_IASA,main/melee/ft/kinds/ftSamus/ftsamusspecials,function,current,,,,rationale
fact:dc3f1552-a116-4f20-adb1-bdece967361e,target:function:main/melee/mp/mpcoll:mpCollSqueezeHorizontal,,state_behavior,"On the first horizontal squeeze while `x34_flags.b6` is clear, copies the complete current ECB into `x64_ecb`; subsequent calls while that bit remains set retain the original backup. Every call sets `x34_flags.b6`, updates both current and desired horizontal ECB extents, and clears `x34_flags.b5`.","The guard around the ECB copy proves first-entry backup behavior, while the unconditional flag and extent assignments establish the persistent squeezed state changes. No stronger semantic name for bits b5 and b6 is asserted beyond their demonstrated behavior.",0.99,2026-09-02T04:49:08.603Z,mpCollSqueezeHorizontal,main/melee/mp/mpcoll:mpCollSqueezeHorizontal,main/melee/mp/mpcoll,function,current,,,,rationale
fact:dc740ce8-bc90-4e4c-a752-bc941e1256a1,target:function:main/melee/it/kinds/itclimbersblizzard:itClimbersBlizzard_Reflected,,purpose,Handles the Blizzard item's reflected combat event by forwarding the item object to the shared item-reflection processor and returning that processor's result.,"The complete matched function is explicitly named as Blizzard's Reflected callback and directly returns it_80273030(gobj). A separate explicitly named Reflected callback calls the same helper, confirming that the callee provides shared reflected-item processing rather than Blizzard-specific logic.",0.98,2026-09-02T01:22:22.258Z,itClimbersBlizzard_Reflected,main/melee/it/kinds/itclimbersblizzard:itClimbersBlizzard_Reflected,main/melee/it/kinds/itclimbersblizzard,function,current,,,,rationale
fact:dd342191-fe8a-4a30-8c9d-391d8be539aa,target:function:main/melee/it/kinds/itlikelike:itLikelike_UnkMotion16_Coll,,state_behavior,"Within motion state 16, likelike.x38 selects collision mode: value 0 uses the delegated it_8026D6F4 path, while any nonzero value performs explicit collision preparation, ceiling resolution, position synchronization, and finalization. A detected ceiling contact updates Item.xC30 to the contacted ceiling's index.","The source contains an exact zero/nonzero guard and conditionally writes xC30 only when mpColl_8004C750 reports contact, establishing the state guard and its collision-side effect without requiring a speculative semantic name for x38.",0.98,2026-09-02T02:37:15.129Z,itLikelike_UnkMotion16_Coll,main/melee/it/kinds/itlikelike:itLikelike_UnkMotion16_Coll,main/melee/it/kinds/itlikelike,function,current,,,,rationale
fact:ddaa7174-6349-40aa-9162-b10a8a597b04,target:function:main/melee/ft/kinds/ftCommon/ftCo_0A01:ftCo_800A5980,,state_behavior,"This is a stateless whitelist predicate. It returns true when the inspected kind value lies in the half-open numeric interval represented by `ftCo_MS_LandingFallSpecial` through `ftCo_MS_Attack100Start`, or equals one of the values represented by `ftCo_MS_Furafura`, `ftCo_MS_Catch`, `ftCo_MS_CatchPull`, and `ftCo_MS_CatchAttack`; otherwise it returns false. It performs no transition itself. In item-threat prediction, true terminates analysis of that item with a no-threat result.",The matched body exhaustively defines the accepted values and contains no writes. The concrete Item caller establishes the operational consequence of true while also showing why the currently attached motion-state names should be treated as numeric aliases pending correction of the item-kind typing.,0.97,2026-09-02T15:10:13.462Z,ftCo_800A5980,main/melee/ft/kinds/ftCommon/ftCo_0A01:ftCo_800A5980,main/melee/ft/kinds/ftCommon/ftCo_0A01,function,current,,,,rationale
fact:de602845-8a90-49a0-9ffd-a2c2b439908f,target:function:main/melee/it/kinds/ityoshistar:itYoshistar_UnkMotion0_Anim,,purpose,Checks whether the Yoshi Star's motion-state 0 model animation remains active and reports the state complete once no active animation remains.,The function is named as motion 0's animation callback and returns the logical inverse of `it_80272C6C`. The resolved helper discussion shows that `it_80272C6C` forwards the item's model object to a hierarchy query identified in the thread as checking for active child animation.,0.94,2026-09-02T04:47:14.729Z,itYoshistar_UnkMotion0_Anim,main/melee/it/kinds/ityoshistar:itYoshistar_UnkMotion0_Anim,main/melee/it/kinds/ityoshistar,function,current,,,,rationale
fact:e0827c57-6bb0-48fe-bbea-07b3f0421016,target:function:main/melee/it/kinds/itdosei:itDosei_UnkMotion3_Phys,,game_mapping,"Realizes the gravity-driven airborne portion of one Mr. Saturn item state, causing the living item to fall under its configured acceleration without exceeding its configured maximum fall speed.","The code applies the item's named fall-speed and maximum-fall-speed attributes from a state-specific physics callback. SmashWiki maps Dosei-san to Mr. Saturn and identifies it as a living throwing item in Melee, grounding the code behavior in the corresponding gameplay object without overclaiming the unresolved semantic name of motion state 3.",0.95,2026-09-02T01:21:07.842Z,itDosei_UnkMotion3_Phys,main/melee/it/kinds/itdosei:itDosei_UnkMotion3_Phys,main/melee/it/kinds/itdosei,function,current,,,,rationale
fact:e2360b4f-dc30-4dfb-be23-cd809a9feee5,target:function:main/melee/ft/kinds/ftPurin/ftpurinspecialn:ftPr_SpecialNTurn_Anim,,data_flow,"The callback reads Purin attributes x6C and x70, the Rollout direction component x34.x, countdown x0, effect counter x24, and the current floor normal. Attribute x6C and the negated direction component drive the per-frame change to x14; x0 is decremented and clamped at zero; expiration negates x34.x and calls ftPr_SpecialS_8013DA24 with state value 0x40012. Before expiration, x24 modulo attribute x70 controls effect 0x3FF, whose angle is computed from the floor normal, after which x24 increments and the top joint is rotated to pi/2.","Every input, mutation, and consumer in this claim is explicit in the recovered source. This captures the callback's information flow without assigning unsupported semantic names to the still-offset-based attributes and move variables.",0.99,2026-09-02T01:13:31.515Z,ftPr_SpecialNTurn_Anim,main/melee/ft/kinds/ftPurin/ftpurinspecialn:ftPr_SpecialNTurn_Anim,main/melee/ft/kinds/ftPurin/ftpurinspecialn,function,current,,,,rationale
fact:e406f8e6-0e2d-4ed0-bfcb-7d1739ffce22,target:function:main/melee/ft/kinds/ftCommon/ftCo_KinokoGiantStart:Fighter_SuperMushroomApply,,state_behavior,"Returns `false` immediately when `ftCo_800D27C4` rejects the fighter. If the current motion lies from `ftCo_MS_KinokoGiantStart` through `ftCo_MS_KinokoSmallEndAir`, it first invokes `mv.co.mushroom.x4`. With `x2220_b5` set it copies `p_ftCommonData->x688` into `x2008` and returns `false`; with `x2220_b6` set it enters `ftCo_800D2490` on the ground or `ftCo_800D2600` in the air and returns `true`; otherwise it enters `ftCo_800D170C` on the ground or `ftCo_800D18CC` in the air and returns `true`.","This is the function's complete guard and transition structure as expressed by the matched source, without assigning unsupported semantic names to the unresolved flags or callees.",0.99,2026-09-02T04:24:20.490Z,Fighter_SuperMushroomApply,main/melee/ft/kinds/ftCommon/ftCo_KinokoGiantStart:Fighter_SuperMushroomApply,main/melee/ft/kinds/ftCommon/ftCo_KinokoGiantStart,function,current,,,,rationale
fact:e51deb31-551c-4db2-be41-c7c1c0414675,target:function:main/melee/gm/gmsinglebutton:gm_Mode_SingleButtonVs_OnInit,,inferred_type,A parameterless game-mode initialization callback with signature void(void).,"The complete current definition returns void, accepts no parameters, and is explicitly named as the mode's OnInit lifecycle hook.",0.99,2026-09-04T19:39:51.941Z,gm_Mode_SingleButtonVs_OnInit,main/melee/gm/gmsinglebutton:gm_Mode_SingleButtonVs_OnInit,main/melee/gm/gmsinglebutton,function,current,,,,rationale
fact:e5356e7a-4211-48ac-bf1f-13f137a09cd0,target:function:main/melee/ft/kinds/ftKirby/ftkirbyspecialyoshi:ftKb_SpecialNYs_8010933C,,inferred_type,A no-argument `int(void)` attribute accessor whose return value is a duration measured in frames.,The definition proves the exact signature and returns an integer field explicitly named as a count of invincibility frames. The caller passes that count unchanged to the collision-state setup used during release.,0.99,2026-09-02T06:37:38.932Z,ftKb_SpecialNYs_8010933C,main/melee/ft/kinds/ftKirby/ftkirbyspecialyoshi:ftKb_SpecialNYs_8010933C,main/melee/ft/kinds/ftKirby/ftkirbyspecialyoshi,function,current,,,,rationale
fact:e59fa3e4-0184-4d2b-a7dc-2d6fe4df52ab,target:function:main/melee/it/kinds/itnesspkflash:itNesspkflash_Logic102_Clanked,,game_mapping,"Handles an attack-clank event for the traveling, chargeable PK Flash orb used by Ness and copied-Ness Kirby, rather than for the separate explosion item created at detonation.","The function belongs to the traveling PK Flash item's translation unit and is explicitly named as Logic102's Clanked callback. The separate explosion unit has its own Logic103 Clanked callback, distinguishing this handler as the orb-side portion of the PK Flash mechanic.",0.97,2026-09-02T02:58:44.646Z,itNesspkflash_Logic102_Clanked,main/melee/it/kinds/itnesspkflash:itNesspkflash_Logic102_Clanked,main/melee/it/kinds/itnesspkflash,function,current,,,,rationale
fact:e5d0a29a-4387-4e4f-9858-757b39b7300d,target:function:main/melee/ft/kinds/ftFalco/ftfalco:ftFc_Init_OnDeath,,game_mapping,"Realizes death-time cleanup for Falco's Blaster neutral-special state, ensuring the fighter no longer retains a reference to the move's gun object after death.",The code's Falco/Fox-specific field is explicitly named as a Blaster GObj and is cleared by OnDeath; SmashWiki independently identifies Blaster as Falco's neutral special in Melee and describes it as firing from a laser gun.,0.95,2026-09-02T00:10:40.222Z,ftFc_Init_OnDeath,main/melee/ft/kinds/ftFalco/ftfalco:ftFc_Init_OnDeath,main/melee/ft/kinds/ftFalco/ftfalco,function,current,,,,rationale
fact:e8192b99-56cb-4c9c-baa9-abcf5b679bb8,target:function:main/melee/mn/mnsoundtest:mnSoundTest_8024BEE0,,data_flow,"Copies the former shared current-menu ID into `prev_menu`, writes Sound Test menu ID 0x1B, and clears the shared hovered selection. It reads the persistent `sound_balance` twice, converts it into complementary music and sound-effects gains, and caches those gains in `mnSoundTest_804D6C48` and `mnSoundTest_804D6C4C`. It resolves four `MenMainConTs_Top` exports from the retained menu archive into `mnSoundTest_804A08C8`, forwards `arg0` to the screen constructor, and returns the process created with `fn_8024B2B0` as its callback.","The current target explicitly performs each shared-state transfer, save accessor call, gain conversion, cache write, archive destination assignment, constructor handoff, and process return. The current save accessor identifies its source as `sound_balance`, the conversion functions establish complementary gains, and the archive helper confirms that each name is resolved into its paired destination.",0.99,2026-09-04T21:19:50.224Z,mnSoundTest_8024BEE0,main/melee/mn/mnsoundtest:mnSoundTest_8024BEE0,main/melee/mn/mnsoundtest,function,current,,,,rationale
fact:e8aecb73-c16d-4c9e-8d16-55431f433549,target:function:main/melee/it/it_26B1:it_8026BD6C,,purpose,"Provides a shared item-state mutator that marks an Item by setting xDCD_flag.b3. Its observed uses mark a newly created Sheik needle, reapply the marker when that needle enters either its fired or dropped state, and mark an Ice Shot projectile immediately before it stops and transitions to its shrinking state; the flag's narrower engine-wide meaning is not yet established.","The complete target body proves that this routine is a single-purpose flag setter. The resolved callers establish its recurring use during thrown-needle construction and state setup and during Ice Shot's low-speed stopping sequence, while providing no evidence sufficient to assign the flag a more specific semantic name.",0.98,2026-09-02T07:14:57.147Z,it_8026BD6C,main/melee/it/it_26B1:it_8026BD6C,main/melee/it/it_26B1,function,current,,,,rationale
fact:e9c501da-2c52-4cb9-96ac-687bbff14d30,,translation_unit:extern/dolphin/src/dolphin/dvd/dvdfs.c,data_flow,"__DVDFSInit obtains the FST base from cached boot information, derives the entry count and trailing string-table base, and stores them in unit-private globals. Path and directory operations traverse those records and names to produce entry numbers, paths, and directory entries. Open operations copy a file entry's disc position and length into DVDFileInfo; read, seek, and stream operations combine that stored position with caller-supplied file-relative offsets before submitting absolute DVD commands.","The initialization assignments establish the source of the unit's filesystem metadata. Path lookup and directory iteration consume the FST and its string table, open routines transfer file metadata into DVDFileInfo, and the I/O routines subsequently add relative offsets to the stored file position before calling the absolute DVD interfaces.",0.99,2026-09-02T05:04:25.939Z,,,,,,translation_unit,extern/dolphin/src/dolphin/dvd/dvdfs.c,active,value
fact:ea34f591-498d-4e4c-8764-6709ee4a52cb,target:data:main/melee/mp/mpisland:.sdata2,,inferred_type,"A read-only small-data section containing compiler-emitted single-precision floating constants; its collision-island contribution includes `0.0F`, consumed as a `float` for descriptor endpoint Z coordinates.","The previous source-level name is no longer present at head, so the type must be stated at section grain. The current construction and update paths consistently materialize `0.0F` in float locals and assign it to `Vec3.z` fields.",0.94,2026-09-04T01:35:20.544Z,.sdata2,main/melee/mp/mpisland:.sdata2,main/melee/mp/mpisland,data,current,,,,rationale
fact:eb28efb7-fe10-4cc1-849e-d4c2088b0a9b,target:function:main/melee/gr/grtcaptain:grTCaptain_8021FE28,,purpose,Performs callback-0 joint-object setup for Captain Falcon's Target Test Ground object 2 by delegating the object to `Ground_JObjInline1`.,"The stage callback array places this function in the first callback slot of its third populated row. The unit's setup routine indexes that array with `gobj_id` and installs the selected row on the Ground GObj having the same ID, identifying the row as object 2 and this function as its callback 0. The complete body performs only the standard `Ground_JObjInline1` operation, and the identically shaped grBattle analog is explicitly named as a Ground-object callback 0.",0.96,2026-09-02T06:49:47.577Z,grTCaptain_8021FE28,main/melee/gr/grtcaptain:grTCaptain_8021FE28,main/melee/gr/grtcaptain,function,current,,,,rationale
fact:ec451a7d-44ba-4c34-a84e-65a386a61792,target:function:main/melee/gr/stage:Stage_GetBlastZoneTopOffset,,data_flow,"Reads stage_info.blast_zone.top and stage_info.cam_info.cam_y_offset, adds them without mutating state, and returns the resulting f32 to fighter, item, and camera-side callers that need the effective upper boundary.","The source proves the two global inputs, pure addition, lack of writes, and returned result. The recovered original name's 'PlyDeadUp' wording independently associates the value with player upper-death-boundary checks.",0.94,2026-09-02T03:19:07.158Z,Stage_GetBlastZoneTopOffset,main/melee/gr/stage:Stage_GetBlastZoneTopOffset,main/melee/gr/stage,function,current,,,,rationale
fact:ecfee6b4-0c21-4af7-aa67-c38b89e7e11e,target:function:main/melee/ft/kinds/ftCommon/ftCo_Attack1:ftCo_Attack1_CheckInput,,state_behavior,"On a new A press, a held item classified as 0 starts LightThrowF. For any other held-item class, holding L or R starts LightThrowDrop; otherwise class 2 invokes ftCo_Attack_800CCF58 with false and class 3 invokes ftCo_Attack_800CDD14. If no item branch consumes the command, a positive continuation counter together with x2218_b1 permits motion-state 44 to enter Attack12 and motion-state 45 to enter Attack13. When that continuation guard is not active, it starts Attack11. Every selected action returns true. If no action is selected, a positive continuation counter is decremented and the function returns false.","This reproduces the matched function's exact priority order, guards, switch cases, transitions, timer update, and return behavior without assigning unsupported names to the still-unknown flag or item classes.",0.99,2026-09-01T23:12:07.270Z,ftCo_Attack1_CheckInput,main/melee/ft/kinds/ftCommon/ftCo_Attack1:ftCo_Attack1_CheckInput,main/melee/ft/kinds/ftCommon/ftCo_Attack1,function,current,,,,rationale
fact:ed270ad7-9374-4928-b89f-719738f52adc,target:function:main/melee/it/kinds/itbat:itBat_Logic11_DmgDealt,,purpose,Handles the bat item's damage-dealt event by making it bounce away from the struck victim when the item is in motion state 3; it otherwise performs no collision response and always reports false.,"The resolved function is explicitly named as the bat's Logic11 damage-dealt callback. Its only conditional operation is a call to itColl_BounceOffVictim when item->msid equals 3, followed by an unconditional false return.",0.99,2026-09-02T01:14:05.841Z,itBat_Logic11_DmgDealt,main/melee/it/kinds/itbat:itBat_Logic11_DmgDealt,main/melee/it/kinds/itbat,function,current,,,,rationale
fact:ee7ea9b6-2669-4280-88bb-919b255aadcc,target:function:main/melee/ft/kinds/ftSeak/ftseakspecialn:ftSk_SpecialNStart_Phys,,data_flow,"Passes the startup state's Fighter_GObj unchanged to ft_80084F3C; that helper resolves the fighter, reads co_attrs.ground_friction, co_attrs.walk_max_vel, and gr_vel, scales friction by p_ftCommonData->friction_when_above_walk_speed when absolute ground speed exceeds maximum walking speed, then feeds the selected friction into ftCommon_ApplyFrictionGround and the game object into ftCommon_ApplyGroundMovement.",The startup wrapper still forwards the object without transformation. The current helper body confirms the same downstream flow while replacing the drifted citation and updating the field names to those now present at head.,0.99,2026-09-04T19:28:15.249Z,ftSk_SpecialNStart_Phys,main/melee/ft/kinds/ftSeak/ftseakspecialn:ftSk_SpecialNStart_Phys,main/melee/ft/kinds/ftSeak/ftseakspecialn,function,current,,,,rationale
fact:eecd5c3c-fcc3-4ceb-a31b-5c2317976c22,target:function:main/melee/ft/kinds/ftKirby/ftkirbyspecialpurin:ftKb_PrSpecialAirN_Anim,,game_mapping,"Implements the aerial charge-release portion of Kirby's copied Rollout, where releasing the charged neutral special converts the accumulated charge and travel direction into the rolling attack's animation and rotation.","The callback is Kirby's aerial Purin SpecialN routine and directly scales angular motion by the stored charge value. Its exact Jigglypuff counterpart is named as the aerial charge-release callback. SmashWiki identifies Rollout as Jigglypuff's neutral special, states that it executes when the held special button is released, and lists Rollout as Kirby's Jigglypuff Copy Ability in Melee.",0.99,2026-09-02T01:24:13.810Z,ftKb_PrSpecialAirN_Anim,main/melee/ft/kinds/ftKirby/ftkirbyspecialpurin:ftKb_PrSpecialAirN_Anim,main/melee/ft/kinds/ftKirby/ftkirbyspecialpurin,function,current,,,,rationale
fact:efc1c029-ed48-4fc1-a926-f674144ac0fb,target:function:main/melee/pl/plbonus:pl_800386E8,,game_mapping,Supports Melee's bonus system by producing the composite action-statistics measurement periodically tested for bonus decision `0x49`; the available evidence does not establish that decision's player-facing bonus name.,"At head, `fn_8003F294` still supplies this helper's sum as the measurement for the recurring threshold path explicitly associated with decision 0x49. This preserves the bonus-system mapping without assigning a name to the unresolved decision index.",0.96,2026-09-04T21:24:10.478Z,pl_800386E8,main/melee/pl/plbonus:pl_800386E8,main/melee/pl/plbonus,function,current,,,,rationale
fact:f01d54f4-f2d2-47c1-9099-462f5e6cbd62,target:function:main/melee/ft/kinds/ftCommon/ftCo_Ottotto:ftCo_OttottoWait_Phys,,purpose,Serves as the OttottoWait action state's physics callback while deliberately applying no per-frame physics behavior.,"The complete matched definition is an empty function named as the physics callback for OttottoWait. Its callback slot therefore exists for the action-state interface, but this phase requires no state-specific physics operation.",0.98,2026-09-02T02:35:44.056Z,ftCo_OttottoWait_Phys,main/melee/ft/kinds/ftCommon/ftCo_Ottotto:ftCo_OttottoWait_Phys,main/melee/ft/kinds/ftCommon/ftCo_Ottotto,function,current,,,,rationale
fact:f0a46bb7-1f3a-45ff-ab7f-bbbec9d90a88,target:function:main/melee/ft/kinds/ftCommon/ftCo_Escape:ftCo_EscapeN_IASA,,purpose,"Serves as the deliberately inert IASA callback for the neutral Escape state, satisfying the fighter action-state callback interface without adding any input-driven cancellation or transition during the spot dodge.",The function is named as the EscapeN IASA callback and its complete matched body is empty. Its placement between EscapeN's animation and physics callbacks confirms that it occupies the state's IASA slot rather than being an unrelated stub.,0.99,2026-09-02T04:42:53.878Z,ftCo_EscapeN_IASA,main/melee/ft/kinds/ftCommon/ftCo_Escape:ftCo_EscapeN_IASA,main/melee/ft/kinds/ftCommon/ftCo_Escape,function,current,,,,rationale
fact:f0db9ba7-6f60-420f-927d-45f084bd949b,target:function:main/melee/gm/gmevent:gm_801BA8FC,,game_mapping,Prepares archive-backed configuration data used to initialize Melee's Event Match scenarios.,"The function loads a symbol explicitly named as Event initialization-level data, and Event Match consists of authored scenarios with special conditions and objectives.",0.94,2026-09-04T19:40:03.958Z,gm_801BA8FC,main/melee/gm/gmevent:gm_801BA8FC,main/melee/gm/gmevent,function,current,,,,rationale
fact:f124f99b-c5da-49de-8636-2cc72f650ddb,target:function:main/melee/it/kinds/itflipper:itFlipper_Airborne_Phys,,purpose,"Serves as the Flipper airborne state's intentionally empty physics callback, supplying the state-table callback slot without applying item-specific physics.",The matched function is named as the Flipper airborne physics routine but has an entirely empty body. Its role is therefore to occupy that state's physics-callback position while performing no item-specific update.,0.98,2026-09-01T23:39:48.156Z,itFlipper_Airborne_Phys,main/melee/it/kinds/itflipper:itFlipper_Airborne_Phys,main/melee/it/kinds/itflipper,function,current,,,,rationale
fact:f141ea58-3dbd-4b94-8466-15b09858a162,target:function:main/melee/gr/grlast:grLast_8021AC20,,purpose,"Provides the second stage callback for Final Destination ground-object kind 6, a generic JObj holder. It satisfies that callback phase with an invariant negative result, indicating that this object never reports the condition queried through this slot.","The stage callback table installs the function in the second slot of entry 6 and identifies that entry as a generic JObj holder. The complete matched body ignores the supplied object and always returns false, establishing both its interface role and its deliberately negative implementation without assigning an unsupported semantic name to the queried condition.",0.98,2026-09-02T07:19:08.268Z,grLast_8021AC20,main/melee/gr/grlast:grLast_8021AC20,main/melee/gr/grlast,function,current,,,,rationale
fact:f1ad4c80-918d-49fb-af93-1124e441e1c0,target:function:main/melee/ft/kinds/ftCommon/ftCo_AttackDash:ftCo_AttackDash_Coll,,inferred_type,Action-state collision callback with signature void(Fighter_GObj* gobj).,"The resolved definition explicitly returns void, accepts one Fighter_GObj pointer, and is named as the Coll callback for the dash-attack action.",0.99,2026-09-02T00:11:10.679Z,ftCo_AttackDash_Coll,main/melee/ft/kinds/ftCommon/ftCo_AttackDash:ftCo_AttackDash_Coll,main/melee/ft/kinds/ftCommon/ftCo_AttackDash,function,current,,,,rationale
fact:f54160f5-342a-437a-a784-0d14a3eee1c9,target:function:main/melee/gr/grbattle:grBattle_OnCheckShadowRender,,game_mapping,"Realizes Battlefield's permissive shadow-render policy: every shadow submitted to this stage-level eligibility check is accepted regardless of the supplied position, query value, or scene object.","The callback is explicitly named as Battlefield's shadow-render check, and the unconditional true result means no input-dependent exclusion is applied.",0.96,2026-09-02T00:53:58.780Z,grBattle_OnCheckShadowRender,main/melee/gr/grbattle:grBattle_OnCheckShadowRender,main/melee/gr/grbattle,function,current,,,,rationale
fact:f607c356-d07e-4b7d-a2e5-09467a1db6eb,target:function:main/melee/gr/grticeclimber:grTIceClimber_80220FAC,,state_behavior,"Has no guards, branches, timers, or state transitions. Every invocation deterministically reports the descriptor's queried condition as inactive or unsatisfied.","The complete matched implementation is an unconditional `return false` and contains no state access. Therefore only the negative outcome is reachable, although the available evidence does not identify the exact semantic name of the condition.",0.98,2026-09-02T06:05:21.952Z,grTIceClimber_80220FAC,main/melee/gr/grticeclimber:grTIceClimber_80220FAC,main/melee/gr/grticeclimber,function,current,,,,rationale
fact:f6895fcc-897a-4973-a9b3-edfd3e0675e4,target:function:main/melee/ty/toy:Toy_803102D0,,game_mapping,"Supports Melee's trophy presentation systems by making trophy model-file lookup data available, including a US-specific table for region-dependent model selection.","The archive exports are explicitly named as a generic model-file table and a US model-file table. SmashWiki independently documents visible regional differences in Melee's Collection mode, grounding the presence of a US-specific presentation resource in the game's region-dependent trophy presentation.",0.9,2026-09-02T13:44:32.632Z,Toy_803102D0,main/melee/ty/toy:Toy_803102D0,main/melee/ty/toy,function,current,,,,rationale
fact:f75e6cf8-de4c-4df3-80ac-78a42c628022,target:function:main/dolphin/gx/GXTexture:GXSetTlutRegionCallback,,purpose,"Installs the GX client's texture-lookup-table region-selection callback and returns the callback that was previously installed, allowing callers to replace or later restore the policy used to map logical TLUT names to texture-memory regions.","The setter saves gx->tlutRegionCallback, replaces it with the supplied callback, and returns the saved value. GXLoadTlut subsequently invokes that stored callback with the requested TLUT name and uses the returned region descriptor when loading the palette, establishing why the callback is registered and why the previous callback is returned.",0.99,2026-09-02T00:28:54.674Z,GXSetTlutRegionCallback,main/dolphin/gx/GXTexture:GXSetTlutRegionCallback,main/dolphin/gx/GXTexture,function,current,,,,value
fact:f81b3823-59f8-4872-9f3f-3d4be6e161ae,target:function:main/dolphin/dvd/dvdlow:DVDLowRequestAudioStatus,,purpose,"Issues an asynchronous low-level request for the DVD drive's streaming-audio status, retaining a completion callback and arming recovery from a request that does not complete.","The matched function is explicitly named as an audio-status request. It constructs the distinct 0xE2-family DI command, starts the interface, saves the callback, and schedules a ten-second timeout instead of waiting synchronously. Its placement beside the 0xE1 audio-stream and 0xE4 audio-buffer commands confirms its role within the drive-audio command family.",0.98,2026-09-01T23:18:27.275Z,DVDLowRequestAudioStatus,main/dolphin/dvd/dvdlow:DVDLowRequestAudioStatus,main/dolphin/dvd/dvdlow,function,current,,,,rationale
fact:fa1b7fc3-fbcf-47ff-a5d5-8699c2411c77,target:function:main/melee/gr/gryorster:grYorster_80201FA4,,game_mapping,"Performs stage startup for Yoshi's Island (SSBM), the Super Mario World-themed starter stage whose Japanese name is Yoster Island, by constructing its two registered Ground objects and initializing shared camera and blast-zone configuration.",The current source places the target in `Gr_Kind_Yorster`'s initialization position and shows setup of both objects before common camera and blast-zone initialization. The wiki identifies Yoster Island as Yoshi's Island (SSBM).,0.99,2026-09-04T23:14:35.087Z,grYorster_80201FA4,main/melee/gr/gryorster:grYorster_80201FA4,main/melee/gr/gryorster,function,current,,,,value
fact:fb1f718c-b54a-418b-855f-c47c3d276f21,target:function:main/melee/it/kinds/itheiho:itHeiho_UnkMotion3_Anim,,purpose,Provides the animation callback for Heiho motion state 3 as an intentional no-op that always reports false.,The complete matched function is named as motion state 3's animation callback and contains no operation other than returning zero.,0.99,2026-09-02T04:07:47.099Z,itHeiho_UnkMotion3_Anim,main/melee/it/kinds/itheiho:itHeiho_UnkMotion3_Anim,main/melee/it/kinds/itheiho,function,current,,,,rationale
fact:fbaa49f3-2691-4cbc-8516-bf9646314f2c,target:function:main/melee/it/kinds/itbat:itBat_Logic11_Clanked,,purpose,"Handles the Home-Run Bat's clank event by making the item bounce away from the opposing collision victim, then returns false to the item event dispatcher.","The complete matched function is explicitly named as the Bat's `Clanked` logic callback. Its only operation is `itColl_BounceOffVictim(gobj)`, followed by a constant false result; the analogous `itMball_Clanked` callback uses the same helper for its clank response.",0.98,2026-09-02T01:13:32.683Z,itBat_Logic11_Clanked,main/melee/it/kinds/itbat:itBat_Logic11_Clanked,main/melee/it/kinds/itbat,function,current,,,,rationale
fact:fbbd6734-a70d-440f-8fed-4f128f28c59d,target:function:main/melee/it/kinds/itzeldadinfireexplode:itZeldaDinFireExplode_Logic66_Absorbed,,purpose,Provides the Din's Fire explosion item's absorption callback. It performs no explosion-specific cleanup or transformation and unconditionally returns a positive result to the item interaction system.,"The complete function is explicitly named as the Logic66 absorption callback and consists solely of returning true. Its absence of reads, writes, and calls makes it an unconditional acknowledgement rather than a local cleanup routine; the identical established Mario Fireball absorption-callback shape reinforces this interpretation.",0.99,2026-09-02T01:34:25.630Z,itZeldaDinFireExplode_Logic66_Absorbed,main/melee/it/kinds/itzeldadinfireexplode:itZeldaDinFireExplode_Logic66_Absorbed,main/melee/it/kinds/itzeldadinfireexplode,function,current,,,,rationale
fact:fbd7d9a4-b3c6-4b3c-a9dc-734b47a3bd7f,target:function:main/melee/gm/gmcamera:gmCamera_801A2334,,state_behavior,"Classifies the selected storage slot for the surrounding UI. Status 0 branches on availability and block count: unavailable storage selects class 3, zero blocks selects class 2, and a positive count selects class 0 or 1 when it meets the shared threshold (depending on the slot) or class 2 when below it. Status 15 selects class 5; statuses 9 and 12 and all other nonzero statuses select class 4 with distinct message labels. Positive counts are rendered with singular or plural wording before the selected group is attached to the text.","This preserves the observable numeric state transitions without assigning unsupported enum names to the raw status values. The switch and nested guards explicitly determine every xC class and SIS label, including the singular/plural branch at a count of one.",0.98,2026-09-02T07:55:23.441Z,gmCamera_801A2334,main/melee/gm/gmcamera:gmCamera_801A2334,main/melee/gm/gmcamera,function,current,,,,rationale
fact:fc34ee4b-f949-40b7-abb4-eb0d8043b5ad,target:function:main/melee/it/kinds/itzeldadinfire:itZeldadinfire_UnkMotion0_Phys,,state_behavior,"Performs no physics update unless xDDC is zero, xDE0 is non-null, the item's current owner equals xDE0, and ftZd_SpecialLw_8013B540(xDE0) returns 1. When all guards pass, steering changes only beyond the configured deadzone, its accumulated offset is clamped symmetrically, speed advances every update until capped, and the resulting velocity remains in the XY plane.",The nested guards and all bounded-update rules are directly visible in the matched control flow; describing the unnamed helper only by its observed return-value guard avoids assigning it an unsupported semantic name.,0.99,2026-09-02T02:20:28.355Z,itZeldadinfire_UnkMotion0_Phys,main/melee/it/kinds/itzeldadinfire:itZeldadinfire_UnkMotion0_Phys,main/melee/it/kinds/itzeldadinfire,function,current,,,,rationale
fact:fca9b10f-1e90-454d-937d-12b9067973e2,target:function:main/melee/ft/kinds/ftDonkey/ftdonkeyspeciallw:ftDk_SpecialLwLoop_IASA,,inferred_type,Fighter action-state IASA callback with signature `void(HSD_GObj* gobj)`; `gobj` is resolved to the active `Fighter` through `GET_FIGHTER`.,"The complete definition explicitly returns `void`, accepts one `HSD_GObj*`, resolves it with `GET_FIGHTER`, and is named as the loop state's IASA callback.",0.99,2026-09-02T01:05:59.467Z,ftDk_SpecialLwLoop_IASA,main/melee/ft/kinds/ftDonkey/ftdonkeyspeciallw:ftDk_SpecialLwLoop_IASA,main/melee/ft/kinds/ftDonkey/ftdonkeyspeciallw,function,current,,,,rationale
fact:fd63eb3d-7a36-43d5-8212-4d0b6f1a5c6a,target:function:main/melee/it/kinds/itmball:itMball_Motion2_Anim,,game_mapping,"Implements the inert animation-update portion of the Poké Ball's held phase, between a fighter picking up the item and subsequently dropping or throwing it.","The code identifies the `itMball` state as the one entered on pickup and places the target callback in that state. SmashWiki identifies the Poké Ball, whose Japanese name is Monster Ball, as a throwing and summoning item, grounding the `Mball` prefix and the pickup-to-throw lifecycle in the game mechanic.",0.94,2026-09-02T01:09:33.632Z,itMball_Motion2_Anim,main/melee/it/kinds/itmball:itMball_Motion2_Anim,main/melee/it/kinds/itmball,function,current,,,,rationale
fact:fdeabd77-f6e3-463f-8cba-f8ebf3c7f2e8,target:function:main/melee/ft/ftcpuattack:ftCo_800B9790,,game_mapping,"Implements Ness-specific CPU combat behavior that varies attack-command choice according to whether the opponent is level with, below, or above Ness. Its preferential handling of opponents above grounded Ness corresponds to the documented in-game tendency of CPU Ness to repeatedly use PK Flash against foes above him, although the surviving code does not by itself identify which numeric selector denotes PK Flash.","The caller proves that this geometry-driven selector is exclusive to Ness, and the function gives special handled or selected outcomes when the opponent is above him. SmashWiki independently documents CPU Ness's conspicuous PK Flash behavior against elevated opponents; the cautious mapping connects the observed behavior to the decision shape without assigning an unsupported move name to a numeric command identifier.",0.91,2026-09-02T15:43:36.420Z,ftCo_800B9790,main/melee/ft/ftcpuattack:ftCo_800B9790,main/melee/ft/ftcpuattack,function,current,,,,rationale
