unit,source,scope,assessment,note,baseline_state,final_state,missing_before,missing_after,order_before,order_after,linkage_before,linkage_after,baseline_log,final_log
mario/Animal/AnimalBase,src/Animal/AnimalBase.cpp,game,remaining,Needs source/map/compiler audit before edits,fail,fail,3,3,0,0,0,0,baseline-strict/mario__Animal__AnimalBase.log,final-strict/mario__Animal__AnimalBase.log
mario/Animal/AnimalManager,src/Animal/AnimalManager.cpp,game,remaining,Needs source/map/compiler audit before edits,fail,fail,1,1,0,0,0,0,baseline-strict/mario__Animal__AnimalManager.log,final-strict/mario__Animal__AnimalManager.log
mario/Animal/AnimalNerve,src/Animal/AnimalNerve.cpp,game,pass,No strict failure; warnings may remain in raw log,pass,pass,0,0,0,0,0,0,baseline-strict/mario__Animal__AnimalNerve.log,final-strict/mario__Animal__AnimalNerve.log
mario/Animal/AnimalSave,src/Animal/AnimalSave.cpp,game,pass,No strict failure; warnings may remain in raw log,pass,pass,0,0,0,0,0,0,baseline-strict/mario__Animal__AnimalSave.log,final-strict/mario__Animal__AnimalSave.log
mario/Animal/BeeHive,src/Animal/BeeHive.cpp,game,remaining,Empty source; genuine unfinished decompilation; no placeholder bodies added,fail,fail,75,75,0,0,0,0,baseline-strict/mario__Animal__BeeHive.log,final-strict/mario__Animal__BeeHive.log
mario/Animal/Bird,src/Animal/Bird.cpp,game,remaining,Empty source; genuine unfinished decompilation; no placeholder bodies added,fail,fail,78,78,0,0,0,0,baseline-strict/mario__Animal__Bird.log,final-strict/mario__Animal__Bird.log
mario/Animal/Butterfly,src/Animal/Butterfly.cpp,game,pass,No strict failure; warnings may remain in raw log,pass,pass,0,0,0,0,0,0,baseline-strict/mario__Animal__Butterfly.log,final-strict/mario__Animal__Butterfly.log
mario/Animal/boid,src/Animal/boid.cpp,game,pass,No strict failure; warnings may remain in raw log,pass,pass,0,0,0,0,0,0,baseline-strict/mario__Animal__boid.log,final-strict/mario__Animal__boid.log
mario/Animal/fishoid,src/Animal/fishoid.cpp,game,fixed,Strict pass; matching checked with no per-function or section regressions,fail,pass,0,0,0,0,1,0,baseline-strict/mario__Animal__fishoid.log,final-strict/mario__Animal__fishoid.log
mario/Camera/CamShakeDefine,src/Camera/CamShakeDefine.cpp,game,uncertain,No resolvable .text map TU; inspect raw diagnostic; not counted as pass,error,error,0,0,0,0,0,0,baseline-strict/mario__Camera__CamShakeDefine.log,final-strict/mario__Camera__CamShakeDefine.log
mario/Camera/CameraBGCheck,src/Camera/CameraBGCheck.cpp,game,pass,No strict failure; warnings may remain in raw log,pass,pass,0,0,0,0,0,0,baseline-strict/mario__Camera__CameraBGCheck.log,final-strict/mario__Camera__CameraBGCheck.log
mario/Camera/CameraBck,src/Camera/CameraBck.cpp,game,pass,No strict failure; warnings may remain in raw log,pass,pass,0,0,0,0,0,0,baseline-strict/mario__Camera__CameraBck.log,final-strict/mario__Camera__CameraBck.log
mario/Camera/CameraChange,src/Camera/CameraChange.cpp,game,remaining,Needs source/map/compiler audit before edits,fail,fail,2,2,0,0,0,0,baseline-strict/mario__Camera__CameraChange.log,final-strict/mario__Camera__CameraChange.log
mario/Camera/CameraCodeControl,src/Camera/CameraCodeControl.cpp,game,pass,No strict failure; warnings may remain in raw log,pass,pass,0,0,0,0,0,0,baseline-strict/mario__Camera__CameraCodeControl.log,final-strict/mario__Camera__CameraCodeControl.log
mario/Camera/CameraDemo,src/Camera/CameraDemo.cpp,game,pass,No strict failure; warnings may remain in raw log,pass,pass,0,0,0,0,0,0,baseline-strict/mario__Camera__CameraDemo.log,final-strict/mario__Camera__CameraDemo.log
mario/Camera/CameraHeightPan,src/Camera/CameraHeightPan.cpp,game,pass,No strict failure; warnings may remain in raw log,pass,pass,0,0,0,0,0,0,baseline-strict/mario__Camera__CameraHeightPan.log,final-strict/mario__Camera__CameraHeightPan.log
mario/Camera/CameraInbetween,src/Camera/CameraInbetween.cpp,game,pass,No strict failure; warnings may remain in raw log,pass,pass,0,0,0,0,0,0,baseline-strict/mario__Camera__CameraInbetween.log,final-strict/mario__Camera__CameraInbetween.log
mario/Camera/CameraJetCoaster,src/Camera/CameraJetCoaster.cpp,game,pass,No strict failure; warnings may remain in raw log,pass,pass,0,0,0,0,0,0,baseline-strict/mario__Camera__CameraJetCoaster.log,final-strict/mario__Camera__CameraJetCoaster.log
mario/Camera/CameraKindParam,src/Camera/CameraKindParam.cpp,game,pass,No strict failure; warnings may remain in raw log,pass,pass,0,0,0,0,0,0,baseline-strict/mario__Camera__CameraKindParam.log,final-strict/mario__Camera__CameraKindParam.log
mario/Camera/CameraMapTool,src/Camera/CameraMapTool.cpp,game,pass,No strict failure; warnings may remain in raw log,pass,pass,0,0,0,0,0,0,baseline-strict/mario__Camera__CameraMapTool.log,final-strict/mario__Camera__CameraMapTool.log
mario/Camera/CameraMarioData,src/Camera/CameraMarioData.cpp,game,pass,No strict failure; warnings may remain in raw log,pass,pass,0,0,0,0,0,0,baseline-strict/mario__Camera__CameraMarioData.log,final-strict/mario__Camera__CameraMarioData.log
mario/Camera/CameraMode,src/Camera/CameraMode.cpp,game,pass,No strict failure; warnings may remain in raw log,pass,pass,0,0,0,0,0,0,baseline-strict/mario__Camera__CameraMode.log,final-strict/mario__Camera__CameraMode.log
mario/Camera/CameraMultiPlayer,src/Camera/CameraMultiPlayer.cpp,game,remaining,Needs source/map/compiler audit before edits,fail,fail,1,1,0,0,0,0,baseline-strict/mario__Camera__CameraMultiPlayer.log,final-strict/mario__Camera__CameraMultiPlayer.log
mario/Camera/CameraNormal,src/Camera/CameraNormal.cpp,game,remaining,Needs source/map/compiler audit before edits,fail,fail,0,0,0,0,1,1,baseline-strict/mario__Camera__CameraNormal.log,final-strict/mario__Camera__CameraNormal.log
mario/Camera/CameraNotice,src/Camera/CameraNotice.cpp,game,pass,No strict failure; warnings may remain in raw log,pass,pass,0,0,0,0,0,0,baseline-strict/mario__Camera__CameraNotice.log,final-strict/mario__Camera__CameraNotice.log
mario/Camera/CameraOption,src/Camera/CameraOption.cpp,game,pass,No strict failure; warnings may remain in raw log,pass,pass,0,0,0,0,0,0,baseline-strict/mario__Camera__CameraOption.log,final-strict/mario__Camera__CameraOption.log
mario/Camera/CameraSecureView,src/Camera/CameraSecureView.cpp,game,pass,No strict failure; warnings may remain in raw log,pass,pass,0,0,0,0,0,0,baseline-strict/mario__Camera__CameraSecureView.log,final-strict/mario__Camera__CameraSecureView.log
mario/Camera/CameraTalk,src/Camera/CameraTalk.cpp,game,pass,No strict failure; warnings may remain in raw log,pass,pass,0,0,0,0,0,0,baseline-strict/mario__Camera__CameraTalk.log,final-strict/mario__Camera__CameraTalk.log
mario/Camera/CameraWarp,src/Camera/CameraWarp.cpp,game,pass,No strict failure; warnings may remain in raw log,pass,pass,0,0,0,0,0,0,baseline-strict/mario__Camera__CameraWarp.log,final-strict/mario__Camera__CameraWarp.log
mario/Camera/CubeManagerBase,src/Camera/CubeManagerBase.cpp,game,improved,Evidence-backed partial fix; remaining strict diagnostics retained,fail,fail,2,1,1,1,0,0,baseline-strict/mario__Camera__CubeManagerBase.log,final-strict/mario__Camera__CubeManagerBase.log
mario/Camera/CubeMapTool,src/Camera/CubeMapTool.cpp,game,pass,No strict failure; warnings may remain in raw log,pass,pass,0,0,0,0,0,0,baseline-strict/mario__Camera__CubeMapTool.log,final-strict/mario__Camera__CubeMapTool.log
mario/Camera/cameragc,src/Camera/cameragc.cpp,game,remaining,Needs source/map/compiler audit before edits,fail,fail,4,4,1,1,2,2,baseline-strict/mario__Camera__cameragc.log,final-strict/mario__Camera__cameragc.log
mario/Camera/cameralib,src/Camera/cameralib.cpp,game,remaining,Needs source/map/compiler audit before edits,fail,fail,2,2,0,0,0,0,baseline-strict/mario__Camera__cameralib.log,final-strict/mario__Camera__cameralib.log
mario/Camera/camerasave,src/Camera/camerasave.cpp,game,pass,No strict failure; warnings may remain in raw log,pass,pass,0,0,0,0,0,0,baseline-strict/mario__Camera__camerasave.log,final-strict/mario__Camera__camerasave.log
mario/Camera/camerashake,src/Camera/camerashake.cpp,game,pass,No strict failure; warnings may remain in raw log,pass,pass,0,0,0,0,0,0,baseline-strict/mario__Camera__camerashake.log,final-strict/mario__Camera__camerashake.log
mario/Camera/lensflare,src/Camera/lensflare.cpp,game,pass,No strict failure; warnings may remain in raw log,pass,pass,0,0,0,0,0,0,baseline-strict/mario__Camera__lensflare.log,final-strict/mario__Camera__lensflare.log
mario/Camera/lensglow,src/Camera/lensglow.cpp,game,pass,No strict failure; warnings may remain in raw log,pass,pass,0,0,0,0,0,0,baseline-strict/mario__Camera__lensglow.log,final-strict/mario__Camera__lensglow.log
mario/Camera/sunmgr,src/Camera/sunmgr.cpp,game,pass,No strict failure; warnings may remain in raw log,pass,pass,0,0,0,0,0,0,baseline-strict/mario__Camera__sunmgr.log,final-strict/mario__Camera__sunmgr.log
mario/Camera/sunmodel,src/Camera/sunmodel.cpp,game,remaining,Needs source/map/compiler audit before edits,fail,fail,1,1,0,0,1,1,baseline-strict/mario__Camera__sunmodel.log,final-strict/mario__Camera__sunmodel.log
mario/Enemy/Amenbo,src/Enemy/Amenbo.cpp,game,pass,No strict failure; warnings may remain in raw log,pass,pass,0,0,0,0,0,0,baseline-strict/mario__Enemy__Amenbo.log,final-strict/mario__Enemy__Amenbo.log
mario/Enemy/BathtubBinder,src/Enemy/BathtubBinder.cpp,game,remaining,Empty source; genuine unfinished decompilation; no placeholder bodies added,fail,fail,7,7,0,0,0,0,baseline-strict/mario__Enemy__BathtubBinder.log,final-strict/mario__Enemy__BathtubBinder.log
mario/Enemy/BathtubKiller,src/Enemy/BathtubKiller.cpp,game,remaining,Needs source/map/compiler audit before edits,fail,fail,1,1,0,0,0,0,baseline-strict/mario__Enemy__BathtubKiller.log,final-strict/mario__Enemy__BathtubKiller.log
mario/Enemy/BathtubPeach,src/Enemy/BathtubPeach.cpp,game,remaining,Empty source; genuine unfinished decompilation; no placeholder bodies added,fail,fail,25,25,0,0,0,0,baseline-strict/mario__Enemy__BathtubPeach.log,final-strict/mario__Enemy__BathtubPeach.log
mario/Enemy/BossHanachanAnm,src/Enemy/BossHanachanAnm.cpp,game,remaining,Empty source; genuine unfinished decompilation; no placeholder bodies added,fail,fail,14,14,0,0,0,0,baseline-strict/mario__Enemy__BossHanachanAnm.log,final-strict/mario__Enemy__BossHanachanAnm.log
mario/Enemy/BossHanachanEffect,src/Enemy/BossHanachanEffect.cpp,game,remaining,Empty source; genuine unfinished decompilation; no placeholder bodies added,fail,fail,5,5,0,0,0,0,baseline-strict/mario__Enemy__BossHanachanEffect.log,final-strict/mario__Enemy__BossHanachanEffect.log
mario/Enemy/BossHanachanMain,src/Enemy/BossHanachanMain.cpp,game,remaining,Empty source; genuine unfinished decompilation; no placeholder bodies added,fail,fail,32,32,0,0,0,0,baseline-strict/mario__Enemy__BossHanachanMain.log,final-strict/mario__Enemy__BossHanachanMain.log
mario/Enemy/BossHanachanNerve,src/Enemy/BossHanachanNerve.cpp,game,remaining,Empty source; genuine unfinished decompilation; no placeholder bodies added,fail,fail,22,22,0,0,0,0,baseline-strict/mario__Enemy__BossHanachanNerve.log,final-strict/mario__Enemy__BossHanachanNerve.log
mario/Enemy/BossHanachanParts,src/Enemy/BossHanachanParts.cpp,game,remaining,Empty source; genuine unfinished decompilation; no placeholder bodies added,fail,fail,33,33,0,0,0,0,baseline-strict/mario__Enemy__BossHanachanParts.log,final-strict/mario__Enemy__BossHanachanParts.log
mario/Enemy/BossHanachanSave,src/Enemy/BossHanachanSave.cpp,game,remaining,Empty source; genuine unfinished decompilation; no placeholder bodies added,fail,fail,2,2,0,0,0,0,baseline-strict/mario__Enemy__BossHanachanSave.log,final-strict/mario__Enemy__BossHanachanSave.log
mario/Enemy/BossHanachanSound,src/Enemy/BossHanachanSound.cpp,game,remaining,Empty source; genuine unfinished decompilation; no placeholder bodies added,fail,fail,2,2,0,0,0,0,baseline-strict/mario__Enemy__BossHanachanSound.log,final-strict/mario__Enemy__BossHanachanSound.log
mario/Enemy/BossHanachanSub,src/Enemy/BossHanachanSub.cpp,game,remaining,Empty source; genuine unfinished decompilation; no placeholder bodies added,fail,fail,10,10,0,0,0,0,baseline-strict/mario__Enemy__BossHanachanSub.log,final-strict/mario__Enemy__BossHanachanSub.log
mario/Enemy/DebuTelesa,src/Enemy/DebuTelesa.cpp,game,pass,No strict failure; warnings may remain in raw log,pass,pass,0,0,0,0,0,0,baseline-strict/mario__Enemy__DebuTelesa.log,final-strict/mario__Enemy__DebuTelesa.log
mario/Enemy/DemoBossHanachanBase,src/Enemy/DemoBossHanachanBase.cpp,game,remaining,Empty source; genuine unfinished decompilation; no placeholder bodies added,fail,fail,5,5,0,0,0,0,baseline-strict/mario__Enemy__DemoBossHanachanBase.log,final-strict/mario__Enemy__DemoBossHanachanBase.log
mario/Enemy/Kazekun,src/Enemy/Kazekun.cpp,game,remaining,Empty source; genuine unfinished decompilation; no placeholder bodies added,fail,fail,61,61,0,0,0,0,baseline-strict/mario__Enemy__Kazekun.log,final-strict/mario__Enemy__Kazekun.log
mario/Enemy/Koopa,src/Enemy/Koopa.cpp,game,remaining,Empty source; genuine unfinished decompilation; no placeholder bodies added,fail,fail,108,108,0,0,0,0,baseline-strict/mario__Enemy__Koopa.log,final-strict/mario__Enemy__Koopa.log
mario/Enemy/Kukku,src/Enemy/Kukku.cpp,game,remaining,Empty source; genuine unfinished decompilation; no placeholder bodies added,fail,fail,72,72,0,0,0,0,baseline-strict/mario__Enemy__Kukku.log,final-strict/mario__Enemy__Kukku.log
mario/Enemy/Kumokun,src/Enemy/Kumokun.cpp,game,pass,No strict failure; warnings may remain in raw log,pass,pass,0,0,0,0,0,0,baseline-strict/mario__Enemy__Kumokun.log,final-strict/mario__Enemy__Kumokun.log
mario/Enemy/SleepBossHanachan,src/Enemy/SleepBossHanachan.cpp,game,remaining,Empty source; genuine unfinished decompilation; no placeholder bodies added,fail,fail,14,14,0,0,0,0,baseline-strict/mario__Enemy__SleepBossHanachan.log,final-strict/mario__Enemy__SleepBossHanachan.log
mario/Enemy/TabePuku,src/Enemy/TabePuku.cpp,game,remaining,Empty source; genuine unfinished decompilation; no placeholder bodies added,fail,fail,72,72,0,0,0,0,baseline-strict/mario__Enemy__TabePuku.log,final-strict/mario__Enemy__TabePuku.log
mario/Enemy/amiNoko,src/Enemy/amiNoko.cpp,game,remaining,Empty source; genuine unfinished decompilation; no placeholder bodies added,fail,fail,46,46,0,0,0,0,baseline-strict/mario__Enemy__amiNoko.log,final-strict/mario__Enemy__amiNoko.log
mario/Enemy/areacylinder,src/Enemy/areacylinder.cpp,game,pass,No strict failure; warnings may remain in raw log,pass,pass,0,0,0,0,0,0,baseline-strict/mario__Enemy__areacylinder.log,final-strict/mario__Enemy__areacylinder.log
mario/Enemy/beam,src/Enemy/beam.cpp,game,pass,No strict failure; warnings may remain in raw log,pass,pass,0,0,0,0,0,0,baseline-strict/mario__Enemy__beam.log,final-strict/mario__Enemy__beam.log
mario/Enemy/bgpoldrop,src/Enemy/bgpoldrop.cpp,game,pass,No strict failure; warnings may remain in raw log,pass,pass,0,0,0,0,0,0,baseline-strict/mario__Enemy__bgpoldrop.log,final-strict/mario__Enemy__bgpoldrop.log
mario/Enemy/bgtentacle,src/Enemy/bgtentacle.cpp,game,pass,No strict failure; warnings may remain in raw log,pass,pass,0,0,0,0,0,0,baseline-strict/mario__Enemy__bgtentacle.log,final-strict/mario__Enemy__bgtentacle.log
mario/Enemy/bombhei,src/Enemy/bombhei.cpp,game,remaining,Empty source; genuine unfinished decompilation; no placeholder bodies added,fail,fail,58,58,0,0,0,0,baseline-strict/mario__Enemy__bombhei.log,final-strict/mario__Enemy__bombhei.log
mario/Enemy/bossManta,src/Enemy/bossManta.cpp,game,fixed,Strict pass; matching checked with no per-function or section regressions,fail,pass,0,0,1,0,0,0,baseline-strict/mario__Enemy__bossManta.log,final-strict/mario__Enemy__bossManta.log
mario/Enemy/bosseel,src/Enemy/bosseel.cpp,game,pass,No strict failure; warnings may remain in raw log,pass,pass,0,0,0,0,0,0,baseline-strict/mario__Enemy__bosseel.log,final-strict/mario__Enemy__bosseel.log
mario/Enemy/bossgesso,src/Enemy/bossgesso.cpp,game,remaining,Needs source/map/compiler audit before edits,fail,fail,2,2,0,0,0,0,baseline-strict/mario__Enemy__bossgesso.log,final-strict/mario__Enemy__bossgesso.log
mario/Enemy/bosspakkun,src/Enemy/bosspakkun.cpp,game,remaining,Empty source; genuine unfinished decompilation; no placeholder bodies added,fail,fail,151,151,0,0,0,0,baseline-strict/mario__Enemy__bosspakkun.log,final-strict/mario__Enemy__bosspakkun.log
mario/Enemy/bosstelesa,src/Enemy/bosstelesa.cpp,game,remaining,Empty source; genuine unfinished decompilation; no placeholder bodies added,fail,fail,138,138,0,0,0,0,baseline-strict/mario__Enemy__bosstelesa.log,final-strict/mario__Enemy__bosstelesa.log
mario/Enemy/bosswanwan,src/Enemy/bosswanwan.cpp,game,remaining,Empty source; genuine unfinished decompilation; no placeholder bodies added,fail,fail,97,97,0,0,0,0,baseline-strict/mario__Enemy__bosswanwan.log,final-strict/mario__Enemy__bosswanwan.log
mario/Enemy/cannon,src/Enemy/cannon.cpp,game,remaining,Empty source; genuine unfinished decompilation; no placeholder bodies added,fail,fail,80,80,0,0,0,0,baseline-strict/mario__Enemy__cannon.log,final-strict/mario__Enemy__cannon.log
mario/Enemy/chuuhana,src/Enemy/chuuhana.cpp,game,remaining,Empty source; genuine unfinished decompilation; no placeholder bodies added,fail,fail,79,79,0,0,0,0,baseline-strict/mario__Enemy__chuuhana.log,final-strict/mario__Enemy__chuuhana.log
mario/Enemy/coasterkiller,src/Enemy/coasterkiller.cpp,game,improved,Evidence-backed partial fix; remaining strict diagnostics retained,fail,fail,3,3,0,0,1,0,baseline-strict/mario__Enemy__coasterkiller.log,final-strict/mario__Enemy__coasterkiller.log
mario/Enemy/conductor,src/Enemy/conductor.cpp,game,pass,No strict failure; warnings may remain in raw log,pass,pass,0,0,0,0,0,0,baseline-strict/mario__Enemy__conductor.log,final-strict/mario__Enemy__conductor.log
mario/Enemy/effectEnemy,src/Enemy/effectEnemy.cpp,game,remaining,Empty source; genuine unfinished decompilation; no placeholder bodies added,fail,fail,19,19,0,0,0,0,baseline-strict/mario__Enemy__effectEnemy.log,final-strict/mario__Enemy__effectEnemy.log
mario/Enemy/effectObj,src/Enemy/effectObj.cpp,game,remaining,Needs source/map/compiler audit before edits,fail,fail,1,1,0,0,0,0,baseline-strict/mario__Enemy__effectObj.log,final-strict/mario__Enemy__effectObj.log
mario/Enemy/egggen,src/Enemy/egggen.cpp,game,pass,No strict failure; warnings may remain in raw log,pass,pass,0,0,0,0,0,0,baseline-strict/mario__Enemy__egggen.log,final-strict/mario__Enemy__egggen.log
mario/Enemy/elecNokonoko,src/Enemy/elecNokonoko.cpp,game,remaining,Empty source; genuine unfinished decompilation; no placeholder bodies added,fail,fail,90,90,0,0,0,0,baseline-strict/mario__Enemy__elecNokonoko.log,final-strict/mario__Enemy__elecNokonoko.log
mario/Enemy/emario,src/Enemy/emario.cpp,game,remaining,Needs source/map/compiler audit before edits,fail,fail,2,2,0,0,0,0,baseline-strict/mario__Enemy__emario.log,final-strict/mario__Enemy__emario.log
mario/Enemy/enemy,src/Enemy/enemy.cpp,game,remaining,Needs source/map/compiler audit before edits,fail,fail,1,1,0,0,0,0,baseline-strict/mario__Enemy__enemy.log,final-strict/mario__Enemy__enemy.log
mario/Enemy/enemyAttachment,src/Enemy/enemyAttachment.cpp,game,pass,No strict failure; warnings may remain in raw log,pass,pass,0,0,0,0,0,0,baseline-strict/mario__Enemy__enemyAttachment.log,final-strict/mario__Enemy__enemyAttachment.log
mario/Enemy/enemyMario,src/Enemy/enemyMario.cpp,game,remaining,Needs source/map/compiler audit before edits,fail,fail,1,1,0,0,0,0,baseline-strict/mario__Enemy__enemyMario.log,final-strict/mario__Enemy__enemyMario.log
mario/Enemy/enemymanager,src/Enemy/enemymanager.cpp,game,remaining,Needs source/map/compiler audit before edits,fail,fail,1,1,0,0,0,0,baseline-strict/mario__Enemy__enemymanager.log,final-strict/mario__Enemy__enemymanager.log
mario/Enemy/enemytable,src/Enemy/enemytable.cpp,game,remaining,Needs source/map/compiler audit before edits,fail,fail,1,1,0,0,0,0,baseline-strict/mario__Enemy__enemytable.log,final-strict/mario__Enemy__enemytable.log
mario/Enemy/feetinv,src/Enemy/feetinv.cpp,game,remaining,Empty source; genuine unfinished decompilation; no placeholder bodies added,fail,fail,12,12,0,0,0,0,baseline-strict/mario__Enemy__feetinv.log,final-strict/mario__Enemy__feetinv.log
mario/Enemy/fireWanwan,src/Enemy/fireWanwan.cpp,game,remaining,Needs source/map/compiler audit before edits,fail,fail,4,4,0,0,0,0,baseline-strict/mario__Enemy__fireWanwan.log,final-strict/mario__Enemy__fireWanwan.log
mario/Enemy/fruitsboat,src/Enemy/fruitsboat.cpp,game,remaining,Empty source; genuine unfinished decompilation; no placeholder bodies added,fail,fail,31,31,0,0,0,0,baseline-strict/mario__Enemy__fruitsboat.log,final-strict/mario__Enemy__fruitsboat.log
mario/Enemy/gatekeeper,src/Enemy/gatekeeper.cpp,game,pass,No strict failure; warnings may remain in raw log,pass,pass,0,0,0,0,0,0,baseline-strict/mario__Enemy__gatekeeper.log,final-strict/mario__Enemy__gatekeeper.log
mario/Enemy/generator,src/Enemy/generator.cpp,game,pass,No strict failure; warnings may remain in raw log,pass,pass,0,0,0,0,0,0,baseline-strict/mario__Enemy__generator.log,final-strict/mario__Enemy__generator.log
mario/Enemy/gesso,src/Enemy/gesso.cpp,game,remaining,Needs source/map/compiler audit before edits,fail,fail,1,1,0,0,0,0,baseline-strict/mario__Enemy__gesso.log,final-strict/mario__Enemy__gesso.log
mario/Enemy/graph,src/Enemy/graph.cpp,game,pass,No strict failure; warnings may remain in raw log,pass,pass,0,0,0,0,0,0,baseline-strict/mario__Enemy__graph.log,final-strict/mario__Enemy__graph.log
mario/Enemy/hamukuri,src/Enemy/hamukuri.cpp,game,fixed,Strict pass; matching checked with no per-function or section regressions,fail,pass,0,0,0,0,1,0,baseline-strict/mario__Enemy__hamukuri.log,final-strict/mario__Enemy__hamukuri.log
mario/Enemy/hanasambo,src/Enemy/hanasambo.cpp,game,remaining,Empty source; genuine unfinished decompilation; no placeholder bodies added,fail,fail,124,124,0,0,0,0,baseline-strict/mario__Enemy__hanasambo.log,final-strict/mario__Enemy__hanasambo.log
mario/Enemy/hauntLeg,src/Enemy/hauntLeg.cpp,game,remaining,Empty source; genuine unfinished decompilation; no placeholder bodies added,fail,fail,33,33,0,0,0,0,baseline-strict/mario__Enemy__hauntLeg.log,final-strict/mario__Enemy__hauntLeg.log
mario/Enemy/hinokuri2,src/Enemy/hinokuri2.cpp,game,pass,No strict failure; warnings may remain in raw log,pass,pass,0,0,0,0,0,0,baseline-strict/mario__Enemy__hinokuri2.log,final-strict/mario__Enemy__hinokuri2.log
mario/Enemy/igaiga,src/Enemy/igaiga.cpp,game,remaining,Empty source; genuine unfinished decompilation; no placeholder bodies added,fail,fail,108,108,0,0,0,0,baseline-strict/mario__Enemy__igaiga.log,final-strict/mario__Enemy__igaiga.log
mario/Enemy/killer,src/Enemy/killer.cpp,game,remaining,Empty source; genuine unfinished decompilation; no placeholder bodies added,fail,fail,60,60,0,0,0,0,baseline-strict/mario__Enemy__killer.log,final-strict/mario__Enemy__killer.log
mario/Enemy/koopajr,src/Enemy/koopajr.cpp,game,remaining,Empty source; genuine unfinished decompilation; no placeholder bodies added,fail,fail,111,111,0,0,0,0,baseline-strict/mario__Enemy__koopajr.log,final-strict/mario__Enemy__koopajr.log
mario/Enemy/launcher,src/Enemy/launcher.cpp,game,pass,No strict failure; warnings may remain in raw log,pass,pass,0,0,0,0,0,0,baseline-strict/mario__Enemy__launcher.log,final-strict/mario__Enemy__launcher.log
mario/Enemy/limitkoopa,src/Enemy/limitkoopa.cpp,game,remaining,Empty source; genuine unfinished decompilation; no placeholder bodies added,fail,fail,97,97,0,0,0,0,baseline-strict/mario__Enemy__limitkoopa.log,final-strict/mario__Enemy__limitkoopa.log
mario/Enemy/limitkoopajr,src/Enemy/limitkoopajr.cpp,game,remaining,Empty source; genuine unfinished decompilation; no placeholder bodies added,fail,fail,42,42,0,0,0,0,baseline-strict/mario__Enemy__limitkoopajr.log,final-strict/mario__Enemy__limitkoopajr.log
mario/Enemy/mameGesso,src/Enemy/mameGesso.cpp,game,pass,No strict failure; warnings may remain in raw log,pass,pass,0,0,0,0,0,0,baseline-strict/mario__Enemy__mameGesso.log,final-strict/mario__Enemy__mameGesso.log
mario/Enemy/namekuri,src/Enemy/namekuri.cpp,game,fixed,Strict pass; matching checked with no per-function or section regressions,fail,pass,0,0,0,0,2,0,baseline-strict/mario__Enemy__namekuri.log,final-strict/mario__Enemy__namekuri.log
mario/Enemy/pakkun,src/Enemy/pakkun.cpp,game,remaining,Empty source; genuine unfinished decompilation; no placeholder bodies added,fail,fail,93,93,0,0,0,0,baseline-strict/mario__Enemy__pakkun.log,final-strict/mario__Enemy__pakkun.log
mario/Enemy/poihana,src/Enemy/poihana.cpp,game,pass,No strict failure; warnings may remain in raw log,pass,pass,0,0,0,0,0,0,baseline-strict/mario__Enemy__poihana.log,final-strict/mario__Enemy__poihana.log
mario/Enemy/popo,src/Enemy/popo.cpp,game,remaining,Empty source; genuine unfinished decompilation; no placeholder bodies added,fail,fail,66,66,0,0,0,0,baseline-strict/mario__Enemy__popo.log,final-strict/mario__Enemy__popo.log
mario/Enemy/riccohook,src/Enemy/riccohook.cpp,game,pass,No strict failure; warnings may remain in raw log,pass,pass,0,0,0,0,0,0,baseline-strict/mario__Enemy__riccohook.log,final-strict/mario__Enemy__riccohook.log
mario/Enemy/rocket,src/Enemy/rocket.cpp,game,remaining,Empty source; genuine unfinished decompilation; no placeholder bodies added,fail,fail,41,41,0,0,0,0,baseline-strict/mario__Enemy__rocket.log,final-strict/mario__Enemy__rocket.log
mario/Enemy/seal,src/Enemy/seal.cpp,game,remaining,Empty source; genuine unfinished decompilation; no placeholder bodies added,fail,fail,22,22,0,0,0,0,baseline-strict/mario__Enemy__seal.log,final-strict/mario__Enemy__seal.log
mario/Enemy/smallEnemy,src/Enemy/smallEnemy.cpp,game,pass,No strict failure; warnings may remain in raw log,pass,pass,0,0,0,0,0,0,baseline-strict/mario__Enemy__smallEnemy.log,final-strict/mario__Enemy__smallEnemy.log
mario/Enemy/spider,src/Enemy/spider.cpp,game,pass,No strict failure; warnings may remain in raw log,pass,pass,0,0,0,0,0,0,baseline-strict/mario__Enemy__spider.log,final-strict/mario__Enemy__spider.log
mario/Enemy/spline,src/Enemy/spline.cpp,game,pass,No strict failure; warnings may remain in raw log,pass,pass,0,0,0,0,0,0,baseline-strict/mario__Enemy__spline.log,final-strict/mario__Enemy__spline.log
mario/Enemy/tamaNoko,src/Enemy/tamaNoko.cpp,game,pass,No strict failure; warnings may remain in raw log,pass,pass,0,0,0,0,0,0,baseline-strict/mario__Enemy__tamaNoko.log,final-strict/mario__Enemy__tamaNoko.log
mario/Enemy/telesa,src/Enemy/telesa.cpp,game,pass,No strict failure; warnings may remain in raw log,pass,pass,0,0,0,0,0,0,baseline-strict/mario__Enemy__telesa.log,final-strict/mario__Enemy__telesa.log
mario/Enemy/tinkoopa,src/Enemy/tinkoopa.cpp,game,remaining,Empty source; genuine unfinished decompilation; no placeholder bodies added,fail,fail,96,96,0,0,0,0,baseline-strict/mario__Enemy__tinkoopa.log,final-strict/mario__Enemy__tinkoopa.log
mario/Enemy/tobiPuku,src/Enemy/tobiPuku.cpp,game,remaining,Empty source; genuine unfinished decompilation; no placeholder bodies added,fail,fail,135,135,0,0,0,0,baseline-strict/mario__Enemy__tobiPuku.log,final-strict/mario__Enemy__tobiPuku.log
mario/Enemy/typicalenemy,src/Enemy/typicalenemy.cpp,game,pass,No strict failure; warnings may remain in raw log,pass,pass,0,0,0,0,0,0,baseline-strict/mario__Enemy__typicalenemy.log,final-strict/mario__Enemy__typicalenemy.log
mario/Enemy/walker,src/Enemy/walker.cpp,game,pass,No strict failure; warnings may remain in raw log,pass,pass,0,0,0,0,0,0,baseline-strict/mario__Enemy__walker.log,final-strict/mario__Enemy__walker.log
mario/Enemy/walkerEnemy,src/Enemy/walkerEnemy.cpp,game,pass,No strict failure; warnings may remain in raw log,pass,pass,0,0,0,0,0,0,baseline-strict/mario__Enemy__walkerEnemy.log,final-strict/mario__Enemy__walkerEnemy.log
mario/Enemy/wireBinder,src/Enemy/wireBinder.cpp,game,pass,No strict failure; warnings may remain in raw log,pass,pass,0,0,0,0,0,0,baseline-strict/mario__Enemy__wireBinder.log,final-strict/mario__Enemy__wireBinder.log
mario/Enemy/wireTrap,src/Enemy/wireTrap.cpp,game,remaining,Empty source; genuine unfinished decompilation; no placeholder bodies added,fail,fail,66,66,0,0,0,0,baseline-strict/mario__Enemy__wireTrap.log,final-strict/mario__Enemy__wireTrap.log
mario/Enemy/yunbo,src/Enemy/yunbo.cpp,game,remaining,Empty source; genuine unfinished decompilation; no placeholder bodies added,fail,fail,59,59,0,0,0,0,baseline-strict/mario__Enemy__yunbo.log,final-strict/mario__Enemy__yunbo.log
mario/GC2D/BlendPane,src/GC2D/BlendPane.cpp,game,pass,No strict failure; warnings may remain in raw log,pass,pass,0,0,0,0,0,0,baseline-strict/mario__GC2D__BlendPane.log,final-strict/mario__GC2D__BlendPane.log
mario/GC2D/BoundPane,src/GC2D/BoundPane.cpp,game,pass,No strict failure; warnings may remain in raw log,pass,pass,0,0,0,0,0,0,baseline-strict/mario__GC2D__BoundPane.log,final-strict/mario__GC2D__BoundPane.log
mario/GC2D/CardLoad,src/GC2D/CardLoad.cpp,game,remaining,Needs source/map/compiler audit before edits,fail,fail,1,1,0,0,0,0,baseline-strict/mario__GC2D__CardLoad.log,final-strict/mario__GC2D__CardLoad.log
mario/GC2D/CardSave,src/GC2D/CardSave.cpp,game,pass,No strict failure; warnings may remain in raw log,pass,pass,0,0,0,0,0,0,baseline-strict/mario__GC2D__CardSave.log,final-strict/mario__GC2D__CardSave.log
mario/GC2D/ChangeValue,src/GC2D/ChangeValue.cpp,game,pass,No strict failure; warnings may remain in raw log,pass,pass,0,0,0,0,0,0,baseline-strict/mario__GC2D__ChangeValue.log,final-strict/mario__GC2D__ChangeValue.log
mario/GC2D/ConsoleStr,src/GC2D/ConsoleStr.cpp,game,pass,No strict failure; warnings may remain in raw log,pass,pass,0,0,0,0,0,0,baseline-strict/mario__GC2D__ConsoleStr.log,final-strict/mario__GC2D__ConsoleStr.log
mario/GC2D/Coord2D,src/GC2D/Coord2D.cpp,game,pass,No strict failure; warnings may remain in raw log,pass,pass,0,0,0,0,0,0,baseline-strict/mario__GC2D__Coord2D.log,final-strict/mario__GC2D__Coord2D.log
mario/GC2D/ExPane,src/GC2D/ExPane.cpp,game,pass,No strict failure; warnings may remain in raw log,pass,pass,0,0,0,0,0,0,baseline-strict/mario__GC2D__ExPane.log,final-strict/mario__GC2D__ExPane.log
mario/GC2D/GCConsole2,src/GC2D/GCConsole2.cpp,game,pass,No strict failure; warnings may remain in raw log,pass,pass,0,0,0,0,0,0,baseline-strict/mario__GC2D__GCConsole2.log,final-strict/mario__GC2D__GCConsole2.log
mario/GC2D/Guide,src/GC2D/Guide.cpp,game,remaining,Empty source; genuine unfinished decompilation; no placeholder bodies added,fail,fail,28,28,0,0,0,0,baseline-strict/mario__GC2D__Guide.log,final-strict/mario__GC2D__Guide.log
mario/GC2D/HelpActor,src/GC2D/HelpActor.cpp,game,pass,No strict failure; warnings may remain in raw log,pass,pass,0,0,0,0,0,0,baseline-strict/mario__GC2D__HelpActor.log,final-strict/mario__GC2D__HelpActor.log
mario/GC2D/Menu,src/GC2D/Menu.cpp,game,pass,No strict failure; warnings may remain in raw log,pass,pass,0,0,0,0,0,0,baseline-strict/mario__GC2D__Menu.log,final-strict/mario__GC2D__Menu.log
mario/GC2D/MessageLoader,src/GC2D/MessageLoader.cpp,game,pass,No strict failure; warnings may remain in raw log,pass,pass,0,0,0,0,0,0,baseline-strict/mario__GC2D__MessageLoader.log,final-strict/mario__GC2D__MessageLoader.log
mario/GC2D/MessageUtil,src/GC2D/MessageUtil.cpp,game,pass,No strict failure; warnings may remain in raw log,pass,pass,0,0,0,0,0,0,baseline-strict/mario__GC2D__MessageUtil.log,final-strict/mario__GC2D__MessageUtil.log
mario/GC2D/MovieRumble,src/GC2D/MovieRumble.cpp,game,pass,No strict failure; warnings may remain in raw log,pass,pass,0,0,0,0,0,0,baseline-strict/mario__GC2D__MovieRumble.log,final-strict/mario__GC2D__MovieRumble.log
mario/GC2D/MovieSubtitle,src/GC2D/MovieSubtitle.cpp,game,pass,No strict failure; warnings may remain in raw log,pass,pass,0,0,0,0,0,0,baseline-strict/mario__GC2D__MovieSubtitle.log,final-strict/mario__GC2D__MovieSubtitle.log
mario/GC2D/Option,src/GC2D/Option.cpp,game,remaining,Needs source/map/compiler audit before edits,fail,fail,3,3,0,0,0,0,baseline-strict/mario__GC2D__Option.log,final-strict/mario__GC2D__Option.log
mario/GC2D/PauseMenu2,src/GC2D/PauseMenu2.cpp,game,remaining,Needs source/map/compiler audit before edits,fail,fail,0,0,1,1,2,2,baseline-strict/mario__GC2D__PauseMenu2.log,final-strict/mario__GC2D__PauseMenu2.log
mario/GC2D/ProgSelect,src/GC2D/ProgSelect.cpp,game,pass,No strict failure; warnings may remain in raw log,pass,pass,0,0,0,0,0,0,baseline-strict/mario__GC2D__ProgSelect.log,final-strict/mario__GC2D__ProgSelect.log
mario/GC2D/ScrnFader,src/GC2D/ScrnFader.cpp,game,pass,No strict failure; warnings may remain in raw log,pass,pass,0,0,0,0,0,0,baseline-strict/mario__GC2D__ScrnFader.log,final-strict/mario__GC2D__ScrnFader.log
mario/GC2D/SelectDir,src/GC2D/SelectDir.cpp,game,pass,No strict failure; warnings may remain in raw log,pass,pass,0,0,0,0,0,0,baseline-strict/mario__GC2D__SelectDir.log,final-strict/mario__GC2D__SelectDir.log
mario/GC2D/SelectMenu,src/GC2D/SelectMenu.cpp,game,pass,No strict failure; warnings may remain in raw log,pass,pass,0,0,0,0,0,0,baseline-strict/mario__GC2D__SelectMenu.log,final-strict/mario__GC2D__SelectMenu.log
mario/GC2D/SelectShine2,src/GC2D/SelectShine2.cpp,game,remaining,Empty source; genuine unfinished decompilation; no placeholder bodies added,fail,fail,18,18,0,0,0,0,baseline-strict/mario__GC2D__SelectShine2.log,final-strict/mario__GC2D__SelectShine2.log
mario/GC2D/ShineFader,src/GC2D/ShineFader.cpp,game,pass,No strict failure; warnings may remain in raw log,pass,pass,0,0,0,0,0,0,baseline-strict/mario__GC2D__ShineFader.log,final-strict/mario__GC2D__ShineFader.log
mario/GC2D/SunGlass,src/GC2D/SunGlass.cpp,game,pass,No strict failure; warnings may remain in raw log,pass,pass,0,0,0,0,0,0,baseline-strict/mario__GC2D__SunGlass.log,final-strict/mario__GC2D__SunGlass.log
mario/GC2D/Talk2D2,src/GC2D/Talk2D2.cpp,game,remaining,Empty source; genuine unfinished decompilation; no placeholder bodies added,fail,fail,27,27,0,0,0,0,baseline-strict/mario__GC2D__Talk2D2.log,final-strict/mario__GC2D__Talk2D2.log
mario/GC2D/hx_wiper,src/GC2D/hx_wiper.c,game,remaining,Empty source; genuine unfinished decompilation; no placeholder bodies added,fail,fail,50,50,0,0,0,0,baseline-strict/mario__GC2D__hx_wiper.log,final-strict/mario__GC2D__hx_wiper.log
mario/JSystem/J2D/J2DGrafContext,src/JSystem/J2D/J2DGrafContext.cpp,restricted,pass,No strict failure; warnings may remain in raw log,pass,pass,0,0,0,0,0,0,baseline-strict/mario__JSystem__J2D__J2DGrafContext.log,final-strict/mario__JSystem__J2D__J2DGrafContext.log
mario/JSystem/J2D/J2DOrthoGraph,src/JSystem/J2D/J2DOrthoGraph.cpp,restricted,pass,No strict failure; warnings may remain in raw log,pass,pass,0,0,0,0,0,0,baseline-strict/mario__JSystem__J2D__J2DOrthoGraph.log,final-strict/mario__JSystem__J2D__J2DOrthoGraph.log
mario/JSystem/J2D/J2DPane,src/JSystem/J2D/J2DPane.cpp,restricted,pass,No strict failure; warnings may remain in raw log,pass,pass,0,0,0,0,0,0,baseline-strict/mario__JSystem__J2D__J2DPane.log,final-strict/mario__JSystem__J2D__J2DPane.log
mario/JSystem/J2D/J2DPicture,src/JSystem/J2D/J2DPicture.cpp,restricted,pass,No strict failure; warnings may remain in raw log,pass,pass,0,0,0,0,0,0,baseline-strict/mario__JSystem__J2D__J2DPicture.log,final-strict/mario__JSystem__J2D__J2DPicture.log
mario/JSystem/J2D/J2DPrint,src/JSystem/J2D/J2DPrint.cpp,restricted,pass,No strict failure; warnings may remain in raw log,pass,pass,0,0,0,0,0,0,baseline-strict/mario__JSystem__J2D__J2DPrint.log,final-strict/mario__JSystem__J2D__J2DPrint.log
mario/JSystem/J2D/J2DScreen,src/JSystem/J2D/J2DScreen.cpp,restricted,pass,No strict failure; warnings may remain in raw log,pass,pass,0,0,0,0,0,0,baseline-strict/mario__JSystem__J2D__J2DScreen.log,final-strict/mario__JSystem__J2D__J2DScreen.log
mario/JSystem/J2D/J2DTextBox,src/JSystem/J2D/J2DTextBox.cpp,restricted,pass,No strict failure; warnings may remain in raw log,pass,pass,0,0,0,0,0,0,baseline-strict/mario__JSystem__J2D__J2DTextBox.log,final-strict/mario__JSystem__J2D__J2DTextBox.log
mario/JSystem/J2D/J2DWindow,src/JSystem/J2D/J2DWindow.cpp,restricted,pass,No strict failure; warnings may remain in raw log,pass,pass,0,0,0,0,0,0,baseline-strict/mario__JSystem__J2D__J2DWindow.log,final-strict/mario__JSystem__J2D__J2DWindow.log
mario/JSystem/J3D/J3DGraphAnimator/J3DAnimation,src/JSystem/J3D/J3DGraphAnimator/J3DAnimation.cpp,restricted,remaining,"Read-only SDK, runtime, middleware or THPPlayer per SMS AGENTS.md",fail,fail,3,3,0,0,2,2,baseline-strict/mario__JSystem__J3D__J3DGraphAnimator__J3DAnimation.log,final-strict/mario__JSystem__J3D__J3DGraphAnimator__J3DAnimation.log
mario/JSystem/J3D/J3DGraphAnimator/J3DCluster,src/JSystem/J3D/J3DGraphAnimator/J3DCluster.cpp,restricted,pass,No strict failure; warnings may remain in raw log,pass,pass,0,0,0,0,0,0,baseline-strict/mario__JSystem__J3D__J3DGraphAnimator__J3DCluster.log,final-strict/mario__JSystem__J3D__J3DGraphAnimator__J3DCluster.log
mario/JSystem/J3D/J3DGraphAnimator/J3DJoint,src/JSystem/J3D/J3DGraphAnimator/J3DJoint.cpp,restricted,pass,No strict failure; warnings may remain in raw log,pass,pass,0,0,0,0,0,0,baseline-strict/mario__JSystem__J3D__J3DGraphAnimator__J3DJoint.log,final-strict/mario__JSystem__J3D__J3DGraphAnimator__J3DJoint.log
mario/JSystem/J3D/J3DGraphAnimator/J3DMaterialAnm,src/JSystem/J3D/J3DGraphAnimator/J3DMaterialAnm.cpp,restricted,pass,No strict failure; warnings may remain in raw log,pass,pass,0,0,0,0,0,0,baseline-strict/mario__JSystem__J3D__J3DGraphAnimator__J3DMaterialAnm.log,final-strict/mario__JSystem__J3D__J3DGraphAnimator__J3DMaterialAnm.log
mario/JSystem/J3D/J3DGraphAnimator/J3DMaterialAttach,src/JSystem/J3D/J3DGraphAnimator/J3DMaterialAttach.cpp,restricted,pass,No strict failure; warnings may remain in raw log,pass,pass,0,0,0,0,0,0,baseline-strict/mario__JSystem__J3D__J3DGraphAnimator__J3DMaterialAttach.log,final-strict/mario__JSystem__J3D__J3DGraphAnimator__J3DMaterialAttach.log
mario/JSystem/J3D/J3DGraphAnimator/J3DModel,src/JSystem/J3D/J3DGraphAnimator/J3DModel.cpp,restricted,remaining,"Read-only SDK, runtime, middleware or THPPlayer per SMS AGENTS.md",fail,fail,22,22,0,0,0,0,baseline-strict/mario__JSystem__J3D__J3DGraphAnimator__J3DModel.log,final-strict/mario__JSystem__J3D__J3DGraphAnimator__J3DModel.log
mario/JSystem/J3D/J3DGraphAnimator/J3DNode,src/JSystem/J3D/J3DGraphAnimator/J3DNode.cpp,restricted,pass,No strict failure; warnings may remain in raw log,pass,pass,0,0,0,0,0,0,baseline-strict/mario__JSystem__J3D__J3DGraphAnimator__J3DNode.log,final-strict/mario__JSystem__J3D__J3DGraphAnimator__J3DNode.log
mario/JSystem/J3D/J3DGraphBase/J3DDrawBuffer,src/JSystem/J3D/J3DGraphBase/J3DDrawBuffer.cpp,restricted,pass,No strict failure; warnings may remain in raw log,pass,pass,0,0,0,0,0,0,baseline-strict/mario__JSystem__J3D__J3DGraphBase__J3DDrawBuffer.log,final-strict/mario__JSystem__J3D__J3DGraphBase__J3DDrawBuffer.log
mario/JSystem/J3D/J3DGraphBase/J3DMaterial,src/JSystem/J3D/J3DGraphBase/J3DMaterial.cpp,restricted,remaining,"Read-only SDK, runtime, middleware or THPPlayer per SMS AGENTS.md",fail,fail,1,1,0,0,1,1,baseline-strict/mario__JSystem__J3D__J3DGraphBase__J3DMaterial.log,final-strict/mario__JSystem__J3D__J3DGraphBase__J3DMaterial.log
mario/JSystem/J3D/J3DGraphBase/J3DPacket,src/JSystem/J3D/J3DGraphBase/J3DPacket.cpp,restricted,pass,No strict failure; warnings may remain in raw log,pass,pass,0,0,0,0,0,0,baseline-strict/mario__JSystem__J3D__J3DGraphBase__J3DPacket.log,final-strict/mario__JSystem__J3D__J3DGraphBase__J3DPacket.log
mario/JSystem/J3D/J3DGraphBase/J3DShape,src/JSystem/J3D/J3DGraphBase/J3DShape.cpp,restricted,pass,No strict failure; warnings may remain in raw log,pass,pass,0,0,0,0,0,0,baseline-strict/mario__JSystem__J3D__J3DGraphBase__J3DShape.log,final-strict/mario__JSystem__J3D__J3DGraphBase__J3DShape.log
mario/JSystem/J3D/J3DGraphBase/J3DSys,src/JSystem/J3D/J3DGraphBase/J3DSys.cpp,restricted,pass,No strict failure; warnings may remain in raw log,pass,pass,0,0,0,0,0,0,baseline-strict/mario__JSystem__J3D__J3DGraphBase__J3DSys.log,final-strict/mario__JSystem__J3D__J3DGraphBase__J3DSys.log
mario/JSystem/J3D/J3DGraphBase/J3DTevs,src/JSystem/J3D/J3DGraphBase/J3DTevs.cpp,restricted,remaining,"Read-only SDK, runtime, middleware or THPPlayer per SMS AGENTS.md",fail,fail,10,10,1,1,0,0,baseline-strict/mario__JSystem__J3D__J3DGraphBase__J3DTevs.log,final-strict/mario__JSystem__J3D__J3DGraphBase__J3DTevs.log
mario/JSystem/J3D/J3DGraphBase/J3DTransform,src/JSystem/J3D/J3DGraphBase/J3DTransform.cpp,restricted,remaining,"Read-only SDK, runtime, middleware or THPPlayer per SMS AGENTS.md",fail,fail,1,1,0,0,0,0,baseline-strict/mario__JSystem__J3D__J3DGraphBase__J3DTransform.log,final-strict/mario__JSystem__J3D__J3DGraphBase__J3DTransform.log
mario/JSystem/J3D/J3DGraphBase/J3DVertex,src/JSystem/J3D/J3DGraphBase/J3DVertex.cpp,restricted,pass,No strict failure; warnings may remain in raw log,pass,pass,0,0,0,0,0,0,baseline-strict/mario__JSystem__J3D__J3DGraphBase__J3DVertex.log,final-strict/mario__JSystem__J3D__J3DGraphBase__J3DVertex.log
mario/JSystem/J3D/J3DGraphLoader/J3DAnmLoader,src/JSystem/J3D/J3DGraphLoader/J3DAnmLoader.cpp,restricted,pass,No strict failure; warnings may remain in raw log,pass,pass,0,0,0,0,0,0,baseline-strict/mario__JSystem__J3D__J3DGraphLoader__J3DAnmLoader.log,final-strict/mario__JSystem__J3D__J3DGraphLoader__J3DAnmLoader.log
mario/JSystem/J3D/J3DGraphLoader/J3DClusterLoader,src/JSystem/J3D/J3DGraphLoader/J3DClusterLoader.cpp,restricted,remaining,"Read-only SDK, runtime, middleware or THPPlayer per SMS AGENTS.md",fail,fail,9,9,0,0,3,3,baseline-strict/mario__JSystem__J3D__J3DGraphLoader__J3DClusterLoader.log,final-strict/mario__JSystem__J3D__J3DGraphLoader__J3DClusterLoader.log
mario/JSystem/J3D/J3DGraphLoader/J3DJointFactory,src/JSystem/J3D/J3DGraphLoader/J3DJointFactory.cpp,restricted,pass,No strict failure; warnings may remain in raw log,pass,pass,0,0,0,0,0,0,baseline-strict/mario__JSystem__J3D__J3DGraphLoader__J3DJointFactory.log,final-strict/mario__JSystem__J3D__J3DGraphLoader__J3DJointFactory.log
mario/JSystem/J3D/J3DGraphLoader/J3DMaterialFactory,src/JSystem/J3D/J3DGraphLoader/J3DMaterialFactory.cpp,restricted,remaining,"Read-only SDK, runtime, middleware or THPPlayer per SMS AGENTS.md",fail,fail,2,2,0,0,0,0,baseline-strict/mario__JSystem__J3D__J3DGraphLoader__J3DMaterialFactory.log,final-strict/mario__JSystem__J3D__J3DGraphLoader__J3DMaterialFactory.log
mario/JSystem/J3D/J3DGraphLoader/J3DMaterialFactory_v21,src/JSystem/J3D/J3DGraphLoader/J3DMaterialFactory_v21.cpp,restricted,remaining,"Read-only SDK, runtime, middleware or THPPlayer per SMS AGENTS.md",fail,fail,1,1,0,0,0,0,baseline-strict/mario__JSystem__J3D__J3DGraphLoader__J3DMaterialFactory_v21.log,final-strict/mario__JSystem__J3D__J3DGraphLoader__J3DMaterialFactory_v21.log
mario/JSystem/J3D/J3DGraphLoader/J3DModelLoader,src/JSystem/J3D/J3DGraphLoader/J3DModelLoader.cpp,restricted,pass,No strict failure; warnings may remain in raw log,pass,pass,0,0,0,0,0,0,baseline-strict/mario__JSystem__J3D__J3DGraphLoader__J3DModelLoader.log,final-strict/mario__JSystem__J3D__J3DGraphLoader__J3DModelLoader.log
mario/JSystem/J3D/J3DGraphLoader/J3DShapeFactory,src/JSystem/J3D/J3DGraphLoader/J3DShapeFactory.cpp,restricted,pass,No strict failure; warnings may remain in raw log,pass,pass,0,0,0,0,0,0,baseline-strict/mario__JSystem__J3D__J3DGraphLoader__J3DShapeFactory.log,final-strict/mario__JSystem__J3D__J3DGraphLoader__J3DShapeFactory.log
mario/JSystem/JAudio/JADebug/JADHioNode,src/JSystem/JAudio/JADebug/JADHioNode.cpp,restricted,uncertain,No resolvable .text map TU; inspect raw diagnostic; not counted as pass,error,error,0,0,0,0,0,0,baseline-strict/mario__JSystem__JAudio__JADebug__JADHioNode.log,final-strict/mario__JSystem__JAudio__JADebug__JADHioNode.log
mario/JSystem/JAudio/JAInterface/JAIAnimation,src/JSystem/JAudio/JAInterface/JAIAnimation.cpp,restricted,pass,No strict failure; warnings may remain in raw log,pass,pass,0,0,0,0,0,0,baseline-strict/mario__JSystem__JAudio__JAInterface__JAIAnimation.log,final-strict/mario__JSystem__JAudio__JAInterface__JAIAnimation.log
mario/JSystem/JAudio/JAInterface/JAIAsnData,src/JSystem/JAudio/JAInterface/JAIAsnData.cpp,restricted,uncertain,No resolvable .text map TU; inspect raw diagnostic; not counted as pass,error,error,0,0,0,0,0,0,baseline-strict/mario__JSystem__JAudio__JAInterface__JAIAsnData.log,final-strict/mario__JSystem__JAudio__JAInterface__JAIAsnData.log
mario/JSystem/JAudio/JAInterface/JAIBasic,src/JSystem/JAudio/JAInterface/JAIBasic.cpp,restricted,pass,No strict failure; warnings may remain in raw log,pass,pass,0,0,0,0,0,0,baseline-strict/mario__JSystem__JAudio__JAInterface__JAIBasic.log,final-strict/mario__JSystem__JAudio__JAInterface__JAIBasic.log
mario/JSystem/JAudio/JAInterface/JAIConst,src/JSystem/JAudio/JAInterface/JAIConst.cpp,restricted,pass,No strict failure; warnings may remain in raw log,pass,pass,0,0,0,0,0,0,baseline-strict/mario__JSystem__JAudio__JAInterface__JAIConst.log,final-strict/mario__JSystem__JAudio__JAInterface__JAIConst.log
mario/JSystem/JAudio/JAInterface/JAIData,src/JSystem/JAudio/JAInterface/JAIData.cpp,restricted,pass,No strict failure; warnings may remain in raw log,pass,pass,0,0,0,0,0,0,baseline-strict/mario__JSystem__JAudio__JAInterface__JAIData.log,final-strict/mario__JSystem__JAudio__JAInterface__JAIData.log
mario/JSystem/JAudio/JAInterface/JAIDebug,src/JSystem/JAudio/JAInterface/JAIDebug.cpp,restricted,uncertain,No resolvable .text map TU; inspect raw diagnostic; not counted as pass,error,error,0,0,0,0,0,0,baseline-strict/mario__JSystem__JAudio__JAInterface__JAIDebug.log,final-strict/mario__JSystem__JAudio__JAInterface__JAIDebug.log
mario/JSystem/JAudio/JAInterface/JAIEntry,src/JSystem/JAudio/JAInterface/JAIEntry.cpp,restricted,pass,No strict failure; warnings may remain in raw log,pass,pass,0,0,0,0,0,0,baseline-strict/mario__JSystem__JAudio__JAInterface__JAIEntry.log,final-strict/mario__JSystem__JAudio__JAInterface__JAIEntry.log
mario/JSystem/JAudio/JAInterface/JAIEntrySe,src/JSystem/JAudio/JAInterface/JAIEntrySe.cpp,restricted,pass,No strict failure; warnings may remain in raw log,pass,pass,0,0,0,0,0,0,baseline-strict/mario__JSystem__JAudio__JAInterface__JAIEntrySe.log,final-strict/mario__JSystem__JAudio__JAInterface__JAIEntrySe.log
mario/JSystem/JAudio/JAInterface/JAIEntrySequence,src/JSystem/JAudio/JAInterface/JAIEntrySequence.cpp,restricted,pass,No strict failure; warnings may remain in raw log,pass,pass,0,0,0,0,0,0,baseline-strict/mario__JSystem__JAudio__JAInterface__JAIEntrySequence.log,final-strict/mario__JSystem__JAudio__JAInterface__JAIEntrySequence.log
mario/JSystem/JAudio/JAInterface/JAIEntryStream,src/JSystem/JAudio/JAInterface/JAIEntryStream.cpp,restricted,pass,No strict failure; warnings may remain in raw log,pass,pass,0,0,0,0,0,0,baseline-strict/mario__JSystem__JAudio__JAInterface__JAIEntryStream.log,final-strict/mario__JSystem__JAudio__JAInterface__JAIEntryStream.log
mario/JSystem/JAudio/JAInterface/JAIGFrameSe,src/JSystem/JAudio/JAInterface/JAIGFrameSe.cpp,restricted,pass,No strict failure; warnings may remain in raw log,pass,pass,0,0,0,0,0,0,baseline-strict/mario__JSystem__JAudio__JAInterface__JAIGFrameSe.log,final-strict/mario__JSystem__JAudio__JAInterface__JAIGFrameSe.log
mario/JSystem/JAudio/JAInterface/JAIGFrameSequence,src/JSystem/JAudio/JAInterface/JAIGFrameSequence.cpp,restricted,pass,No strict failure; warnings may remain in raw log,pass,pass,0,0,0,0,0,0,baseline-strict/mario__JSystem__JAudio__JAInterface__JAIGFrameSequence.log,final-strict/mario__JSystem__JAudio__JAInterface__JAIGFrameSequence.log
mario/JSystem/JAudio/JAInterface/JAIGFrameStream,src/JSystem/JAudio/JAInterface/JAIGFrameStream.cpp,restricted,pass,No strict failure; warnings may remain in raw log,pass,pass,0,0,0,0,0,0,baseline-strict/mario__JSystem__JAudio__JAInterface__JAIGFrameStream.log,final-strict/mario__JSystem__JAudio__JAInterface__JAIGFrameStream.log
mario/JSystem/JAudio/JAInterface/JAIGlobalParameter,src/JSystem/JAudio/JAInterface/JAIGlobalParameter.cpp,restricted,pass,No strict failure; warnings may remain in raw log,pass,pass,0,0,0,0,0,0,baseline-strict/mario__JSystem__JAudio__JAInterface__JAIGlobalParameter.log,final-strict/mario__JSystem__JAudio__JAInterface__JAIGlobalParameter.log
mario/JSystem/JAudio/JAInterface/JAISound,src/JSystem/JAudio/JAInterface/JAISound.cpp,restricted,pass,No strict failure; warnings may remain in raw log,pass,pass,0,0,0,0,0,0,baseline-strict/mario__JSystem__JAudio__JAInterface__JAISound.log,final-strict/mario__JSystem__JAudio__JAInterface__JAISound.log
mario/JSystem/JAudio/JAInterface/JAISystemInterface,src/JSystem/JAudio/JAInterface/JAISystemInterface.cpp,restricted,pass,No strict failure; warnings may remain in raw log,pass,pass,0,0,0,0,0,0,baseline-strict/mario__JSystem__JAudio__JAInterface__JAISystemInterface.log,final-strict/mario__JSystem__JAudio__JAInterface__JAISystemInterface.log
mario/JSystem/JAudio/JALibrary/JALCalc,src/JSystem/JAudio/JALibrary/JALCalc.cpp,restricted,pass,No strict failure; warnings may remain in raw log,pass,pass,0,0,0,0,0,0,baseline-strict/mario__JSystem__JAudio__JALibrary__JALCalc.log,final-strict/mario__JSystem__JAudio__JALibrary__JALCalc.log
mario/JSystem/JAudio/JALibrary/JALModSe,src/JSystem/JAudio/JALibrary/JALModSe.cpp,restricted,pass,No strict failure; warnings may remain in raw log,pass,pass,0,0,0,0,0,0,baseline-strict/mario__JSystem__JAudio__JALibrary__JALModSe.log,final-strict/mario__JSystem__JAudio__JALibrary__JALModSe.log
mario/JSystem/JAudio/JASystem/JASAiCtrl,src/JSystem/JAudio/JASystem/JASAiCtrl.cpp,restricted,pass,No strict failure; warnings may remain in raw log,pass,pass,0,0,0,0,0,0,baseline-strict/mario__JSystem__JAudio__JASystem__JASAiCtrl.log,final-strict/mario__JSystem__JAudio__JASystem__JASAiCtrl.log
mario/JSystem/JAudio/JASystem/JASAudioThread,src/JSystem/JAudio/JASystem/JASAudioThread.cpp,restricted,pass,No strict failure; warnings may remain in raw log,pass,pass,0,0,0,0,0,0,baseline-strict/mario__JSystem__JAudio__JASystem__JASAudioThread.log,final-strict/mario__JSystem__JAudio__JASystem__JASAudioThread.log
mario/JSystem/JAudio/JASystem/JASBNKParser,src/JSystem/JAudio/JASystem/JASBNKParser.cpp,restricted,pass,No strict failure; warnings may remain in raw log,pass,pass,0,0,0,0,0,0,baseline-strict/mario__JSystem__JAudio__JASystem__JASBNKParser.log,final-strict/mario__JSystem__JAudio__JASystem__JASBNKParser.log
mario/JSystem/JAudio/JASystem/JASBank,src/JSystem/JAudio/JASystem/JASBank.cpp,restricted,pass,No strict failure; warnings may remain in raw log,pass,pass,0,0,0,0,0,0,baseline-strict/mario__JSystem__JAudio__JASystem__JASBank.log,final-strict/mario__JSystem__JAudio__JASystem__JASBank.log
mario/JSystem/JAudio/JASystem/JASBankMgr,src/JSystem/JAudio/JASystem/JASBankMgr.cpp,restricted,pass,No strict failure; warnings may remain in raw log,pass,pass,0,0,0,0,0,0,baseline-strict/mario__JSystem__JAudio__JASystem__JASBankMgr.log,final-strict/mario__JSystem__JAudio__JASystem__JASBankMgr.log
mario/JSystem/JAudio/JASystem/JASBasicBank,src/JSystem/JAudio/JASystem/JASBasicBank.cpp,restricted,pass,No strict failure; warnings may remain in raw log,pass,pass,0,0,0,0,0,0,baseline-strict/mario__JSystem__JAudio__JASystem__JASBasicBank.log,final-strict/mario__JSystem__JAudio__JASystem__JASBasicBank.log
mario/JSystem/JAudio/JASystem/JASBasicInst,src/JSystem/JAudio/JASystem/JASBasicInst.cpp,restricted,pass,No strict failure; warnings may remain in raw log,pass,pass,0,0,0,0,0,0,baseline-strict/mario__JSystem__JAudio__JASystem__JASBasicInst.log,final-strict/mario__JSystem__JAudio__JASystem__JASBasicInst.log
mario/JSystem/JAudio/JASystem/JASBasicWaveBank,src/JSystem/JAudio/JASystem/JASBasicWaveBank.cpp,restricted,pass,No strict failure; warnings may remain in raw log,pass,pass,0,0,0,0,0,0,baseline-strict/mario__JSystem__JAudio__JASystem__JASBasicWaveBank.log,final-strict/mario__JSystem__JAudio__JASystem__JASBasicWaveBank.log
mario/JSystem/JAudio/JASystem/JASCalc,src/JSystem/JAudio/JASystem/JASCalc.cpp,restricted,remaining,"Read-only SDK, runtime, middleware or THPPlayer per SMS AGENTS.md",fail,fail,1,1,0,0,0,0,baseline-strict/mario__JSystem__JAudio__JASystem__JASCalc.log,final-strict/mario__JSystem__JAudio__JASystem__JASCalc.log
mario/JSystem/JAudio/JASystem/JASCallback,src/JSystem/JAudio/JASystem/JASCallback.cpp,restricted,pass,No strict failure; warnings may remain in raw log,pass,pass,0,0,0,0,0,0,baseline-strict/mario__JSystem__JAudio__JASystem__JASCallback.log,final-strict/mario__JSystem__JAudio__JASystem__JASCallback.log
mario/JSystem/JAudio/JASystem/JASChAllocQueue,src/JSystem/JAudio/JASystem/JASChAllocQueue.cpp,restricted,pass,No strict failure; warnings may remain in raw log,pass,pass,0,0,0,0,0,0,baseline-strict/mario__JSystem__JAudio__JASystem__JASChAllocQueue.log,final-strict/mario__JSystem__JAudio__JASystem__JASChAllocQueue.log
mario/JSystem/JAudio/JASystem/JASChGlobal,src/JSystem/JAudio/JASystem/JASChGlobal.cpp,restricted,pass,No strict failure; warnings may remain in raw log,pass,pass,0,0,0,0,0,0,baseline-strict/mario__JSystem__JAudio__JASystem__JASChGlobal.log,final-strict/mario__JSystem__JAudio__JASystem__JASChGlobal.log
mario/JSystem/JAudio/JASystem/JASChannel,src/JSystem/JAudio/JASystem/JASChannel.cpp,restricted,pass,No strict failure; warnings may remain in raw log,pass,pass,0,0,0,0,0,0,baseline-strict/mario__JSystem__JAudio__JASystem__JASChannel.log,final-strict/mario__JSystem__JAudio__JASystem__JASChannel.log
mario/JSystem/JAudio/JASystem/JASChannelMgr,src/JSystem/JAudio/JASystem/JASChannelMgr.cpp,restricted,pass,No strict failure; warnings may remain in raw log,pass,pass,0,0,0,0,0,0,baseline-strict/mario__JSystem__JAudio__JASystem__JASChannelMgr.log,final-strict/mario__JSystem__JAudio__JASystem__JASChannelMgr.log
mario/JSystem/JAudio/JASystem/JASCmdStack,src/JSystem/JAudio/JASystem/JASCmdStack.cpp,restricted,pass,No strict failure; warnings may remain in raw log,pass,pass,0,0,0,0,0,0,baseline-strict/mario__JSystem__JAudio__JASystem__JASCmdStack.log,final-strict/mario__JSystem__JAudio__JASystem__JASCmdStack.log
mario/JSystem/JAudio/JASystem/JASDSPBuf,src/JSystem/JAudio/JASystem/JASDSPBuf.cpp,restricted,pass,No strict failure; warnings may remain in raw log,pass,pass,0,0,0,0,0,0,baseline-strict/mario__JSystem__JAudio__JASystem__JASDSPBuf.log,final-strict/mario__JSystem__JAudio__JASystem__JASDSPBuf.log
mario/JSystem/JAudio/JASystem/JASDSPChannel,src/JSystem/JAudio/JASystem/JASDSPChannel.cpp,restricted,pass,No strict failure; warnings may remain in raw log,pass,pass,0,0,0,0,0,0,baseline-strict/mario__JSystem__JAudio__JASystem__JASDSPChannel.log,final-strict/mario__JSystem__JAudio__JASystem__JASDSPChannel.log
mario/JSystem/JAudio/JASystem/JASDSPInterface,src/JSystem/JAudio/JASystem/JASDSPInterface.cpp,restricted,pass,No strict failure; warnings may remain in raw log,pass,pass,0,0,0,0,0,0,baseline-strict/mario__JSystem__JAudio__JASystem__JASDSPInterface.log,final-strict/mario__JSystem__JAudio__JASystem__JASDSPInterface.log
mario/JSystem/JAudio/JASystem/JASDriverIF,src/JSystem/JAudio/JASystem/JASDriverIF.cpp,restricted,pass,No strict failure; warnings may remain in raw log,pass,pass,0,0,0,0,0,0,baseline-strict/mario__JSystem__JAudio__JASystem__JASDriverIF.log,final-strict/mario__JSystem__JAudio__JASystem__JASDriverIF.log
mario/JSystem/JAudio/JASystem/JASDriverTables,src/JSystem/JAudio/JASystem/JASDriverTables.cpp,restricted,uncertain,No resolvable .text map TU; inspect raw diagnostic; not counted as pass,error,error,0,0,0,0,0,0,baseline-strict/mario__JSystem__JAudio__JASystem__JASDriverTables.log,final-strict/mario__JSystem__JAudio__JASystem__JASDriverTables.log
mario/JSystem/JAudio/JASystem/JASDrumSet,src/JSystem/JAudio/JASystem/JASDrumSet.cpp,restricted,pass,No strict failure; warnings may remain in raw log,pass,pass,0,0,0,0,0,0,baseline-strict/mario__JSystem__JAudio__JASystem__JASDrumSet.log,final-strict/mario__JSystem__JAudio__JASystem__JASDrumSet.log
mario/JSystem/JAudio/JASystem/JASDvdThread,src/JSystem/JAudio/JASystem/JASDvdThread.cpp,restricted,pass,No strict failure; warnings may remain in raw log,pass,pass,0,0,0,0,0,0,baseline-strict/mario__JSystem__JAudio__JASystem__JASDvdThread.log,final-strict/mario__JSystem__JAudio__JASystem__JASDvdThread.log
mario/JSystem/JAudio/JASystem/JASHardStream,src/JSystem/JAudio/JASystem/JASHardStream.cpp,restricted,pass,No strict failure; warnings may remain in raw log,pass,pass,0,0,0,0,0,0,baseline-strict/mario__JSystem__JAudio__JASystem__JASHardStream.log,final-strict/mario__JSystem__JAudio__JASystem__JASHardStream.log
mario/JSystem/JAudio/JASystem/JASHeapCtrl,src/JSystem/JAudio/JASystem/JASHeapCtrl.cpp,restricted,pass,No strict failure; warnings may remain in raw log,pass,pass,0,0,0,0,0,0,baseline-strict/mario__JSystem__JAudio__JASystem__JASHeapCtrl.log,final-strict/mario__JSystem__JAudio__JASystem__JASHeapCtrl.log
mario/JSystem/JAudio/JASystem/JASInstEffect,src/JSystem/JAudio/JASystem/JASInstEffect.cpp,restricted,pass,No strict failure; warnings may remain in raw log,pass,pass,0,0,0,0,0,0,baseline-strict/mario__JSystem__JAudio__JASystem__JASInstEffect.log,final-strict/mario__JSystem__JAudio__JASystem__JASInstEffect.log
mario/JSystem/JAudio/JASystem/JASInstRand,src/JSystem/JAudio/JASystem/JASInstRand.cpp,restricted,pass,No strict failure; warnings may remain in raw log,pass,pass,0,0,0,0,0,0,baseline-strict/mario__JSystem__JAudio__JASystem__JASInstRand.log,final-strict/mario__JSystem__JAudio__JASystem__JASInstRand.log
mario/JSystem/JAudio/JASystem/JASInstSense,src/JSystem/JAudio/JASystem/JASInstSense.cpp,restricted,pass,No strict failure; warnings may remain in raw log,pass,pass,0,0,0,0,0,0,baseline-strict/mario__JSystem__JAudio__JASystem__JASInstSense.log,final-strict/mario__JSystem__JAudio__JASystem__JASInstSense.log
mario/JSystem/JAudio/JASystem/JASKernelDebug,src/JSystem/JAudio/JASystem/JASKernelDebug.cpp,restricted,pass,No strict failure; warnings may remain in raw log,pass,pass,0,0,0,0,0,0,baseline-strict/mario__JSystem__JAudio__JASystem__JASKernelDebug.log,final-strict/mario__JSystem__JAudio__JASystem__JASKernelDebug.log
mario/JSystem/JAudio/JASystem/JASNoteMgr,src/JSystem/JAudio/JASystem/JASNoteMgr.cpp,restricted,pass,No strict failure; warnings may remain in raw log,pass,pass,0,0,0,0,0,0,baseline-strict/mario__JSystem__JAudio__JASystem__JASNoteMgr.log,final-strict/mario__JSystem__JAudio__JASystem__JASNoteMgr.log
mario/JSystem/JAudio/JASystem/JASOscillator,src/JSystem/JAudio/JASystem/JASOscillator.cpp,restricted,pass,No strict failure; warnings may remain in raw log,pass,pass,0,0,0,0,0,0,baseline-strict/mario__JSystem__JAudio__JASystem__JASOscillator.log,final-strict/mario__JSystem__JAudio__JASystem__JASOscillator.log
mario/JSystem/JAudio/JASystem/JASOuterParam,src/JSystem/JAudio/JASystem/JASOuterParam.cpp,restricted,pass,No strict failure; warnings may remain in raw log,pass,pass,0,0,0,0,0,0,baseline-strict/mario__JSystem__JAudio__JASystem__JASOuterParam.log,final-strict/mario__JSystem__JAudio__JASystem__JASOuterParam.log
mario/JSystem/JAudio/JASystem/JASPlayer_impl,src/JSystem/JAudio/JASystem/JASPlayer_impl.cpp,restricted,pass,No strict failure; warnings may remain in raw log,pass,pass,0,0,0,0,0,0,baseline-strict/mario__JSystem__JAudio__JASystem__JASPlayer_impl.log,final-strict/mario__JSystem__JAudio__JASystem__JASPlayer_impl.log
mario/JSystem/JAudio/JASystem/JASProbe,src/JSystem/JAudio/JASystem/JASProbe.cpp,restricted,pass,No strict failure; warnings may remain in raw log,pass,pass,0,0,0,0,0,0,baseline-strict/mario__JSystem__JAudio__JASystem__JASProbe.log,final-strict/mario__JSystem__JAudio__JASystem__JASProbe.log
mario/JSystem/JAudio/JASystem/JASRate,src/JSystem/JAudio/JASystem/JASRate.cpp,restricted,uncertain,No resolvable .text map TU; inspect raw diagnostic; not counted as pass,error,error,0,0,0,0,0,0,baseline-strict/mario__JSystem__JAudio__JASystem__JASRate.log,final-strict/mario__JSystem__JAudio__JASystem__JASRate.log
mario/JSystem/JAudio/JASystem/JASRegisterParam,src/JSystem/JAudio/JASystem/JASRegisterParam.cpp,restricted,pass,No strict failure; warnings may remain in raw log,pass,pass,0,0,0,0,0,0,baseline-strict/mario__JSystem__JAudio__JASystem__JASRegisterParam.log,final-strict/mario__JSystem__JAudio__JASystem__JASRegisterParam.log
mario/JSystem/JAudio/JASystem/JASSeqCtrl,src/JSystem/JAudio/JASystem/JASSeqCtrl.cpp,restricted,pass,No strict failure; warnings may remain in raw log,pass,pass,0,0,0,0,0,0,baseline-strict/mario__JSystem__JAudio__JASystem__JASSeqCtrl.log,final-strict/mario__JSystem__JAudio__JASystem__JASSeqCtrl.log
mario/JSystem/JAudio/JASystem/JASSeqParser,src/JSystem/JAudio/JASystem/JASSeqParser.cpp,restricted,pass,No strict failure; warnings may remain in raw log,pass,pass,0,0,0,0,0,0,baseline-strict/mario__JSystem__JAudio__JASystem__JASSeqParser.log,final-strict/mario__JSystem__JAudio__JASystem__JASSeqParser.log
mario/JSystem/JAudio/JASystem/JASSimpleWaveBank,src/JSystem/JAudio/JASystem/JASSimpleWaveBank.cpp,restricted,pass,No strict failure; warnings may remain in raw log,pass,pass,0,0,0,0,0,0,baseline-strict/mario__JSystem__JAudio__JASystem__JASSimpleWaveBank.log,final-strict/mario__JSystem__JAudio__JASystem__JASSimpleWaveBank.log
mario/JSystem/JAudio/JASystem/JASSystemHeap,src/JSystem/JAudio/JASystem/JASSystemHeap.cpp,restricted,pass,No strict failure; warnings may remain in raw log,pass,pass,0,0,0,0,0,0,baseline-strict/mario__JSystem__JAudio__JASystem__JASSystemHeap.log,final-strict/mario__JSystem__JAudio__JASystem__JASSystemHeap.log
mario/JSystem/JAudio/JASystem/JASTrack,src/JSystem/JAudio/JASystem/JASTrack.cpp,restricted,pass,No strict failure; warnings may remain in raw log,pass,pass,0,0,0,0,0,0,baseline-strict/mario__JSystem__JAudio__JASystem__JASTrack.log,final-strict/mario__JSystem__JAudio__JASystem__JASTrack.log
mario/JSystem/JAudio/JASystem/JASTrackInterrupt,src/JSystem/JAudio/JASystem/JASTrackInterrupt.cpp,restricted,pass,No strict failure; warnings may remain in raw log,pass,pass,0,0,0,0,0,0,baseline-strict/mario__JSystem__JAudio__JASystem__JASTrackInterrupt.log,final-strict/mario__JSystem__JAudio__JASystem__JASTrackInterrupt.log
mario/JSystem/JAudio/JASystem/JASTrackMgr,src/JSystem/JAudio/JASystem/JASTrackMgr.cpp,restricted,pass,No strict failure; warnings may remain in raw log,pass,pass,0,0,0,0,0,0,baseline-strict/mario__JSystem__JAudio__JASystem__JASTrackMgr.log,final-strict/mario__JSystem__JAudio__JASystem__JASTrackMgr.log
mario/JSystem/JAudio/JASystem/JASTrackPort,src/JSystem/JAudio/JASystem/JASTrackPort.cpp,restricted,pass,No strict failure; warnings may remain in raw log,pass,pass,0,0,0,0,0,0,baseline-strict/mario__JSystem__JAudio__JASystem__JASTrackPort.log,final-strict/mario__JSystem__JAudio__JASystem__JASTrackPort.log
mario/JSystem/JAudio/JASystem/JASVload,src/JSystem/JAudio/JASystem/JASVload.cpp,restricted,pass,No strict failure; warnings may remain in raw log,pass,pass,0,0,0,0,0,0,baseline-strict/mario__JSystem__JAudio__JASystem__JASVload.log,final-strict/mario__JSystem__JAudio__JASystem__JASVload.log
mario/JSystem/JAudio/JASystem/JASWSParser,src/JSystem/JAudio/JASystem/JASWSParser.cpp,restricted,pass,No strict failure; warnings may remain in raw log,pass,pass,0,0,0,0,0,0,baseline-strict/mario__JSystem__JAudio__JASystem__JASWSParser.log,final-strict/mario__JSystem__JAudio__JASystem__JASWSParser.log
mario/JSystem/JAudio/JASystem/JASWaveArcLoader,src/JSystem/JAudio/JASystem/JASWaveArcLoader.cpp,restricted,pass,No strict failure; warnings may remain in raw log,pass,pass,0,0,0,0,0,0,baseline-strict/mario__JSystem__JAudio__JASystem__JASWaveArcLoader.log,final-strict/mario__JSystem__JAudio__JASystem__JASWaveArcLoader.log
mario/JSystem/JAudio/JASystem/JASWaveBank,src/JSystem/JAudio/JASystem/JASWaveBank.cpp,restricted,pass,No strict failure; warnings may remain in raw log,pass,pass,0,0,0,0,0,0,baseline-strict/mario__JSystem__JAudio__JASystem__JASWaveBank.log,final-strict/mario__JSystem__JAudio__JASystem__JASWaveBank.log
mario/JSystem/JAudio/JASystem/JASWaveBankMgr,src/JSystem/JAudio/JASystem/JASWaveBankMgr.cpp,restricted,pass,No strict failure; warnings may remain in raw log,pass,pass,0,0,0,0,0,0,baseline-strict/mario__JSystem__JAudio__JASystem__JASWaveBankMgr.log,final-strict/mario__JSystem__JAudio__JASystem__JASWaveBankMgr.log
mario/JSystem/JDrama/JDRActor,src/JSystem/JDrama/JDRActor.cpp,restricted,pass,No strict failure; warnings may remain in raw log,pass,pass,0,0,0,0,0,0,baseline-strict/mario__JSystem__JDrama__JDRActor.log,final-strict/mario__JSystem__JDrama__JDRActor.log
mario/JSystem/JDrama/JDRCamera,src/JSystem/JDrama/JDRCamera.cpp,restricted,pass,No strict failure; warnings may remain in raw log,pass,pass,0,0,0,0,0,0,baseline-strict/mario__JSystem__JDrama__JDRCamera.log,final-strict/mario__JSystem__JDrama__JDRCamera.log
mario/JSystem/JDrama/JDRCharacter,src/JSystem/JDrama/JDRCharacter.cpp,restricted,pass,No strict failure; warnings may remain in raw log,pass,pass,0,0,0,0,0,0,baseline-strict/mario__JSystem__JDrama__JDRCharacter.log,final-strict/mario__JSystem__JDrama__JDRCharacter.log
mario/JSystem/JDrama/JDRDStage,src/JSystem/JDrama/JDRDStage.cpp,restricted,pass,No strict failure; warnings may remain in raw log,pass,pass,0,0,0,0,0,0,baseline-strict/mario__JSystem__JDrama__JDRDStage.log,final-strict/mario__JSystem__JDrama__JDRDStage.log
mario/JSystem/JDrama/JDRDStageGroup,src/JSystem/JDrama/JDRDStageGroup.cpp,restricted,pass,No strict failure; warnings may remain in raw log,pass,pass,0,0,0,0,0,0,baseline-strict/mario__JSystem__JDrama__JDRDStageGroup.log,final-strict/mario__JSystem__JDrama__JDRDStageGroup.log
mario/JSystem/JDrama/JDRDirector,src/JSystem/JDrama/JDRDirector.cpp,restricted,pass,No strict failure; warnings may remain in raw log,pass,pass,0,0,0,0,0,0,baseline-strict/mario__JSystem__JDrama__JDRDirector.log,final-strict/mario__JSystem__JDrama__JDRDirector.log
mario/JSystem/JDrama/JDRDisplay,src/JSystem/JDrama/JDRDisplay.cpp,restricted,pass,No strict failure; warnings may remain in raw log,pass,pass,0,0,0,0,0,0,baseline-strict/mario__JSystem__JDrama__JDRDisplay.log,final-strict/mario__JSystem__JDrama__JDRDisplay.log
mario/JSystem/JDrama/JDRDrawBufObj,src/JSystem/JDrama/JDRDrawBufObj.cpp,restricted,pass,No strict failure; warnings may remain in raw log,pass,pass,0,0,0,0,0,0,baseline-strict/mario__JSystem__JDrama__JDRDrawBufObj.log,final-strict/mario__JSystem__JDrama__JDRDrawBufObj.log
mario/JSystem/JDrama/JDREfbCtrl,src/JSystem/JDrama/JDREfbCtrl.cpp,restricted,pass,No strict failure; warnings may remain in raw log,pass,pass,0,0,0,0,0,0,baseline-strict/mario__JSystem__JDrama__JDREfbCtrl.log,final-strict/mario__JSystem__JDrama__JDREfbCtrl.log
mario/JSystem/JDrama/JDREfbSetting,src/JSystem/JDrama/JDREfbSetting.cpp,restricted,pass,No strict failure; warnings may remain in raw log,pass,pass,0,0,0,0,0,0,baseline-strict/mario__JSystem__JDrama__JDREfbSetting.log,final-strict/mario__JSystem__JDrama__JDREfbSetting.log
mario/JSystem/JDrama/JDRFrmGXSet,src/JSystem/JDrama/JDRFrmGXSet.cpp,restricted,pass,No strict failure; warnings may remain in raw log,pass,pass,0,0,0,0,0,0,baseline-strict/mario__JSystem__JDrama__JDRFrmGXSet.log,final-strict/mario__JSystem__JDrama__JDRFrmGXSet.log
mario/JSystem/JDrama/JDRGraphics,src/JSystem/JDrama/JDRGraphics.cpp,restricted,pass,No strict failure; warnings may remain in raw log,pass,pass,0,0,0,0,0,0,baseline-strict/mario__JSystem__JDrama__JDRGraphics.log,final-strict/mario__JSystem__JDrama__JDRGraphics.log
mario/JSystem/JDrama/JDRLighting,src/JSystem/JDrama/JDRLighting.cpp,restricted,pass,No strict failure; warnings may remain in raw log,pass,pass,0,0,0,0,0,0,baseline-strict/mario__JSystem__JDrama__JDRLighting.log,final-strict/mario__JSystem__JDrama__JDRLighting.log
mario/JSystem/JDrama/JDRNameRef,src/JSystem/JDrama/JDRNameRef.cpp,restricted,pass,No strict failure; warnings may remain in raw log,pass,pass,0,0,0,0,0,0,baseline-strict/mario__JSystem__JDrama__JDRNameRef.log,final-strict/mario__JSystem__JDrama__JDRNameRef.log
mario/JSystem/JDrama/JDRNameRefGen,src/JSystem/JDrama/JDRNameRefGen.cpp,restricted,pass,No strict failure; warnings may remain in raw log,pass,pass,0,0,0,0,0,0,baseline-strict/mario__JSystem__JDrama__JDRNameRefGen.log,final-strict/mario__JSystem__JDrama__JDRNameRefGen.log
mario/JSystem/JDrama/JDRPlacement,src/JSystem/JDrama/JDRPlacement.cpp,restricted,pass,No strict failure; warnings may remain in raw log,pass,pass,0,0,0,0,0,0,baseline-strict/mario__JSystem__JDrama__JDRPlacement.log,final-strict/mario__JSystem__JDrama__JDRPlacement.log
mario/JSystem/JDrama/JDRRenderMode,src/JSystem/JDrama/JDRRenderMode.cpp,restricted,pass,No strict failure; warnings may remain in raw log,pass,pass,0,0,0,0,0,0,baseline-strict/mario__JSystem__JDrama__JDRRenderMode.log,final-strict/mario__JSystem__JDrama__JDRRenderMode.log
mario/JSystem/JDrama/JDRResolution,src/JSystem/JDrama/JDRResolution.cpp,restricted,pass,No strict failure; warnings may remain in raw log,pass,pass,0,0,0,0,0,0,baseline-strict/mario__JSystem__JDrama__JDRResolution.log,final-strict/mario__JSystem__JDrama__JDRResolution.log
mario/JSystem/JDrama/JDRScreen,src/JSystem/JDrama/JDRScreen.cpp,restricted,pass,No strict failure; warnings may remain in raw log,pass,pass,0,0,0,0,0,0,baseline-strict/mario__JSystem__JDrama__JDRScreen.log,final-strict/mario__JSystem__JDrama__JDRScreen.log
mario/JSystem/JDrama/JDRSmJ3DAct,src/JSystem/JDrama/JDRSmJ3DAct.cpp,restricted,pass,No strict failure; warnings may remain in raw log,pass,pass,0,0,0,0,0,0,baseline-strict/mario__JSystem__JDrama__JDRSmJ3DAct.log,final-strict/mario__JSystem__JDrama__JDRSmJ3DAct.log
mario/JSystem/JDrama/JDRSmJ3DScn,src/JSystem/JDrama/JDRSmJ3DScn.cpp,restricted,pass,No strict failure; warnings may remain in raw log,pass,pass,0,0,0,0,0,0,baseline-strict/mario__JSystem__JDrama__JDRSmJ3DScn.log,final-strict/mario__JSystem__JDrama__JDRSmJ3DScn.log
mario/JSystem/JDrama/JDRVideo,src/JSystem/JDrama/JDRVideo.cpp,restricted,pass,No strict failure; warnings may remain in raw log,pass,pass,0,0,0,0,0,0,baseline-strict/mario__JSystem__JDrama__JDRVideo.log,final-strict/mario__JSystem__JDrama__JDRVideo.log
mario/JSystem/JDrama/JDRViewConnecter,src/JSystem/JDrama/JDRViewConnecter.cpp,restricted,pass,No strict failure; warnings may remain in raw log,pass,pass,0,0,0,0,0,0,baseline-strict/mario__JSystem__JDrama__JDRViewConnecter.log,final-strict/mario__JSystem__JDrama__JDRViewConnecter.log
mario/JSystem/JDrama/JDRViewObj,src/JSystem/JDrama/JDRViewObj.cpp,restricted,pass,No strict failure; warnings may remain in raw log,pass,pass,0,0,0,0,0,0,baseline-strict/mario__JSystem__JDrama__JDRViewObj.log,final-strict/mario__JSystem__JDrama__JDRViewObj.log
mario/JSystem/JDrama/JDRViewport,src/JSystem/JDrama/JDRViewport.cpp,restricted,pass,No strict failure; warnings may remain in raw log,pass,pass,0,0,0,0,0,0,baseline-strict/mario__JSystem__JDrama__JDRViewport.log,final-strict/mario__JSystem__JDrama__JDRViewport.log
mario/JSystem/JGadget/linklist,src/JSystem/JGadget/linklist.cpp,restricted,remaining,"Read-only SDK, runtime, middleware or THPPlayer per SMS AGENTS.md",fail,fail,9,9,0,0,0,0,baseline-strict/mario__JSystem__JGadget__linklist.log,final-strict/mario__JSystem__JGadget__linklist.log
mario/JSystem/JGadget/singlelinklist,src/JSystem/JGadget/singlelinklist.cpp,restricted,remaining,"Read-only SDK, runtime, middleware or THPPlayer per SMS AGENTS.md",fail,fail,4,4,0,0,0,0,baseline-strict/mario__JSystem__JGadget__singlelinklist.log,final-strict/mario__JSystem__JGadget__singlelinklist.log
mario/JSystem/JGadget/std-list,src/JSystem/JGadget/std-list.cpp,restricted,remaining,"Read-only SDK, runtime, middleware or THPPlayer per SMS AGENTS.md",fail,fail,10,10,0,0,0,0,baseline-strict/mario__JSystem__JGadget__std-list.log,final-strict/mario__JSystem__JGadget__std-list.log
mario/JSystem/JGadget/std-vector,src/JSystem/JGadget/std-vector.cpp,restricted,pass,No strict failure; warnings may remain in raw log,pass,pass,0,0,0,0,0,0,baseline-strict/mario__JSystem__JGadget__std-vector.log,final-strict/mario__JSystem__JGadget__std-vector.log
mario/JSystem/JKernel/JKRAram,src/JSystem/JKernel/JKRAram.cpp,restricted,pass,No strict failure; warnings may remain in raw log,pass,pass,0,0,0,0,0,0,baseline-strict/mario__JSystem__JKernel__JKRAram.log,final-strict/mario__JSystem__JKernel__JKRAram.log
mario/JSystem/JKernel/JKRAramArchive,src/JSystem/JKernel/JKRAramArchive.cpp,restricted,pass,No strict failure; warnings may remain in raw log,pass,pass,0,0,0,0,0,0,baseline-strict/mario__JSystem__JKernel__JKRAramArchive.log,final-strict/mario__JSystem__JKernel__JKRAramArchive.log
mario/JSystem/JKernel/JKRAramBlock,src/JSystem/JKernel/JKRAramBlock.cpp,restricted,pass,No strict failure; warnings may remain in raw log,pass,pass,0,0,0,0,0,0,baseline-strict/mario__JSystem__JKernel__JKRAramBlock.log,final-strict/mario__JSystem__JKernel__JKRAramBlock.log
mario/JSystem/JKernel/JKRAramHeap,src/JSystem/JKernel/JKRAramHeap.cpp,restricted,pass,No strict failure; warnings may remain in raw log,pass,pass,0,0,0,0,0,0,baseline-strict/mario__JSystem__JKernel__JKRAramHeap.log,final-strict/mario__JSystem__JKernel__JKRAramHeap.log
mario/JSystem/JKernel/JKRAramPiece,src/JSystem/JKernel/JKRAramPiece.cpp,restricted,pass,No strict failure; warnings may remain in raw log,pass,pass,0,0,0,0,0,0,baseline-strict/mario__JSystem__JKernel__JKRAramPiece.log,final-strict/mario__JSystem__JKernel__JKRAramPiece.log
mario/JSystem/JKernel/JKRAramStream,src/JSystem/JKernel/JKRAramStream.cpp,restricted,pass,No strict failure; warnings may remain in raw log,pass,pass,0,0,0,0,0,0,baseline-strict/mario__JSystem__JKernel__JKRAramStream.log,final-strict/mario__JSystem__JKernel__JKRAramStream.log
mario/JSystem/JKernel/JKRArchivePri,src/JSystem/JKernel/JKRArchivePri.cpp,restricted,pass,No strict failure; warnings may remain in raw log,pass,pass,0,0,0,0,0,0,baseline-strict/mario__JSystem__JKernel__JKRArchivePri.log,final-strict/mario__JSystem__JKernel__JKRArchivePri.log
mario/JSystem/JKernel/JKRArchivePub,src/JSystem/JKernel/JKRArchivePub.cpp,restricted,pass,No strict failure; warnings may remain in raw log,pass,pass,0,0,0,0,0,0,baseline-strict/mario__JSystem__JKernel__JKRArchivePub.log,final-strict/mario__JSystem__JKernel__JKRArchivePub.log
mario/JSystem/JKernel/JKRCompArchive,src/JSystem/JKernel/JKRCompArchive.cpp,restricted,pass,No strict failure; warnings may remain in raw log,pass,pass,0,0,0,0,0,0,baseline-strict/mario__JSystem__JKernel__JKRCompArchive.log,final-strict/mario__JSystem__JKernel__JKRCompArchive.log
mario/JSystem/JKernel/JKRDecomp,src/JSystem/JKernel/JKRDecomp.cpp,restricted,pass,No strict failure; warnings may remain in raw log,pass,pass,0,0,0,0,0,0,baseline-strict/mario__JSystem__JKernel__JKRDecomp.log,final-strict/mario__JSystem__JKernel__JKRDecomp.log
mario/JSystem/JKernel/JKRDisposer,src/JSystem/JKernel/JKRDisposer.cpp,restricted,pass,No strict failure; warnings may remain in raw log,pass,pass,0,0,0,0,0,0,baseline-strict/mario__JSystem__JKernel__JKRDisposer.log,final-strict/mario__JSystem__JKernel__JKRDisposer.log
mario/JSystem/JKernel/JKRDvdAramRipper,src/JSystem/JKernel/JKRDvdAramRipper.cpp,restricted,pass,No strict failure; warnings may remain in raw log,pass,pass,0,0,0,0,0,0,baseline-strict/mario__JSystem__JKernel__JKRDvdAramRipper.log,final-strict/mario__JSystem__JKernel__JKRDvdAramRipper.log
mario/JSystem/JKernel/JKRDvdArchive,src/JSystem/JKernel/JKRDvdArchive.cpp,restricted,pass,No strict failure; warnings may remain in raw log,pass,pass,0,0,0,0,0,0,baseline-strict/mario__JSystem__JKernel__JKRDvdArchive.log,final-strict/mario__JSystem__JKernel__JKRDvdArchive.log
mario/JSystem/JKernel/JKRDvdFile,src/JSystem/JKernel/JKRDvdFile.cpp,restricted,pass,No strict failure; warnings may remain in raw log,pass,pass,0,0,0,0,0,0,baseline-strict/mario__JSystem__JKernel__JKRDvdFile.log,final-strict/mario__JSystem__JKernel__JKRDvdFile.log
mario/JSystem/JKernel/JKRDvdRipper,src/JSystem/JKernel/JKRDvdRipper.cpp,restricted,pass,No strict failure; warnings may remain in raw log,pass,pass,0,0,0,0,0,0,baseline-strict/mario__JSystem__JKernel__JKRDvdRipper.log,final-strict/mario__JSystem__JKernel__JKRDvdRipper.log
mario/JSystem/JKernel/JKRExpHeap,src/JSystem/JKernel/JKRExpHeap.cpp,restricted,pass,No strict failure; warnings may remain in raw log,pass,pass,0,0,0,0,0,0,baseline-strict/mario__JSystem__JKernel__JKRExpHeap.log,final-strict/mario__JSystem__JKernel__JKRExpHeap.log
mario/JSystem/JKernel/JKRFileCache,src/JSystem/JKernel/JKRFileCache.cpp,restricted,pass,No strict failure; warnings may remain in raw log,pass,pass,0,0,0,0,0,0,baseline-strict/mario__JSystem__JKernel__JKRFileCache.log,final-strict/mario__JSystem__JKernel__JKRFileCache.log
mario/JSystem/JKernel/JKRFileFinder,src/JSystem/JKernel/JKRFileFinder.cpp,restricted,pass,No strict failure; warnings may remain in raw log,pass,pass,0,0,0,0,0,0,baseline-strict/mario__JSystem__JKernel__JKRFileFinder.log,final-strict/mario__JSystem__JKernel__JKRFileFinder.log
mario/JSystem/JKernel/JKRFileLoader,src/JSystem/JKernel/JKRFileLoader.cpp,restricted,pass,No strict failure; warnings may remain in raw log,pass,pass,0,0,0,0,0,0,baseline-strict/mario__JSystem__JKernel__JKRFileLoader.log,final-strict/mario__JSystem__JKernel__JKRFileLoader.log
mario/JSystem/JKernel/JKRHeap,src/JSystem/JKernel/JKRHeap.cpp,restricted,pass,No strict failure; warnings may remain in raw log,pass,pass,0,0,0,0,0,0,baseline-strict/mario__JSystem__JKernel__JKRHeap.log,final-strict/mario__JSystem__JKernel__JKRHeap.log
mario/JSystem/JKernel/JKRMemArchive,src/JSystem/JKernel/JKRMemArchive.cpp,restricted,pass,No strict failure; warnings may remain in raw log,pass,pass,0,0,0,0,0,0,baseline-strict/mario__JSystem__JKernel__JKRMemArchive.log,final-strict/mario__JSystem__JKernel__JKRMemArchive.log
mario/JSystem/JKernel/JKRSolidHeap,src/JSystem/JKernel/JKRSolidHeap.cpp,restricted,pass,No strict failure; warnings may remain in raw log,pass,pass,0,0,0,0,0,0,baseline-strict/mario__JSystem__JKernel__JKRSolidHeap.log,final-strict/mario__JSystem__JKernel__JKRSolidHeap.log
mario/JSystem/JKernel/JKRStdHeap,src/JSystem/JKernel/JKRStdHeap.cpp,restricted,pass,No strict failure; warnings may remain in raw log,pass,pass,0,0,0,0,0,0,baseline-strict/mario__JSystem__JKernel__JKRStdHeap.log,final-strict/mario__JSystem__JKernel__JKRStdHeap.log
mario/JSystem/JKernel/JKRThread,src/JSystem/JKernel/JKRThread.cpp,restricted,pass,No strict failure; warnings may remain in raw log,pass,pass,0,0,0,0,0,0,baseline-strict/mario__JSystem__JKernel__JKRThread.log,final-strict/mario__JSystem__JKernel__JKRThread.log
mario/JSystem/JMath,src/JSystem/JMath.cpp,restricted,remaining,"Read-only SDK, runtime, middleware or THPPlayer per SMS AGENTS.md",fail,fail,2,2,0,0,0,0,baseline-strict/mario__JSystem__JMath.log,final-strict/mario__JSystem__JMath.log
mario/JSystem/JParticle/JPABaseShape,src/JSystem/JParticle/JPABaseShape.cpp,restricted,pass,No strict failure; warnings may remain in raw log,pass,pass,0,0,0,0,0,0,baseline-strict/mario__JSystem__JParticle__JPABaseShape.log,final-strict/mario__JSystem__JParticle__JPABaseShape.log
mario/JSystem/JParticle/JPADataBlock,src/JSystem/JParticle/JPADataBlock.cpp,restricted,pass,No strict failure; warnings may remain in raw log,pass,pass,0,0,0,0,0,0,baseline-strict/mario__JSystem__JParticle__JPADataBlock.log,final-strict/mario__JSystem__JParticle__JPADataBlock.log
mario/JSystem/JParticle/JPADraw,src/JSystem/JParticle/JPADraw.cpp,restricted,pass,No strict failure; warnings may remain in raw log,pass,pass,0,0,0,0,0,0,baseline-strict/mario__JSystem__JParticle__JPADraw.log,final-strict/mario__JSystem__JParticle__JPADraw.log
mario/JSystem/JParticle/JPADrawSetupTev,src/JSystem/JParticle/JPADrawSetupTev.cpp,restricted,pass,No strict failure; warnings may remain in raw log,pass,pass,0,0,0,0,0,0,baseline-strict/mario__JSystem__JParticle__JPADrawSetupTev.log,final-strict/mario__JSystem__JParticle__JPADrawSetupTev.log
mario/JSystem/JParticle/JPADrawVisitor,src/JSystem/JParticle/JPADrawVisitor.cpp,restricted,pass,No strict failure; warnings may remain in raw log,pass,pass,0,0,0,0,0,0,baseline-strict/mario__JSystem__JParticle__JPADrawVisitor.log,final-strict/mario__JSystem__JParticle__JPADrawVisitor.log
mario/JSystem/JParticle/JPAEmitter,src/JSystem/JParticle/JPAEmitter.cpp,restricted,remaining,"Read-only SDK, runtime, middleware or THPPlayer per SMS AGENTS.md",fail,fail,1,1,0,0,0,0,baseline-strict/mario__JSystem__JParticle__JPAEmitter.log,final-strict/mario__JSystem__JParticle__JPAEmitter.log
mario/JSystem/JParticle/JPAEmitterLoader,src/JSystem/JParticle/JPAEmitterLoader.cpp,restricted,pass,No strict failure; warnings may remain in raw log,pass,pass,0,0,0,0,0,0,baseline-strict/mario__JSystem__JParticle__JPAEmitterLoader.log,final-strict/mario__JSystem__JParticle__JPAEmitterLoader.log
mario/JSystem/JParticle/JPAEmitterManager,src/JSystem/JParticle/JPAEmitterManager.cpp,restricted,pass,No strict failure; warnings may remain in raw log,pass,pass,0,0,0,0,0,0,baseline-strict/mario__JSystem__JParticle__JPAEmitterManager.log,final-strict/mario__JSystem__JParticle__JPAEmitterManager.log
mario/JSystem/JParticle/JPAExTexShape,src/JSystem/JParticle/JPAExTexShape.cpp,restricted,pass,No strict failure; warnings may remain in raw log,pass,pass,0,0,0,0,0,0,baseline-strict/mario__JSystem__JParticle__JPAExTexShape.log,final-strict/mario__JSystem__JParticle__JPAExTexShape.log
mario/JSystem/JParticle/JPAExtraShape,src/JSystem/JParticle/JPAExtraShape.cpp,restricted,pass,No strict failure; warnings may remain in raw log,pass,pass,0,0,0,0,0,0,baseline-strict/mario__JSystem__JParticle__JPAExtraShape.log,final-strict/mario__JSystem__JParticle__JPAExtraShape.log
mario/JSystem/JParticle/JPAField,src/JSystem/JParticle/JPAField.cpp,restricted,pass,No strict failure; warnings may remain in raw log,pass,pass,0,0,0,0,0,0,baseline-strict/mario__JSystem__JParticle__JPAField.log,final-strict/mario__JSystem__JParticle__JPAField.log
mario/JSystem/JParticle/JPAMath,src/JSystem/JParticle/JPAMath.cpp,restricted,pass,No strict failure; warnings may remain in raw log,pass,pass,0,0,0,0,0,0,baseline-strict/mario__JSystem__JParticle__JPAMath.log,final-strict/mario__JSystem__JParticle__JPAMath.log
mario/JSystem/JParticle/JPAParticle,src/JSystem/JParticle/JPAParticle.cpp,restricted,pass,No strict failure; warnings may remain in raw log,pass,pass,0,0,0,0,0,0,baseline-strict/mario__JSystem__JParticle__JPAParticle.log,final-strict/mario__JSystem__JParticle__JPAParticle.log
mario/JSystem/JParticle/JPAResourceManager,src/JSystem/JParticle/JPAResourceManager.cpp,restricted,pass,No strict failure; warnings may remain in raw log,pass,pass,0,0,0,0,0,0,baseline-strict/mario__JSystem__JParticle__JPAResourceManager.log,final-strict/mario__JSystem__JParticle__JPAResourceManager.log
mario/JSystem/JParticle/JPASweepShape,src/JSystem/JParticle/JPASweepShape.cpp,restricted,pass,No strict failure; warnings may remain in raw log,pass,pass,0,0,0,0,0,0,baseline-strict/mario__JSystem__JParticle__JPASweepShape.log,final-strict/mario__JSystem__JParticle__JPASweepShape.log
mario/JSystem/JParticle/JPATexture,src/JSystem/JParticle/JPATexture.cpp,restricted,pass,No strict failure; warnings may remain in raw log,pass,pass,0,0,0,0,0,0,baseline-strict/mario__JSystem__JParticle__JPATexture.log,final-strict/mario__JSystem__JParticle__JPATexture.log
mario/JSystem/JRenderer,src/JSystem/JRenderer.cpp,restricted,pass,No strict failure; warnings may remain in raw log,pass,pass,0,0,0,0,0,0,baseline-strict/mario__JSystem__JRenderer.log,final-strict/mario__JSystem__JRenderer.log
mario/JSystem/JStage/JSGActor,src/JSystem/JStage/JSGActor.cpp,restricted,pass,No strict failure; warnings may remain in raw log,pass,pass,0,0,0,0,0,0,baseline-strict/mario__JSystem__JStage__JSGActor.log,final-strict/mario__JSystem__JStage__JSGActor.log
mario/JSystem/JStage/JSGAmbientLight,src/JSystem/JStage/JSGAmbientLight.cpp,restricted,pass,No strict failure; warnings may remain in raw log,pass,pass,0,0,0,0,0,0,baseline-strict/mario__JSystem__JStage__JSGAmbientLight.log,final-strict/mario__JSystem__JStage__JSGAmbientLight.log
mario/JSystem/JStage/JSGCamera,src/JSystem/JStage/JSGCamera.cpp,restricted,pass,No strict failure; warnings may remain in raw log,pass,pass,0,0,0,0,0,0,baseline-strict/mario__JSystem__JStage__JSGCamera.log,final-strict/mario__JSystem__JStage__JSGCamera.log
mario/JSystem/JStage/JSGLight,src/JSystem/JStage/JSGLight.cpp,restricted,remaining,"Read-only SDK, runtime, middleware or THPPlayer per SMS AGENTS.md",fail,fail,2,2,0,0,0,0,baseline-strict/mario__JSystem__JStage__JSGLight.log,final-strict/mario__JSystem__JStage__JSGLight.log
mario/JSystem/JStage/JSGObject,src/JSystem/JStage/JSGObject.cpp,restricted,pass,No strict failure; warnings may remain in raw log,pass,pass,0,0,0,0,0,0,baseline-strict/mario__JSystem__JStage__JSGObject.log,final-strict/mario__JSystem__JStage__JSGObject.log
mario/JSystem/JStage/JSGSystem,src/JSystem/JStage/JSGSystem.cpp,restricted,pass,No strict failure; warnings may remain in raw log,pass,pass,0,0,0,0,0,0,baseline-strict/mario__JSystem__JStage__JSGSystem.log,final-strict/mario__JSystem__JStage__JSGSystem.log
mario/JSystem/JSupport/JSUFileStream,src/JSystem/JSupport/JSUFileStream.cpp,restricted,remaining,"Read-only SDK, runtime, middleware or THPPlayer per SMS AGENTS.md",fail,fail,10,10,0,0,0,0,baseline-strict/mario__JSystem__JSupport__JSUFileStream.log,final-strict/mario__JSystem__JSupport__JSUFileStream.log
mario/JSystem/JSupport/JSUInputStream,src/JSystem/JSupport/JSUInputStream.cpp,restricted,pass,No strict failure; warnings may remain in raw log,pass,pass,0,0,0,0,0,0,baseline-strict/mario__JSystem__JSupport__JSUInputStream.log,final-strict/mario__JSystem__JSupport__JSUInputStream.log
mario/JSystem/JSupport/JSUList,src/JSystem/JSupport/JSUList.cpp,restricted,pass,No strict failure; warnings may remain in raw log,pass,pass,0,0,0,0,0,0,baseline-strict/mario__JSystem__JSupport__JSUList.log,final-strict/mario__JSystem__JSupport__JSUList.log
mario/JSystem/JSupport/JSUMemoryStream,src/JSystem/JSupport/JSUMemoryStream.cpp,restricted,pass,No strict failure; warnings may remain in raw log,pass,pass,0,0,0,0,0,0,baseline-strict/mario__JSystem__JSupport__JSUMemoryStream.log,final-strict/mario__JSystem__JSupport__JSUMemoryStream.log
mario/JSystem/JSupport/JSUOutputStream,src/JSystem/JSupport/JSUOutputStream.cpp,restricted,remaining,"Read-only SDK, runtime, middleware or THPPlayer per SMS AGENTS.md",fail,fail,3,3,0,0,0,0,baseline-strict/mario__JSystem__JSupport__JSUOutputStream.log,final-strict/mario__JSystem__JSupport__JSUOutputStream.log
mario/JSystem/JUtility/JUTAssert,src/JSystem/JUtility/JUTAssert.cpp,restricted,remaining,"Read-only SDK, runtime, middleware or THPPlayer per SMS AGENTS.md",fail,fail,17,17,0,0,0,0,baseline-strict/mario__JSystem__JUtility__JUTAssert.log,final-strict/mario__JSystem__JUtility__JUTAssert.log
mario/JSystem/JUtility/JUTConsole,src/JSystem/JUtility/JUTConsole.cpp,restricted,pass,No strict failure; warnings may remain in raw log,pass,pass,0,0,0,0,0,0,baseline-strict/mario__JSystem__JUtility__JUTConsole.log,final-strict/mario__JSystem__JUtility__JUTConsole.log
mario/JSystem/JUtility/JUTDbPrint,src/JSystem/JUtility/JUTDbPrint.cpp,restricted,remaining,"Read-only SDK, runtime, middleware or THPPlayer per SMS AGENTS.md",fail,fail,12,12,0,0,0,0,baseline-strict/mario__JSystem__JUtility__JUTDbPrint.log,final-strict/mario__JSystem__JUtility__JUTDbPrint.log
mario/JSystem/JUtility/JUTDirectFile,src/JSystem/JUtility/JUTDirectFile.cpp,restricted,remaining,"Read-only SDK, runtime, middleware or THPPlayer per SMS AGENTS.md",fail,fail,3,3,0,0,0,0,baseline-strict/mario__JSystem__JUtility__JUTDirectFile.log,final-strict/mario__JSystem__JUtility__JUTDirectFile.log
mario/JSystem/JUtility/JUTDirectPrint,src/JSystem/JUtility/JUTDirectPrint.cpp,restricted,remaining,"Read-only SDK, runtime, middleware or THPPlayer per SMS AGENTS.md",fail,fail,1,1,0,0,0,0,baseline-strict/mario__JSystem__JUtility__JUTDirectPrint.log,final-strict/mario__JSystem__JUtility__JUTDirectPrint.log
mario/JSystem/JUtility/JUTException,src/JSystem/JUtility/JUTException.cpp,restricted,pass,No strict failure; warnings may remain in raw log,pass,pass,0,0,0,0,0,0,baseline-strict/mario__JSystem__JUtility__JUTException.log,final-strict/mario__JSystem__JUtility__JUTException.log
mario/JSystem/JUtility/JUTFont,src/JSystem/JUtility/JUTFont.cpp,restricted,pass,No strict failure; warnings may remain in raw log,pass,pass,0,0,0,0,0,0,baseline-strict/mario__JSystem__JUtility__JUTFont.log,final-strict/mario__JSystem__JUtility__JUTFont.log
mario/JSystem/JUtility/JUTGamePad,src/JSystem/JUtility/JUTGamePad.cpp,restricted,pass,No strict failure; warnings may remain in raw log,pass,pass,0,0,0,0,0,0,baseline-strict/mario__JSystem__JUtility__JUTGamePad.log,final-strict/mario__JSystem__JUtility__JUTGamePad.log
mario/JSystem/JUtility/JUTNameTab,src/JSystem/JUtility/JUTNameTab.cpp,restricted,remaining,"Read-only SDK, runtime, middleware or THPPlayer per SMS AGENTS.md",fail,fail,1,1,0,0,0,0,baseline-strict/mario__JSystem__JUtility__JUTNameTab.log,final-strict/mario__JSystem__JUtility__JUTNameTab.log
mario/JSystem/JUtility/JUTPalette,src/JSystem/JUtility/JUTPalette.cpp,restricted,pass,No strict failure; warnings may remain in raw log,pass,pass,0,0,0,0,0,0,baseline-strict/mario__JSystem__JUtility__JUTPalette.log,final-strict/mario__JSystem__JUtility__JUTPalette.log
mario/JSystem/JUtility/JUTRect,src/JSystem/JUtility/JUTRect.cpp,restricted,remaining,"Read-only SDK, runtime, middleware or THPPlayer per SMS AGENTS.md",fail,fail,2,2,0,0,0,0,baseline-strict/mario__JSystem__JUtility__JUTRect.log,final-strict/mario__JSystem__JUtility__JUTRect.log
mario/JSystem/JUtility/JUTResFont,src/JSystem/JUtility/JUTResFont.cpp,restricted,remaining,"Read-only SDK, runtime, middleware or THPPlayer per SMS AGENTS.md",fail,fail,1,1,0,0,0,0,baseline-strict/mario__JSystem__JUtility__JUTResFont.log,final-strict/mario__JSystem__JUtility__JUTResFont.log
mario/JSystem/JUtility/JUTResource,src/JSystem/JUtility/JUTResource.cpp,restricted,remaining,"Read-only SDK, runtime, middleware or THPPlayer per SMS AGENTS.md",fail,fail,1,1,0,0,0,0,baseline-strict/mario__JSystem__JUtility__JUTResource.log,final-strict/mario__JSystem__JUtility__JUTResource.log
mario/JSystem/JUtility/JUTRomFont,src/JSystem/JUtility/JUTRomFont.cpp,restricted,remaining,"Read-only SDK, runtime, middleware or THPPlayer per SMS AGENTS.md",fail,fail,1,1,0,0,0,0,baseline-strict/mario__JSystem__JUtility__JUTRomFont.log,final-strict/mario__JSystem__JUtility__JUTRomFont.log
mario/JSystem/JUtility/JUTTexture,src/JSystem/JUtility/JUTTexture.cpp,restricted,remaining,"Read-only SDK, runtime, middleware or THPPlayer per SMS AGENTS.md",fail,fail,3,3,0,0,0,0,baseline-strict/mario__JSystem__JUtility__JUTTexture.log,final-strict/mario__JSystem__JUtility__JUTTexture.log
mario/JSystem/JUtility/JUTVideo,src/JSystem/JUtility/JUTVideo.cpp,restricted,uncertain,No resolvable .text map TU; inspect raw diagnostic; not counted as pass,error,error,0,0,0,0,0,0,baseline-strict/mario__JSystem__JUtility__JUTVideo.log,final-strict/mario__JSystem__JUtility__JUTVideo.log
mario/JSystem/dspproc,src/JSystem/dspproc.c,restricted,remaining,"Read-only SDK, runtime, middleware or THPPlayer per SMS AGENTS.md",fail,fail,23,23,0,0,0,0,baseline-strict/mario__JSystem__dspproc.log,final-strict/mario__JSystem__dspproc.log
mario/JSystem/dsptask,src/JSystem/dsptask.c,restricted,pass,No strict failure; warnings may remain in raw log,pass,pass,0,0,0,0,0,0,baseline-strict/mario__JSystem__dsptask.log,final-strict/mario__JSystem__dsptask.log
mario/JSystem/osdsp,src/JSystem/osdsp.c,restricted,pass,No strict failure; warnings may remain in raw log,pass,pass,0,0,0,0,0,0,baseline-strict/mario__JSystem__osdsp.log,final-strict/mario__JSystem__osdsp.log
mario/JSystem/osdsp_task,src/JSystem/osdsp_task.c,restricted,pass,No strict failure; warnings may remain in raw log,pass,pass,0,0,0,0,0,0,baseline-strict/mario__JSystem__osdsp_task.log,final-strict/mario__JSystem__osdsp_task.log
mario/JSystem/random,src/JSystem/random.cpp,restricted,remaining,"Read-only SDK, runtime, middleware or THPPlayer per SMS AGENTS.md",fail,fail,1,1,0,0,0,0,baseline-strict/mario__JSystem__random.log,final-strict/mario__JSystem__random.log
mario/M3DUtil/LodAnm,src/M3DUtil/LodAnm.cpp,game,remaining,Needs source/map/compiler audit before edits,fail,fail,2,2,0,0,0,0,baseline-strict/mario__M3DUtil__LodAnm.log,final-strict/mario__M3DUtil__LodAnm.log
mario/M3DUtil/M3UJoint,src/M3DUtil/M3UJoint.cpp,game,pass,No strict failure; warnings may remain in raw log,pass,pass,0,0,0,0,0,0,baseline-strict/mario__M3DUtil__M3UJoint.log,final-strict/mario__M3DUtil__M3UJoint.log
mario/M3DUtil/M3UModel,src/M3DUtil/M3UModel.cpp,game,pass,No strict failure; warnings may remain in raw log,pass,pass,0,0,0,0,0,0,baseline-strict/mario__M3DUtil__M3UModel.log,final-strict/mario__M3DUtil__M3UModel.log
mario/M3DUtil/MActor,src/M3DUtil/MActor.cpp,game,pass,No strict failure; warnings may remain in raw log,pass,pass,0,0,0,0,0,0,baseline-strict/mario__M3DUtil__MActor.log,final-strict/mario__M3DUtil__MActor.log
mario/M3DUtil/MActorAnm,src/M3DUtil/MActorAnm.cpp,game,pass,No strict failure; warnings may remain in raw log,pass,pass,0,0,0,0,0,0,baseline-strict/mario__M3DUtil__MActorAnm.log,final-strict/mario__M3DUtil__MActorAnm.log
mario/M3DUtil/MActorData,src/M3DUtil/MActorData.cpp,game,pass,No strict failure; warnings may remain in raw log,pass,pass,0,0,0,0,0,0,baseline-strict/mario__M3DUtil__MActorData.log,final-strict/mario__M3DUtil__MActorData.log
mario/M3DUtil/MActorUtil,src/M3DUtil/MActorUtil.cpp,game,pass,No strict failure; warnings may remain in raw log,pass,pass,0,0,0,0,0,0,baseline-strict/mario__M3DUtil__MActorUtil.log,final-strict/mario__M3DUtil__MActorUtil.log
mario/M3DUtil/MotionBlendCtrl,src/M3DUtil/MotionBlendCtrl.cpp,game,pass,No strict failure; warnings may remain in raw log,pass,pass,0,0,0,0,0,0,baseline-strict/mario__M3DUtil__MotionBlendCtrl.log,final-strict/mario__M3DUtil__MotionBlendCtrl.log
mario/M3DUtil/SDLModel,src/M3DUtil/SDLModel.cpp,game,pass,No strict failure; warnings may remain in raw log,pass,pass,0,0,0,0,0,0,baseline-strict/mario__M3DUtil__SDLModel.log,final-strict/mario__M3DUtil__SDLModel.log
mario/M3DUtil/SampleCtrlModel,src/M3DUtil/SampleCtrlModel.cpp,game,pass,No strict failure; warnings may remain in raw log,pass,pass,0,0,0,0,0,0,baseline-strict/mario__M3DUtil__SampleCtrlModel.log,final-strict/mario__M3DUtil__SampleCtrlModel.log
mario/M3DUtil/SampleCtrlNode,src/M3DUtil/SampleCtrlNode.cpp,game,pass,No strict failure; warnings may remain in raw log,pass,pass,0,0,0,0,0,0,baseline-strict/mario__M3DUtil__SampleCtrlNode.log,final-strict/mario__M3DUtil__SampleCtrlNode.log
mario/MSound/MAnmSound,src/MSound/MAnmSound.cpp,game,pass,No strict failure; warnings may remain in raw log,pass,pass,0,0,0,0,0,0,baseline-strict/mario__MSound__MAnmSound.log,final-strict/mario__MSound__MAnmSound.log
mario/MSound/MSHandle,src/MSound/MSHandle.cpp,game,pass,No strict failure; warnings may remain in raw log,pass,pass,0,0,0,0,0,0,baseline-strict/mario__MSound__MSHandle.log,final-strict/mario__MSound__MSHandle.log
mario/MSound/MSModBgm,src/MSound/MSModBgm.cpp,game,pass,No strict failure; warnings may remain in raw log,pass,pass,0,0,0,0,0,0,baseline-strict/mario__MSound__MSModBgm.log,final-strict/mario__MSound__MSModBgm.log
mario/MSound/MSound,src/MSound/MSound.cpp,game,pass,No strict failure; warnings may remain in raw log,pass,pass,0,0,0,0,0,0,baseline-strict/mario__MSound__MSound.log,final-strict/mario__MSound__MSound.log
mario/MSound/MSoundBGM,src/MSound/MSoundBGM.cpp,game,pass,No strict failure; warnings may remain in raw log,pass,pass,0,0,0,0,0,0,baseline-strict/mario__MSound__MSoundBGM.log,final-strict/mario__MSound__MSoundBGM.log
mario/MSound/MSoundDebug,src/MSound/MSoundDebug.cpp,game,pass,No strict failure; warnings may remain in raw log,pass,pass,0,0,0,0,0,0,baseline-strict/mario__MSound__MSoundDebug.log,final-strict/mario__MSound__MSoundDebug.log
mario/MSound/MSoundSE,src/MSound/MSoundSE.cpp,game,pass,No strict failure; warnings may remain in raw log,pass,pass,0,0,0,0,0,0,baseline-strict/mario__MSound__MSoundSE.log,final-strict/mario__MSound__MSoundSE.log
mario/MSound/MSoundScene,src/MSound/MSoundScene.cpp,game,pass,No strict failure; warnings may remain in raw log,pass,pass,0,0,0,0,0,0,baseline-strict/mario__MSound__MSoundScene.log,final-strict/mario__MSound__MSoundScene.log
mario/MSound/MSoundStruct,src/MSound/MSoundStruct.cpp,game,pass,No strict failure; warnings may remain in raw log,pass,pass,0,0,0,0,0,0,baseline-strict/mario__MSound__MSoundStruct.log,final-strict/mario__MSound__MSoundStruct.log
mario/Map/BathWaterManager,src/Map/BathWaterManager.cpp,game,improved,Evidence-backed partial fix; remaining strict diagnostics retained,fail,fail,1,1,1,1,4,3,baseline-strict/mario__Map__BathWaterManager.log,final-strict/mario__Map__BathWaterManager.log
mario/Map/JointModel,src/Map/JointModel.cpp,game,pass,No strict failure; warnings may remain in raw log,pass,pass,0,0,0,0,0,0,baseline-strict/mario__Map__JointModel.log,final-strict/mario__Map__JointModel.log
mario/Map/JointModelManager,src/Map/JointModelManager.cpp,game,pass,No strict failure; warnings may remain in raw log,pass,pass,0,0,0,0,0,0,baseline-strict/mario__Map__JointModelManager.log,final-strict/mario__Map__JointModelManager.log
mario/Map/JointObj,src/Map/JointObj.cpp,game,pass,No strict failure; warnings may remain in raw log,pass,pass,0,0,0,0,0,0,baseline-strict/mario__Map__JointObj.log,final-strict/mario__Map__JointObj.log
mario/Map/Map,src/Map/Map.cpp,game,improved,Evidence-backed partial fix; remaining strict diagnostics retained,fail,fail,7,7,0,0,1,0,baseline-strict/mario__Map__Map.log,final-strict/mario__Map__Map.log
mario/Map/MapArea,src/Map/MapArea.cpp,game,pass,No strict failure; warnings may remain in raw log,pass,pass,0,0,0,0,0,0,baseline-strict/mario__Map__MapArea.log,final-strict/mario__Map__MapArea.log
mario/Map/MapCheck,src/Map/MapCheck.cpp,game,fixed,Strict pass; matching checked with no per-function or section regressions,fail,pass,1,0,0,0,0,0,baseline-strict/mario__Map__MapCheck.log,final-strict/mario__Map__MapCheck.log
mario/Map/MapCollisionData,src/Map/MapCollisionData.cpp,game,pass,No strict failure; warnings may remain in raw log,pass,pass,0,0,0,0,0,0,baseline-strict/mario__Map__MapCollisionData.log,final-strict/mario__Map__MapCollisionData.log
mario/Map/MapCollisionEntry,src/Map/MapCollisionEntry.cpp,game,remaining,Needs source/map/compiler audit before edits,fail,fail,1,1,0,0,0,0,baseline-strict/mario__Map__MapCollisionEntry.log,final-strict/mario__Map__MapCollisionEntry.log
mario/Map/MapCollisionManager,src/Map/MapCollisionManager.cpp,game,pass,No strict failure; warnings may remain in raw log,pass,pass,0,0,0,0,0,0,baseline-strict/mario__Map__MapCollisionManager.log,final-strict/mario__Map__MapCollisionManager.log
mario/Map/MapCollisionPlane,src/Map/MapCollisionPlane.cpp,game,pass,No strict failure; warnings may remain in raw log,pass,pass,0,0,0,0,0,0,baseline-strict/mario__Map__MapCollisionPlane.log,final-strict/mario__Map__MapCollisionPlane.log
mario/Map/MapData,src/Map/MapData.cpp,game,pass,No strict failure; warnings may remain in raw log,pass,pass,0,0,0,0,0,0,baseline-strict/mario__Map__MapData.log,final-strict/mario__Map__MapData.log
mario/Map/MapDraw,src/Map/MapDraw.cpp,game,pass,No strict failure; warnings may remain in raw log,pass,pass,0,0,0,0,0,0,baseline-strict/mario__Map__MapDraw.log,final-strict/mario__Map__MapDraw.log
mario/Map/MapEvent,src/Map/MapEvent.cpp,game,pass,No strict failure; warnings may remain in raw log,pass,pass,0,0,0,0,0,0,baseline-strict/mario__Map__MapEvent.log,final-strict/mario__Map__MapEvent.log
mario/Map/MapEventDolpic,src/Map/MapEventDolpic.cpp,game,pass,No strict failure; warnings may remain in raw log,pass,pass,0,0,0,0,0,0,baseline-strict/mario__Map__MapEventDolpic.log,final-strict/mario__Map__MapEventDolpic.log
mario/Map/MapEventMare,src/Map/MapEventMare.cpp,game,pass,No strict failure; warnings may remain in raw log,pass,pass,0,0,0,0,0,0,baseline-strict/mario__Map__MapEventMare.log,final-strict/mario__Map__MapEventMare.log
mario/Map/MapEventSink,src/Map/MapEventSink.cpp,game,pass,No strict failure; warnings may remain in raw log,pass,pass,0,0,0,0,0,0,baseline-strict/mario__Map__MapEventSink.log,final-strict/mario__Map__MapEventSink.log
mario/Map/MapEventSirena,src/Map/MapEventSirena.cpp,game,pass,No strict failure; warnings may remain in raw log,pass,pass,0,0,0,0,0,0,baseline-strict/mario__Map__MapEventSirena.log,final-strict/mario__Map__MapEventSirena.log
mario/Map/MapMakeData,src/Map/MapMakeData.cpp,game,pass,No strict failure; warnings may remain in raw log,pass,pass,0,0,0,0,0,0,baseline-strict/mario__Map__MapMakeData.log,final-strict/mario__Map__MapMakeData.log
mario/Map/MapMakeList,src/Map/MapMakeList.cpp,game,pass,No strict failure; warnings may remain in raw log,pass,pass,0,0,0,0,0,0,baseline-strict/mario__Map__MapMakeList.log,final-strict/mario__Map__MapMakeList.log
mario/Map/MapMirror,src/Map/MapMirror.cpp,game,uncertain,Order involves compiler-emitted JGeometry set<f>; first-use/inlining context unresolved; middleware edits prohibited,fail,fail,1,1,1,1,0,0,baseline-strict/mario__Map__MapMirror.log,final-strict/mario__Map__MapMirror.log
mario/Map/MapModel,src/Map/MapModel.cpp,game,pass,No strict failure; warnings may remain in raw log,pass,pass,0,0,0,0,0,0,baseline-strict/mario__Map__MapModel.log,final-strict/mario__Map__MapModel.log
mario/Map/MapStaticObject,src/Map/MapStaticObject.cpp,game,pass,No strict failure; warnings may remain in raw log,pass,pass,0,0,0,0,0,0,baseline-strict/mario__Map__MapStaticObject.log,final-strict/mario__Map__MapStaticObject.log
mario/Map/MapWarp,src/Map/MapWarp.cpp,game,pass,No strict failure; warnings may remain in raw log,pass,pass,0,0,0,0,0,0,baseline-strict/mario__Map__MapWarp.log,final-strict/mario__Map__MapWarp.log
mario/Map/MapWire,src/Map/MapWire.cpp,game,pass,No strict failure; warnings may remain in raw log,pass,pass,0,0,0,0,0,0,baseline-strict/mario__Map__MapWire.log,final-strict/mario__Map__MapWire.log
mario/Map/MapWireManager,src/Map/MapWireManager.cpp,game,remaining,Needs source/map/compiler audit before edits,fail,fail,1,1,0,0,0,0,baseline-strict/mario__Map__MapWireManager.log,final-strict/mario__Map__MapWireManager.log
mario/Map/MapXlu,src/Map/MapXlu.cpp,game,pass,No strict failure; warnings may remain in raw log,pass,pass,0,0,0,0,0,0,baseline-strict/mario__Map__MapXlu.log,final-strict/mario__Map__MapXlu.log
mario/Map/MarineSnow,src/Map/MarineSnow.cpp,game,pass,No strict failure; warnings may remain in raw log,pass,pass,0,0,0,0,0,0,baseline-strict/mario__Map__MarineSnow.log,final-strict/mario__Map__MarineSnow.log
mario/Map/PollutionAction,src/Map/PollutionAction.cpp,game,pass,No strict failure; warnings may remain in raw log,pass,pass,0,0,0,0,0,0,baseline-strict/mario__Map__PollutionAction.log,final-strict/mario__Map__PollutionAction.log
mario/Map/PollutionCount,src/Map/PollutionCount.cpp,game,remaining,Needs source/map/compiler audit before edits,fail,fail,1,1,0,0,0,0,baseline-strict/mario__Map__PollutionCount.log,final-strict/mario__Map__PollutionCount.log
mario/Map/PollutionEvent,src/Map/PollutionEvent.cpp,game,remaining,Needs source/map/compiler audit before edits,fail,fail,9,9,0,0,0,0,baseline-strict/mario__Map__PollutionEvent.log,final-strict/mario__Map__PollutionEvent.log
mario/Map/PollutionLayer,src/Map/PollutionLayer.cpp,game,pass,No strict failure; warnings may remain in raw log,pass,pass,0,0,0,0,0,0,baseline-strict/mario__Map__PollutionLayer.log,final-strict/mario__Map__PollutionLayer.log
mario/Map/PollutionManager,src/Map/PollutionManager.cpp,game,pass,No strict failure; warnings may remain in raw log,pass,pass,0,0,0,0,0,0,baseline-strict/mario__Map__PollutionManager.log,final-strict/mario__Map__PollutionManager.log
mario/Map/PollutionObj,src/Map/PollutionObj.cpp,game,pass,No strict failure; warnings may remain in raw log,pass,pass,0,0,0,0,0,0,baseline-strict/mario__Map__PollutionObj.log,final-strict/mario__Map__PollutionObj.log
mario/Map/PollutionPos,src/Map/PollutionPos.cpp,game,pass,No strict failure; warnings may remain in raw log,pass,pass,0,0,0,0,0,0,baseline-strict/mario__Map__PollutionPos.log,final-strict/mario__Map__PollutionPos.log
mario/Map/Shimmer,src/Map/Shimmer.cpp,game,pass,No strict failure; warnings may remain in raw log,pass,pass,0,0,0,0,0,0,baseline-strict/mario__Map__Shimmer.log,final-strict/mario__Map__Shimmer.log
mario/Map/Sky,src/Map/Sky.cpp,game,pass,No strict failure; warnings may remain in raw log,pass,pass,0,0,0,0,0,0,baseline-strict/mario__Map__Sky.log,final-strict/mario__Map__Sky.log
mario/Map/StickyStainManager,src/Map/StickyStainManager.cpp,game,pass,No strict failure; warnings may remain in raw log,pass,pass,0,0,0,0,0,0,baseline-strict/mario__Map__StickyStainManager.log,final-strict/mario__Map__StickyStainManager.log
mario/MarioUtil/DLUtil,src/MarioUtil/DLUtil.cpp,game,pass,No strict failure; warnings may remain in raw log,pass,pass,0,0,0,0,0,0,baseline-strict/mario__MarioUtil__DLUtil.log,final-strict/mario__MarioUtil__DLUtil.log
mario/MarioUtil/DrawUtil,src/MarioUtil/DrawUtil.cpp,game,remaining,Needs source/map/compiler audit before edits,fail,fail,1,1,0,0,0,0,baseline-strict/mario__MarioUtil__DrawUtil.log,final-strict/mario__MarioUtil__DrawUtil.log
mario/MarioUtil/EffectUtil,src/MarioUtil/EffectUtil.cpp,game,remaining,Needs source/map/compiler audit before edits,fail,fail,1,1,0,0,0,0,baseline-strict/mario__MarioUtil__EffectUtil.log,final-strict/mario__MarioUtil__EffectUtil.log
mario/MarioUtil/GDUtil,src/MarioUtil/GDUtil.cpp,game,pass,No strict failure; warnings may remain in raw log,pass,pass,0,0,0,0,0,0,baseline-strict/mario__MarioUtil__GDUtil.log,final-strict/mario__MarioUtil__GDUtil.log
mario/MarioUtil/LightUtil,src/MarioUtil/LightUtil.cpp,game,pass,No strict failure; warnings may remain in raw log,pass,pass,0,0,0,0,0,0,baseline-strict/mario__MarioUtil__LightUtil.log,final-strict/mario__MarioUtil__LightUtil.log
mario/MarioUtil/MapUtil,src/MarioUtil/MapUtil.cpp,game,pass,No strict failure; warnings may remain in raw log,pass,pass,0,0,0,0,0,0,baseline-strict/mario__MarioUtil__MapUtil.log,final-strict/mario__MarioUtil__MapUtil.log
mario/MarioUtil/MathUtil,src/MarioUtil/MathUtil.cpp,game,pass,No strict failure; warnings may remain in raw log,pass,pass,0,0,0,0,0,0,baseline-strict/mario__MarioUtil__MathUtil.log,final-strict/mario__MarioUtil__MathUtil.log
mario/MarioUtil/ModelUtil,src/MarioUtil/ModelUtil.cpp,game,remaining,Needs source/map/compiler audit before edits,fail,fail,1,1,0,0,0,0,baseline-strict/mario__MarioUtil__ModelUtil.log,final-strict/mario__MarioUtil__ModelUtil.log
mario/MarioUtil/MtxUtil,src/MarioUtil/MtxUtil.cpp,game,fixed,Strict pass; matching checked with no per-function or section regressions,fail,pass,0,0,0,0,1,0,baseline-strict/mario__MarioUtil__MtxUtil.log,final-strict/mario__MarioUtil__MtxUtil.log
mario/MarioUtil/PacketUtil,src/MarioUtil/PacketUtil.cpp,game,remaining,Needs source/map/compiler audit before edits,fail,fail,1,1,0,0,0,0,baseline-strict/mario__MarioUtil__PacketUtil.log,final-strict/mario__MarioUtil__PacketUtil.log
mario/MarioUtil/RumbleData,src/MarioUtil/RumbleData.cpp,game,uncertain,No resolvable .text map TU; inspect raw diagnostic; not counted as pass,error,error,0,0,0,0,0,0,baseline-strict/mario__MarioUtil__RumbleData.log,final-strict/mario__MarioUtil__RumbleData.log
mario/MarioUtil/RumbleMgr,src/MarioUtil/RumbleMgr.cpp,game,pass,No strict failure; warnings may remain in raw log,pass,pass,0,0,0,0,0,0,baseline-strict/mario__MarioUtil__RumbleMgr.log,final-strict/mario__MarioUtil__RumbleMgr.log
mario/MarioUtil/RumbleType,src/MarioUtil/RumbleType.cpp,game,pass,No strict failure; warnings may remain in raw log,pass,pass,0,0,0,0,0,0,baseline-strict/mario__MarioUtil__RumbleType.log,final-strict/mario__MarioUtil__RumbleType.log
mario/MarioUtil/ScreenUtil,src/MarioUtil/ScreenUtil.cpp,game,pass,No strict failure; warnings may remain in raw log,pass,pass,0,0,0,0,0,0,baseline-strict/mario__MarioUtil__ScreenUtil.log,final-strict/mario__MarioUtil__ScreenUtil.log
mario/MarioUtil/ShadowUtil,src/MarioUtil/ShadowUtil.cpp,game,uncertain,12 generated local-class name mismatches; bodies exist; see shadowutil-generated-name-audit.json,fail,fail,12,12,0,0,0,0,baseline-strict/mario__MarioUtil__ShadowUtil.log,final-strict/mario__MarioUtil__ShadowUtil.log
mario/MarioUtil/TexUtil,src/MarioUtil/TexUtil.cpp,game,pass,No strict failure; warnings may remain in raw log,pass,pass,0,0,0,0,0,0,baseline-strict/mario__MarioUtil__TexUtil.log,final-strict/mario__MarioUtil__TexUtil.log
mario/MarioUtil/ToolData,src/MarioUtil/ToolData.cpp,game,remaining,Needs source/map/compiler audit before edits,fail,fail,11,11,0,0,0,0,baseline-strict/mario__MarioUtil__ToolData.log,final-strict/mario__MarioUtil__ToolData.log
mario/MarioUtil/gd-reinit-gx,src/MarioUtil/gd-reinit-gx.cpp,game,pass,No strict failure; warnings may remain in raw log,pass,pass,0,0,0,0,0,0,baseline-strict/mario__MarioUtil__gd-reinit-gx.log,final-strict/mario__MarioUtil__gd-reinit-gx.log
mario/MoveBG/Item,src/MoveBG/Item.cpp,game,pass,No strict failure; warnings may remain in raw log,pass,pass,0,0,0,0,0,0,baseline-strict/mario__MoveBG__Item.log,final-strict/mario__MoveBG__Item.log
mario/MoveBG/ItemManager,src/MoveBG/ItemManager.cpp,game,pass,No strict failure; warnings may remain in raw log,pass,pass,0,0,0,0,0,0,baseline-strict/mario__MoveBG__ItemManager.log,final-strict/mario__MoveBG__ItemManager.log
mario/MoveBG/MapObjAirport,src/MoveBG/MapObjAirport.cpp,game,pass,No strict failure; warnings may remain in raw log,pass,pass,0,0,0,0,0,0,baseline-strict/mario__MoveBG__MapObjAirport.log,final-strict/mario__MoveBG__MapObjAirport.log
mario/MoveBG/MapObjBall,src/MoveBG/MapObjBall.cpp,game,remaining,Empty source; genuine unfinished decompilation; no placeholder bodies added,fail,fail,76,76,0,0,0,0,baseline-strict/mario__MoveBG__MapObjBall.log,final-strict/mario__MoveBG__MapObjBall.log
mario/MoveBG/MapObjBase,src/MoveBG/MapObjBase.cpp,game,remaining,Needs source/map/compiler audit before edits,fail,fail,1,1,0,0,0,0,baseline-strict/mario__MoveBG__MapObjBase.log,final-strict/mario__MoveBG__MapObjBase.log
mario/MoveBG/MapObjBianco,src/MoveBG/MapObjBianco.cpp,game,remaining,Empty source; genuine unfinished decompilation; no placeholder bodies added,fail,fail,79,79,0,0,0,0,baseline-strict/mario__MoveBG__MapObjBianco.log,final-strict/mario__MoveBG__MapObjBianco.log
mario/MoveBG/MapObjBlock,src/MoveBG/MapObjBlock.cpp,game,pass,No strict failure; warnings may remain in raw log,pass,pass,0,0,0,0,0,0,baseline-strict/mario__MoveBG__MapObjBlock.log,final-strict/mario__MoveBG__MapObjBlock.log
mario/MoveBG/MapObjCloud,src/MoveBG/MapObjCloud.cpp,game,pass,No strict failure; warnings may remain in raw log,pass,pass,0,0,0,0,0,0,baseline-strict/mario__MoveBG__MapObjCloud.log,final-strict/mario__MoveBG__MapObjCloud.log
mario/MoveBG/MapObjCorona,src/MoveBG/MapObjCorona.cpp,game,improved,Evidence-backed partial fix; remaining strict diagnostics retained,fail,fail,40,39,1,0,1,0,baseline-strict/mario__MoveBG__MapObjCorona.log,final-strict/mario__MoveBG__MapObjCorona.log
mario/MoveBG/MapObjDolpic,src/MoveBG/MapObjDolpic.cpp,game,remaining,Needs source/map/compiler audit before edits,fail,fail,3,3,0,0,0,0,baseline-strict/mario__MoveBG__MapObjDolpic.log,final-strict/mario__MoveBG__MapObjDolpic.log
mario/MoveBG/MapObjEx,src/MoveBG/MapObjEx.cpp,game,pass,No strict failure; warnings may remain in raw log,pass,pass,0,0,0,0,0,0,baseline-strict/mario__MoveBG__MapObjEx.log,final-strict/mario__MoveBG__MapObjEx.log
mario/MoveBG/MapObjFence,src/MoveBG/MapObjFence.cpp,game,remaining,Empty source; genuine unfinished decompilation; no placeholder bodies added,fail,fail,44,44,0,0,0,0,baseline-strict/mario__MoveBG__MapObjFence.log,final-strict/mario__MoveBG__MapObjFence.log
mario/MoveBG/MapObjFlag,src/MoveBG/MapObjFlag.cpp,game,remaining,Empty source; genuine unfinished decompilation; no placeholder bodies added,fail,fail,23,23,0,0,0,0,baseline-strict/mario__MoveBG__MapObjFlag.log,final-strict/mario__MoveBG__MapObjFlag.log
mario/MoveBG/MapObjFloat,src/MoveBG/MapObjFloat.cpp,game,pass,No strict failure; warnings may remain in raw log,pass,pass,0,0,0,0,0,0,baseline-strict/mario__MoveBG__MapObjFloat.log,final-strict/mario__MoveBG__MapObjFloat.log
mario/MoveBG/MapObjGeneral,src/MoveBG/MapObjGeneral.cpp,game,pass,No strict failure; warnings may remain in raw log,pass,pass,0,0,0,0,0,0,baseline-strict/mario__MoveBG__MapObjGeneral.log,final-strict/mario__MoveBG__MapObjGeneral.log
mario/MoveBG/MapObjGrass,src/MoveBG/MapObjGrass.cpp,game,pass,No strict failure; warnings may remain in raw log,pass,pass,0,0,0,0,0,0,baseline-strict/mario__MoveBG__MapObjGrass.log,final-strict/mario__MoveBG__MapObjGrass.log
mario/MoveBG/MapObjHide,src/MoveBG/MapObjHide.cpp,game,improved,Evidence-backed partial fix; remaining strict diagnostics retained,fail,fail,2,1,0,0,0,0,baseline-strict/mario__MoveBG__MapObjHide.log,final-strict/mario__MoveBG__MapObjHide.log
mario/MoveBG/MapObjInit,src/MoveBG/MapObjInit.cpp,game,pass,No strict failure; warnings may remain in raw log,pass,pass,0,0,0,0,0,0,baseline-strict/mario__MoveBG__MapObjInit.log,final-strict/mario__MoveBG__MapObjInit.log
mario/MoveBG/MapObjItem2,src/MoveBG/MapObjItem2.cpp,game,pass,No strict failure; warnings may remain in raw log,pass,pass,0,0,0,0,0,0,baseline-strict/mario__MoveBG__MapObjItem2.log,final-strict/mario__MoveBG__MapObjItem2.log
mario/MoveBG/MapObjLib,src/MoveBG/MapObjLib.cpp,game,uncertain,Order involves compiler-emitted JGeometry set<f>; first-use/inlining context unresolved; middleware edits prohibited,fail,fail,1,1,1,1,0,0,baseline-strict/mario__MoveBG__MapObjLib.log,final-strict/mario__MoveBG__MapObjLib.log
mario/MoveBG/MapObjMamma,src/MoveBG/MapObjMamma.cpp,game,remaining,Empty source; genuine unfinished decompilation; no placeholder bodies added,fail,fail,109,109,0,0,0,0,baseline-strict/mario__MoveBG__MapObjMamma.log,final-strict/mario__MoveBG__MapObjMamma.log
mario/MoveBG/MapObjManager,src/MoveBG/MapObjManager.cpp,game,remaining,Needs source/map/compiler audit before edits,fail,fail,1,1,0,0,0,0,baseline-strict/mario__MoveBG__MapObjManager.log,final-strict/mario__MoveBG__MapObjManager.log
mario/MoveBG/MapObjMare,src/MoveBG/MapObjMare.cpp,game,remaining,Empty source; genuine unfinished decompilation; no placeholder bodies added,fail,fail,72,72,0,0,0,0,baseline-strict/mario__MoveBG__MapObjMare.log,final-strict/mario__MoveBG__MapObjMare.log
mario/MoveBG/MapObjMonte,src/MoveBG/MapObjMonte.cpp,game,remaining,Empty source; genuine unfinished decompilation; no placeholder bodies added,fail,fail,66,66,0,0,0,0,baseline-strict/mario__MoveBG__MapObjMonte.log,final-strict/mario__MoveBG__MapObjMonte.log
mario/MoveBG/MapObjOption,src/MoveBG/MapObjOption.cpp,game,pass,No strict failure; warnings may remain in raw log,pass,pass,0,0,0,0,0,0,baseline-strict/mario__MoveBG__MapObjOption.log,final-strict/mario__MoveBG__MapObjOption.log
mario/MoveBG/MapObjPinna,src/MoveBG/MapObjPinna.cpp,game,remaining,Empty source; genuine unfinished decompilation; no placeholder bodies added,fail,fail,76,76,0,0,0,0,baseline-strict/mario__MoveBG__MapObjPinna.log,final-strict/mario__MoveBG__MapObjPinna.log
mario/MoveBG/MapObjPlane,src/MoveBG/MapObjPlane.cpp,game,pass,No strict failure; warnings may remain in raw log,pass,pass,0,0,0,0,0,0,baseline-strict/mario__MoveBG__MapObjPlane.log,final-strict/mario__MoveBG__MapObjPlane.log
mario/MoveBG/MapObjPole,src/MoveBG/MapObjPole.cpp,game,pass,No strict failure; warnings may remain in raw log,pass,pass,0,0,0,0,0,0,baseline-strict/mario__MoveBG__MapObjPole.log,final-strict/mario__MoveBG__MapObjPole.log
mario/MoveBG/MapObjPollution,src/MoveBG/MapObjPollution.cpp,game,pass,No strict failure; warnings may remain in raw log,pass,pass,0,0,0,0,0,0,baseline-strict/mario__MoveBG__MapObjPollution.log,final-strict/mario__MoveBG__MapObjPollution.log
mario/MoveBG/MapObjRailBlock,src/MoveBG/MapObjRailBlock.cpp,game,remaining,Needs source/map/compiler audit before edits,fail,fail,1,1,0,0,0,0,baseline-strict/mario__MoveBG__MapObjRailBlock.log,final-strict/mario__MoveBG__MapObjRailBlock.log
mario/MoveBG/MapObjRicco,src/MoveBG/MapObjRicco.cpp,game,remaining,Empty source; genuine unfinished decompilation; no placeholder bodies added,fail,fail,35,35,0,0,0,0,baseline-strict/mario__MoveBG__MapObjRicco.log,final-strict/mario__MoveBG__MapObjRicco.log
mario/MoveBG/MapObjSample,src/MoveBG/MapObjSample.cpp,game,remaining,Needs source/map/compiler audit before edits,fail,fail,5,5,0,0,0,0,baseline-strict/mario__MoveBG__MapObjSample.log,final-strict/mario__MoveBG__MapObjSample.log
mario/MoveBG/MapObjSirena,src/MoveBG/MapObjSirena.cpp,game,fixed,Strict pass; matching checked with no per-function or section regressions,fail,pass,1,0,0,0,0,0,baseline-strict/mario__MoveBG__MapObjSirena.log,final-strict/mario__MoveBG__MapObjSirena.log
mario/MoveBG/MapObjTown,src/MoveBG/MapObjTown.cpp,game,remaining,Needs source/map/compiler audit before edits,fail,fail,2,2,0,0,0,0,baseline-strict/mario__MoveBG__MapObjTown.log,final-strict/mario__MoveBG__MapObjTown.log
mario/MoveBG/MapObjTrap,src/MoveBG/MapObjTrap.cpp,game,pass,No strict failure; warnings may remain in raw log,pass,pass,0,0,0,0,0,0,baseline-strict/mario__MoveBG__MapObjTrap.log,final-strict/mario__MoveBG__MapObjTrap.log
mario/MoveBG/MapObjTree,src/MoveBG/MapObjTree.cpp,game,pass,No strict failure; warnings may remain in raw log,pass,pass,0,0,0,0,0,0,baseline-strict/mario__MoveBG__MapObjTree.log,final-strict/mario__MoveBG__MapObjTree.log
mario/MoveBG/MapObjTumblePole,src/MoveBG/MapObjTumblePole.cpp,game,pass,No strict failure; warnings may remain in raw log,pass,pass,0,0,0,0,0,0,baseline-strict/mario__MoveBG__MapObjTumblePole.log,final-strict/mario__MoveBG__MapObjTumblePole.log
mario/MoveBG/MapObjWater,src/MoveBG/MapObjWater.cpp,game,pass,No strict failure; warnings may remain in raw log,pass,pass,0,0,0,0,0,0,baseline-strict/mario__MoveBG__MapObjWater.log,final-strict/mario__MoveBG__MapObjWater.log
mario/MoveBG/MapObjWave,src/MoveBG/MapObjWave.cpp,game,remaining,Empty source; genuine unfinished decompilation; no placeholder bodies added,fail,fail,18,18,0,0,0,0,baseline-strict/mario__MoveBG__MapObjWave.log,final-strict/mario__MoveBG__MapObjWave.log
mario/MoveBG/ModelGate,src/MoveBG/ModelGate.cpp,game,remaining,Empty source; genuine unfinished decompilation; no placeholder bodies added,fail,fail,9,9,0,0,0,0,baseline-strict/mario__MoveBG__ModelGate.log,final-strict/mario__MoveBG__ModelGate.log
mario/MoveBG/Pool,src/MoveBG/Pool.cpp,game,pass,No strict failure; warnings may remain in raw log,pass,pass,0,0,0,0,0,0,baseline-strict/mario__MoveBG__Pool.log,final-strict/mario__MoveBG__Pool.log
mario/MoveBG/WoodBarrel,src/MoveBG/WoodBarrel.cpp,game,pass,No strict failure; warnings may remain in raw log,pass,pass,0,0,0,0,0,0,baseline-strict/mario__MoveBG__WoodBarrel.log,final-strict/mario__MoveBG__WoodBarrel.log
mario/NPC/NpcAnm,src/NPC/NpcAnm.cpp,game,pass,No strict failure; warnings may remain in raw log,pass,pass,0,0,0,0,0,0,baseline-strict/mario__NPC__NpcAnm.log,final-strict/mario__NPC__NpcAnm.log
mario/NPC/NpcBalloon,src/NPC/NpcBalloon.cpp,game,pass,No strict failure; warnings may remain in raw log,pass,pass,0,0,0,0,0,0,baseline-strict/mario__NPC__NpcBalloon.log,final-strict/mario__NPC__NpcBalloon.log
mario/NPC/NpcBase,src/NPC/NpcBase.cpp,game,remaining,Needs source/map/compiler audit before edits,fail,fail,1,1,0,0,0,0,baseline-strict/mario__NPC__NpcBase.log,final-strict/mario__NPC__NpcBase.log
mario/NPC/NpcCallback,src/NPC/NpcCallback.cpp,game,pass,No strict failure; warnings may remain in raw log,pass,pass,0,0,0,0,0,0,baseline-strict/mario__NPC__NpcCallback.log,final-strict/mario__NPC__NpcCallback.log
mario/NPC/NpcChange,src/NPC/NpcChange.cpp,game,pass,No strict failure; warnings may remain in raw log,pass,pass,0,0,0,0,0,0,baseline-strict/mario__NPC__NpcChange.log,final-strict/mario__NPC__NpcChange.log
mario/NPC/NpcCoin,src/NPC/NpcCoin.cpp,game,pass,No strict failure; warnings may remain in raw log,pass,pass,0,0,0,0,0,0,baseline-strict/mario__NPC__NpcCoin.log,final-strict/mario__NPC__NpcCoin.log
mario/NPC/NpcCollision,src/NPC/NpcCollision.cpp,game,pass,No strict failure; warnings may remain in raw log,pass,pass,0,0,0,0,0,0,baseline-strict/mario__NPC__NpcCollision.log,final-strict/mario__NPC__NpcCollision.log
mario/NPC/NpcColor,src/NPC/NpcColor.cpp,game,remaining,Needs source/map/compiler audit before edits,fail,fail,2,2,0,0,0,0,baseline-strict/mario__NPC__NpcColor.log,final-strict/mario__NPC__NpcColor.log
mario/NPC/NpcEffect,src/NPC/NpcEffect.cpp,game,pass,No strict failure; warnings may remain in raw log,pass,pass,0,0,0,0,0,0,baseline-strict/mario__NPC__NpcEffect.log,final-strict/mario__NPC__NpcEffect.log
mario/NPC/NpcEvent,src/NPC/NpcEvent.cpp,game,fixed,Strict pass; matching checked with no per-function or section regressions,fail,pass,0,0,1,0,0,0,baseline-strict/mario__NPC__NpcEvent.log,final-strict/mario__NPC__NpcEvent.log
mario/NPC/NpcInbetween,src/NPC/NpcInbetween.cpp,game,pass,No strict failure; warnings may remain in raw log,pass,pass,0,0,0,0,0,0,baseline-strict/mario__NPC__NpcInbetween.log,final-strict/mario__NPC__NpcInbetween.log
mario/NPC/NpcInitActionData,src/NPC/NpcInitActionData.cpp,game,pass,No strict failure; warnings may remain in raw log,pass,pass,0,0,0,0,0,0,baseline-strict/mario__NPC__NpcInitActionData.log,final-strict/mario__NPC__NpcInitActionData.log
mario/NPC/NpcInitAnmData,src/NPC/NpcInitAnmData.cpp,game,pass,No strict failure; warnings may remain in raw log,pass,pass,0,0,0,0,0,0,baseline-strict/mario__NPC__NpcInitAnmData.log,final-strict/mario__NPC__NpcInitAnmData.log
mario/NPC/NpcInitData,src/NPC/NpcInitData.cpp,game,pass,No strict failure; warnings may remain in raw log,pass,pass,0,0,0,0,0,0,baseline-strict/mario__NPC__NpcInitData.log,final-strict/mario__NPC__NpcInitData.log
mario/NPC/NpcInitPrg,src/NPC/NpcInitPrg.cpp,game,pass,No strict failure; warnings may remain in raw log,pass,pass,0,0,0,0,0,0,baseline-strict/mario__NPC__NpcInitPrg.log,final-strict/mario__NPC__NpcInitPrg.log
mario/NPC/NpcManager,src/NPC/NpcManager.cpp,game,fixed,Strict pass; matching checked with no per-function or section regressions,fail,pass,0,0,1,0,0,0,baseline-strict/mario__NPC__NpcManager.log,final-strict/mario__NPC__NpcManager.log
mario/NPC/NpcNerve,src/NPC/NpcNerve.cpp,game,remaining,Needs source/map/compiler audit before edits,fail,fail,2,2,0,0,0,0,baseline-strict/mario__NPC__NpcNerve.log,final-strict/mario__NPC__NpcNerve.log
mario/NPC/NpcParts,src/NPC/NpcParts.cpp,game,pass,No strict failure; warnings may remain in raw log,pass,pass,0,0,0,0,0,0,baseline-strict/mario__NPC__NpcParts.log,final-strict/mario__NPC__NpcParts.log
mario/NPC/NpcSave,src/NPC/NpcSave.cpp,game,pass,No strict failure; warnings may remain in raw log,pass,pass,0,0,0,0,0,0,baseline-strict/mario__NPC__NpcSave.log,final-strict/mario__NPC__NpcSave.log
mario/NPC/NpcSound,src/NPC/NpcSound.cpp,game,pass,No strict failure; warnings may remain in raw log,pass,pass,0,0,0,0,0,0,baseline-strict/mario__NPC__NpcSound.log,final-strict/mario__NPC__NpcSound.log
mario/NPC/NpcThrow,src/NPC/NpcThrow.cpp,game,pass,No strict failure; warnings may remain in raw log,pass,pass,0,0,0,0,0,0,baseline-strict/mario__NPC__NpcThrow.log,final-strict/mario__NPC__NpcThrow.log
mario/NPC/NpcTrample,src/NPC/NpcTrample.cpp,game,pass,No strict failure; warnings may remain in raw log,pass,pass,0,0,0,0,0,0,baseline-strict/mario__NPC__NpcTrample.log,final-strict/mario__NPC__NpcTrample.log
mario/NPC/NpcWalkTurn,src/NPC/NpcWalkTurn.cpp,game,remaining,Needs source/map/compiler audit before edits,fail,fail,1,1,0,0,0,0,baseline-strict/mario__NPC__NpcWalkTurn.log,final-strict/mario__NPC__NpcWalkTurn.log
mario/OdemuExi2/DebuggerDriver,src/OdemuExi2/DebuggerDriver.c,restricted,remaining,"Read-only SDK, runtime, middleware or THPPlayer per SMS AGENTS.md",fail,fail,2,2,1,1,0,0,baseline-strict/mario__OdemuExi2__DebuggerDriver.log,final-strict/mario__OdemuExi2__DebuggerDriver.log
mario/Player/Atom,src/Player/Atom.cpp,game,remaining,Needs source/map/compiler audit before edits,fail,fail,9,9,0,0,0,0,baseline-strict/mario__Player__Atom.log,final-strict/mario__Player__Atom.log
mario/Player/MarioAccess,src/Player/MarioAccess.cpp,game,remaining,Needs source/map/compiler audit before edits,fail,fail,11,11,0,0,0,0,baseline-strict/mario__Player__MarioAccess.log,final-strict/mario__Player__MarioAccess.log
mario/Player/MarioAction,src/Player/MarioAction.cpp,game,pass,No strict failure; warnings may remain in raw log,pass,pass,0,0,0,0,0,0,baseline-strict/mario__Player__MarioAction.log,final-strict/mario__Player__MarioAction.log
mario/Player/MarioAutodemo,src/Player/MarioAutodemo.cpp,game,pass,No strict failure; warnings may remain in raw log,pass,pass,0,0,0,0,0,0,baseline-strict/mario__Player__MarioAutodemo.log,final-strict/mario__Player__MarioAutodemo.log
mario/Player/MarioBlend,src/Player/MarioBlend.cpp,game,pass,No strict failure; warnings may remain in raw log,pass,pass,0,0,0,0,0,0,baseline-strict/mario__Player__MarioBlend.log,final-strict/mario__Player__MarioBlend.log
mario/Player/MarioCap,src/Player/MarioCap.cpp,game,pass,No strict failure; warnings may remain in raw log,pass,pass,0,0,0,0,0,0,baseline-strict/mario__Player__MarioCap.log,final-strict/mario__Player__MarioCap.log
mario/Player/MarioCheckCol,src/Player/MarioCheckCol.cpp,game,pass,No strict failure; warnings may remain in raw log,pass,pass,0,0,0,0,0,0,baseline-strict/mario__Player__MarioCheckCol.log,final-strict/mario__Player__MarioCheckCol.log
mario/Player/MarioCollision,src/Player/MarioCollision.cpp,game,remaining,Needs source/map/compiler audit before edits,fail,fail,2,2,0,0,0,0,baseline-strict/mario__Player__MarioCollision.log,final-strict/mario__Player__MarioCollision.log
mario/Player/MarioDraw,src/Player/MarioDraw.cpp,game,improved,Evidence-backed partial fix; remaining strict diagnostics retained,fail,fail,14,14,1,0,0,0,baseline-strict/mario__Player__MarioDraw.log,final-strict/mario__Player__MarioDraw.log
mario/Player/MarioEffect,src/Player/MarioEffect.cpp,game,pass,No strict failure; warnings may remain in raw log,pass,pass,0,0,0,0,0,0,baseline-strict/mario__Player__MarioEffect.log,final-strict/mario__Player__MarioEffect.log
mario/Player/MarioInit,src/Player/MarioInit.cpp,game,remaining,Needs source/map/compiler audit before edits,fail,fail,1,1,0,0,0,0,baseline-strict/mario__Player__MarioInit.log,final-strict/mario__Player__MarioInit.log
mario/Player/MarioJump,src/Player/MarioJump.cpp,game,improved,Evidence-backed partial fix; remaining strict diagnostics retained,fail,fail,3,3,1,0,0,0,baseline-strict/mario__Player__MarioJump.log,final-strict/mario__Player__MarioJump.log
mario/Player/MarioMain,src/Player/MarioMain.cpp,game,pass,No strict failure; warnings may remain in raw log,pass,pass,0,0,0,0,0,0,baseline-strict/mario__Player__MarioMain.log,final-strict/mario__Player__MarioMain.log
mario/Player/MarioMove,src/Player/MarioMove.cpp,game,pass,No strict failure; warnings may remain in raw log,pass,pass,0,0,0,0,0,0,baseline-strict/mario__Player__MarioMove.log,final-strict/mario__Player__MarioMove.log
mario/Player/MarioParticle,src/Player/MarioParticle.cpp,game,remaining,Needs source/map/compiler audit before edits,fail,fail,8,8,0,0,0,0,baseline-strict/mario__Player__MarioParticle.log,final-strict/mario__Player__MarioParticle.log
mario/Player/MarioPhysics,src/Player/MarioPhysics.cpp,game,pass,No strict failure; warnings may remain in raw log,pass,pass,0,0,0,0,0,0,baseline-strict/mario__Player__MarioPhysics.log,final-strict/mario__Player__MarioPhysics.log
mario/Player/MarioPositionObj,src/Player/MarioPositionObj.cpp,game,pass,No strict failure; warnings may remain in raw log,pass,pass,0,0,0,0,0,0,baseline-strict/mario__Player__MarioPositionObj.log,final-strict/mario__Player__MarioPositionObj.log
mario/Player/MarioReceiveMsg,src/Player/MarioReceiveMsg.cpp,game,pass,No strict failure; warnings may remain in raw log,pass,pass,0,0,0,0,0,0,baseline-strict/mario__Player__MarioReceiveMsg.log,final-strict/mario__Player__MarioReceiveMsg.log
mario/Player/MarioRecord,src/Player/MarioRecord.cpp,game,remaining,Needs source/map/compiler audit before edits,fail,fail,11,11,0,0,0,0,baseline-strict/mario__Player__MarioRecord.log,final-strict/mario__Player__MarioRecord.log
mario/Player/MarioRun,src/Player/MarioRun.cpp,game,remaining,Needs source/map/compiler audit before edits,fail,fail,1,1,0,0,0,0,baseline-strict/mario__Player__MarioRun.log,final-strict/mario__Player__MarioRun.log
mario/Player/MarioSound,src/Player/MarioSound.cpp,game,pass,No strict failure; warnings may remain in raw log,pass,pass,0,0,0,0,0,0,baseline-strict/mario__Player__MarioSound.log,final-strict/mario__Player__MarioSound.log
mario/Player/MarioSpecial,src/Player/MarioSpecial.cpp,game,pass,No strict failure; warnings may remain in raw log,pass,pass,0,0,0,0,0,0,baseline-strict/mario__Player__MarioSpecial.log,final-strict/mario__Player__MarioSpecial.log
mario/Player/MarioSwim,src/Player/MarioSwim.cpp,game,pass,No strict failure; warnings may remain in raw log,pass,pass,0,0,0,0,0,0,baseline-strict/mario__Player__MarioSwim.log,final-strict/mario__Player__MarioSwim.log
mario/Player/MarioUpper,src/Player/MarioUpper.cpp,game,pass,No strict failure; warnings may remain in raw log,pass,pass,0,0,0,0,0,0,baseline-strict/mario__Player__MarioUpper.log,final-strict/mario__Player__MarioUpper.log
mario/Player/MarioWait,src/Player/MarioWait.cpp,game,pass,No strict failure; warnings may remain in raw log,pass,pass,0,0,0,0,0,0,baseline-strict/mario__Player__MarioWait.log,final-strict/mario__Player__MarioWait.log
mario/Player/ModelWaterManager,src/Player/ModelWaterManager.cpp,game,remaining,Needs source/map/compiler audit before edits,fail,fail,1,1,0,0,0,0,baseline-strict/mario__Player__ModelWaterManager.log,final-strict/mario__Player__ModelWaterManager.log
mario/Player/SplashManager,src/Player/SplashManager.cpp,game,pass,No strict failure; warnings may remain in raw log,pass,pass,0,0,0,0,0,0,baseline-strict/mario__Player__SplashManager.log,final-strict/mario__Player__SplashManager.log
mario/Player/Tongue,src/Player/Tongue.cpp,game,pass,No strict failure; warnings may remain in raw log,pass,pass,0,0,0,0,0,0,baseline-strict/mario__Player__Tongue.log,final-strict/mario__Player__Tongue.log
mario/Player/WaterGun,src/Player/WaterGun.cpp,game,remaining,Needs source/map/compiler audit before edits,fail,fail,24,24,0,0,0,0,baseline-strict/mario__Player__WaterGun.log,final-strict/mario__Player__WaterGun.log
mario/Player/Yoshi,src/Player/Yoshi.cpp,game,fixed,Strict pass; matching checked with no per-function or section regressions,fail,pass,0,0,0,0,1,0,baseline-strict/mario__Player__Yoshi.log,final-strict/mario__Player__Yoshi.log
mario/PowerPC_EABI_Support/Msl/MSL_C/MSL_Common/abort_exit,src/PowerPC_EABI_Support/Msl/MSL_C/MSL_Common/abort_exit.c,restricted,remaining,"Read-only SDK, runtime, middleware or THPPlayer per SMS AGENTS.md",fail,fail,4,4,0,0,0,0,baseline-strict/mario__PowerPC_EABI_Support__Msl__MSL_C__MSL_Common__abort_exit.log,final-strict/mario__PowerPC_EABI_Support__Msl__MSL_C__MSL_Common__abort_exit.log
mario/PowerPC_EABI_Support/Msl/MSL_C/MSL_Common/ansi_files,src/PowerPC_EABI_Support/Msl/MSL_C/MSL_Common/ansi_files.c,restricted,uncertain,No resolvable .text map TU; inspect raw diagnostic; not counted as pass,error,error,0,0,0,0,0,0,baseline-strict/mario__PowerPC_EABI_Support__Msl__MSL_C__MSL_Common__ansi_files.log,final-strict/mario__PowerPC_EABI_Support__Msl__MSL_C__MSL_Common__ansi_files.log
mario/PowerPC_EABI_Support/Msl/MSL_C/MSL_Common/buffer_io,src/PowerPC_EABI_Support/Msl/MSL_C/MSL_Common/buffer_io.c,restricted,remaining,"Read-only SDK, runtime, middleware or THPPlayer per SMS AGENTS.md",fail,fail,4,4,1,1,0,0,baseline-strict/mario__PowerPC_EABI_Support__Msl__MSL_C__MSL_Common__buffer_io.log,final-strict/mario__PowerPC_EABI_Support__Msl__MSL_C__MSL_Common__buffer_io.log
mario/PowerPC_EABI_Support/Msl/MSL_C/MSL_Common/ctype,src/PowerPC_EABI_Support/Msl/MSL_C/MSL_Common/ctype.c,restricted,remaining,"Read-only SDK, runtime, middleware or THPPlayer per SMS AGENTS.md",fail,fail,11,11,0,0,0,0,baseline-strict/mario__PowerPC_EABI_Support__Msl__MSL_C__MSL_Common__ctype.log,final-strict/mario__PowerPC_EABI_Support__Msl__MSL_C__MSL_Common__ctype.log
mario/PowerPC_EABI_Support/Msl/MSL_C/MSL_Common/direct_io,src/PowerPC_EABI_Support/Msl/MSL_C/MSL_Common/direct_io.c,restricted,remaining,"Read-only SDK, runtime, middleware or THPPlayer per SMS AGENTS.md",fail,fail,1,1,0,0,0,0,baseline-strict/mario__PowerPC_EABI_Support__Msl__MSL_C__MSL_Common__direct_io.log,final-strict/mario__PowerPC_EABI_Support__Msl__MSL_C__MSL_Common__direct_io.log
mario/PowerPC_EABI_Support/Msl/MSL_C/MSL_Common/errno,src/PowerPC_EABI_Support/Msl/MSL_C/MSL_Common/errno.c,restricted,uncertain,No resolvable .text map TU; inspect raw diagnostic; not counted as pass,error,error,0,0,0,0,0,0,baseline-strict/mario__PowerPC_EABI_Support__Msl__MSL_C__MSL_Common__errno.log,final-strict/mario__PowerPC_EABI_Support__Msl__MSL_C__MSL_Common__errno.log
mario/PowerPC_EABI_Support/Msl/MSL_C/MSL_Common/float,src/PowerPC_EABI_Support/Msl/MSL_C/MSL_Common/float.c,restricted,uncertain,No resolvable .text map TU; inspect raw diagnostic; not counted as pass,error,error,0,0,0,0,0,0,baseline-strict/mario__PowerPC_EABI_Support__Msl__MSL_C__MSL_Common__float.log,final-strict/mario__PowerPC_EABI_Support__Msl__MSL_C__MSL_Common__float.log
mario/PowerPC_EABI_Support/Msl/MSL_C/MSL_Common/mbstring,src/PowerPC_EABI_Support/Msl/MSL_C/MSL_Common/mbstring.c,restricted,remaining,"Read-only SDK, runtime, middleware or THPPlayer per SMS AGENTS.md",fail,fail,4,4,0,0,0,0,baseline-strict/mario__PowerPC_EABI_Support__Msl__MSL_C__MSL_Common__mbstring.log,final-strict/mario__PowerPC_EABI_Support__Msl__MSL_C__MSL_Common__mbstring.log
mario/PowerPC_EABI_Support/Msl/MSL_C/MSL_Common/mem,src/PowerPC_EABI_Support/Msl/MSL_C/MSL_Common/mem.c,restricted,remaining,"Read-only SDK, runtime, middleware or THPPlayer per SMS AGENTS.md",fail,fail,1,1,0,0,0,0,baseline-strict/mario__PowerPC_EABI_Support__Msl__MSL_C__MSL_Common__mem.log,final-strict/mario__PowerPC_EABI_Support__Msl__MSL_C__MSL_Common__mem.log
mario/PowerPC_EABI_Support/Msl/MSL_C/MSL_Common/mem_funcs,src/PowerPC_EABI_Support/Msl/MSL_C/MSL_Common/mem_funcs.c,restricted,remaining,"Read-only SDK, runtime, middleware or THPPlayer per SMS AGENTS.md",fail,fail,2,2,0,0,0,0,baseline-strict/mario__PowerPC_EABI_Support__Msl__MSL_C__MSL_Common__mem_funcs.log,final-strict/mario__PowerPC_EABI_Support__Msl__MSL_C__MSL_Common__mem_funcs.log
mario/PowerPC_EABI_Support/Msl/MSL_C/MSL_Common/misc_io,src/PowerPC_EABI_Support/Msl/MSL_C/MSL_Common/misc_io.c,restricted,remaining,"Read-only SDK, runtime, middleware or THPPlayer per SMS AGENTS.md",fail,fail,4,4,0,0,0,0,baseline-strict/mario__PowerPC_EABI_Support__Msl__MSL_C__MSL_Common__misc_io.log,final-strict/mario__PowerPC_EABI_Support__Msl__MSL_C__MSL_Common__misc_io.log
mario/PowerPC_EABI_Support/Msl/MSL_C/MSL_Common/printf,src/PowerPC_EABI_Support/Msl/MSL_C/MSL_Common/printf.c,restricted,remaining,"Read-only SDK, runtime, middleware or THPPlayer per SMS AGENTS.md",fail,fail,3,3,0,0,2,2,baseline-strict/mario__PowerPC_EABI_Support__Msl__MSL_C__MSL_Common__printf.log,final-strict/mario__PowerPC_EABI_Support__Msl__MSL_C__MSL_Common__printf.log
mario/PowerPC_EABI_Support/Msl/MSL_C/MSL_Common/rand,src/PowerPC_EABI_Support/Msl/MSL_C/MSL_Common/rand.c,restricted,pass,No strict failure; warnings may remain in raw log,pass,pass,0,0,0,0,0,0,baseline-strict/mario__PowerPC_EABI_Support__Msl__MSL_C__MSL_Common__rand.log,final-strict/mario__PowerPC_EABI_Support__Msl__MSL_C__MSL_Common__rand.log
mario/PowerPC_EABI_Support/Msl/MSL_C/MSL_Common/scanf,src/PowerPC_EABI_Support/Msl/MSL_C/MSL_Common/scanf.c,restricted,remaining,"Read-only SDK, runtime, middleware or THPPlayer per SMS AGENTS.md",fail,fail,7,7,0,0,0,0,baseline-strict/mario__PowerPC_EABI_Support__Msl__MSL_C__MSL_Common__scanf.log,final-strict/mario__PowerPC_EABI_Support__Msl__MSL_C__MSL_Common__scanf.log
mario/PowerPC_EABI_Support/Msl/MSL_C/MSL_Common/string,src/PowerPC_EABI_Support/Msl/MSL_C/MSL_Common/string.c,restricted,remaining,"Read-only SDK, runtime, middleware or THPPlayer per SMS AGENTS.md",fail,fail,10,10,0,0,0,0,baseline-strict/mario__PowerPC_EABI_Support__Msl__MSL_C__MSL_Common__string.log,final-strict/mario__PowerPC_EABI_Support__Msl__MSL_C__MSL_Common__string.log
mario/PowerPC_EABI_Support/Msl/MSL_C/MSL_Common/strtoul,src/PowerPC_EABI_Support/Msl/MSL_C/MSL_Common/strtoul.c,restricted,remaining,"Read-only SDK, runtime, middleware or THPPlayer per SMS AGENTS.md",fail,fail,7,7,0,0,0,0,baseline-strict/mario__PowerPC_EABI_Support__Msl__MSL_C__MSL_Common__strtoul.log,final-strict/mario__PowerPC_EABI_Support__Msl__MSL_C__MSL_Common__strtoul.log
mario/PowerPC_EABI_Support/Msl/MSL_C/MSL_Common/wchar_io,src/PowerPC_EABI_Support/Msl/MSL_C/MSL_Common/wchar_io.c,restricted,remaining,"Read-only SDK, runtime, middleware or THPPlayer per SMS AGENTS.md",fail,fail,9,9,0,0,0,0,baseline-strict/mario__PowerPC_EABI_Support__Msl__MSL_C__MSL_Common__wchar_io.log,final-strict/mario__PowerPC_EABI_Support__Msl__MSL_C__MSL_Common__wchar_io.log
mario/PowerPC_EABI_Support/Msl/MSL_C/MSL_Common_Embedded/Math/Double_precision/e_asin,src/PowerPC_EABI_Support/Msl/MSL_C/MSL_Common_Embedded/Math/Double_precision/e_asin.c,restricted,remaining,"Read-only SDK, runtime, middleware or THPPlayer per SMS AGENTS.md",fail,fail,1,1,0,0,1,1,baseline-strict/mario__PowerPC_EABI_Support__Msl__MSL_C__MSL_Common_Embedded__Math__Double_precision__e_asin.log,final-strict/mario__PowerPC_EABI_Support__Msl__MSL_C__MSL_Common_Embedded__Math__Double_precision__e_asin.log
mario/PowerPC_EABI_Support/Msl/MSL_C/MSL_Common_Embedded/Math/Double_precision/e_atan2,src/PowerPC_EABI_Support/Msl/MSL_C/MSL_Common_Embedded/Math/Double_precision/e_atan2.c,restricted,pass,No strict failure; warnings may remain in raw log,pass,pass,0,0,0,0,0,0,baseline-strict/mario__PowerPC_EABI_Support__Msl__MSL_C__MSL_Common_Embedded__Math__Double_precision__e_atan2.log,final-strict/mario__PowerPC_EABI_Support__Msl__MSL_C__MSL_Common_Embedded__Math__Double_precision__e_atan2.log
mario/PowerPC_EABI_Support/Msl/MSL_C/MSL_Common_Embedded/Math/Double_precision/s_atan,src/PowerPC_EABI_Support/Msl/MSL_C/MSL_Common_Embedded/Math/Double_precision/s_atan.c,restricted,pass,No strict failure; warnings may remain in raw log,pass,pass,0,0,0,0,0,0,baseline-strict/mario__PowerPC_EABI_Support__Msl__MSL_C__MSL_Common_Embedded__Math__Double_precision__s_atan.log,final-strict/mario__PowerPC_EABI_Support__Msl__MSL_C__MSL_Common_Embedded__Math__Double_precision__s_atan.log
mario/PowerPC_EABI_Support/Msl/MSL_C/MSL_Common_Embedded/Math/Double_precision/s_frexp,src/PowerPC_EABI_Support/Msl/MSL_C/MSL_Common_Embedded/Math/Double_precision/s_frexp.c,restricted,pass,No strict failure; warnings may remain in raw log,pass,pass,0,0,0,0,0,0,baseline-strict/mario__PowerPC_EABI_Support__Msl__MSL_C__MSL_Common_Embedded__Math__Double_precision__s_frexp.log,final-strict/mario__PowerPC_EABI_Support__Msl__MSL_C__MSL_Common_Embedded__Math__Double_precision__s_frexp.log
mario/PowerPC_EABI_Support/Msl/MSL_C/MSL_Common_Embedded/Math/Double_precision/w_atan2,src/PowerPC_EABI_Support/Msl/MSL_C/MSL_Common_Embedded/Math/Double_precision/w_atan2.c,restricted,pass,No strict failure; warnings may remain in raw log,pass,pass,0,0,0,0,0,0,baseline-strict/mario__PowerPC_EABI_Support__Msl__MSL_C__MSL_Common_Embedded__Math__Double_precision__w_atan2.log,final-strict/mario__PowerPC_EABI_Support__Msl__MSL_C__MSL_Common_Embedded__Math__Double_precision__w_atan2.log
mario/PowerPC_EABI_Support/Msl/MSL_C/MSL_Common_Embedded/Math/Single_precision/common_float_tables,src/PowerPC_EABI_Support/Msl/MSL_C/MSL_Common_Embedded/Math/Single_precision/common_float_tables.c,restricted,uncertain,No resolvable .text map TU; inspect raw diagnostic; not counted as pass,error,error,0,0,0,0,0,0,baseline-strict/mario__PowerPC_EABI_Support__Msl__MSL_C__MSL_Common_Embedded__Math__Single_precision__common_float_tables.log,final-strict/mario__PowerPC_EABI_Support__Msl__MSL_C__MSL_Common_Embedded__Math__Single_precision__common_float_tables.log
mario/PowerPC_EABI_Support/Msl/MSL_C/MSL_Common_Embedded/Math/Single_precision/exponentialsf,src/PowerPC_EABI_Support/Msl/MSL_C/MSL_Common_Embedded/Math/Single_precision/exponentialsf.c,restricted,pass,No strict failure; warnings may remain in raw log,pass,pass,0,0,0,0,0,0,baseline-strict/mario__PowerPC_EABI_Support__Msl__MSL_C__MSL_Common_Embedded__Math__Single_precision__exponentialsf.log,final-strict/mario__PowerPC_EABI_Support__Msl__MSL_C__MSL_Common_Embedded__Math__Single_precision__exponentialsf.log
mario/PowerPC_EABI_Support/Msl/MSL_C/MSL_Common_Embedded/Math/Single_precision/hyperbolicsf,src/PowerPC_EABI_Support/Msl/MSL_C/MSL_Common_Embedded/Math/Single_precision/hyperbolicsf.c,restricted,remaining,"Read-only SDK, runtime, middleware or THPPlayer per SMS AGENTS.md",fail,fail,3,3,0,0,1,1,baseline-strict/mario__PowerPC_EABI_Support__Msl__MSL_C__MSL_Common_Embedded__Math__Single_precision__hyperbolicsf.log,final-strict/mario__PowerPC_EABI_Support__Msl__MSL_C__MSL_Common_Embedded__Math__Single_precision__hyperbolicsf.log
mario/PowerPC_EABI_Support/Msl/MSL_C/MSL_Common_Embedded/Math/Single_precision/inverse_trig,src/PowerPC_EABI_Support/Msl/MSL_C/MSL_Common_Embedded/Math/Single_precision/inverse_trig.c,restricted,remaining,"Read-only SDK, runtime, middleware or THPPlayer per SMS AGENTS.md",fail,fail,1,1,0,0,0,0,baseline-strict/mario__PowerPC_EABI_Support__Msl__MSL_C__MSL_Common_Embedded__Math__Single_precision__inverse_trig.log,final-strict/mario__PowerPC_EABI_Support__Msl__MSL_C__MSL_Common_Embedded__Math__Single_precision__inverse_trig.log
mario/PowerPC_EABI_Support/Msl/MSL_C/MSL_Common_Embedded/Math/Single_precision/trigf,src/PowerPC_EABI_Support/Msl/MSL_C/MSL_Common_Embedded/Math/Single_precision/trigf.c,restricted,pass,No strict failure; warnings may remain in raw log,pass,pass,0,0,0,0,0,0,baseline-strict/mario__PowerPC_EABI_Support__Msl__MSL_C__MSL_Common_Embedded__Math__Single_precision__trigf.log,final-strict/mario__PowerPC_EABI_Support__Msl__MSL_C__MSL_Common_Embedded__Math__Single_precision__trigf.log
mario/PowerPC_EABI_Support/Msl/MSL_C/MSL_Common_Embedded/ansi_fp,src/PowerPC_EABI_Support/Msl/MSL_C/MSL_Common_Embedded/ansi_fp.c,restricted,remaining,"Read-only SDK, runtime, middleware or THPPlayer per SMS AGENTS.md",fail,fail,1,1,0,0,0,0,baseline-strict/mario__PowerPC_EABI_Support__Msl__MSL_C__MSL_Common_Embedded__ansi_fp.log,final-strict/mario__PowerPC_EABI_Support__Msl__MSL_C__MSL_Common_Embedded__ansi_fp.log
mario/PowerPC_EABI_Support/Msl/MSL_C/MSL_Common_Embedded/uart_console_io,src/PowerPC_EABI_Support/Msl/MSL_C/MSL_Common_Embedded/uart_console_io.c,restricted,remaining,"Read-only SDK, runtime, middleware or THPPlayer per SMS AGENTS.md",fail,fail,1,1,0,0,0,0,baseline-strict/mario__PowerPC_EABI_Support__Msl__MSL_C__MSL_Common_Embedded__uart_console_io.log,final-strict/mario__PowerPC_EABI_Support__Msl__MSL_C__MSL_Common_Embedded__uart_console_io.log
mario/PowerPC_EABI_Support/Msl/MSL_C/PPC_EABI/critical_regions.ppc_eabi,src/PowerPC_EABI_Support/Msl/MSL_C/PPC_EABI/critical_regions.ppc_eabi.c,restricted,remaining,"Read-only SDK, runtime, middleware or THPPlayer per SMS AGENTS.md",fail,fail,1,1,0,0,0,0,baseline-strict/mario__PowerPC_EABI_Support__Msl__MSL_C__PPC_EABI__critical_regions.ppc_eabi.log,final-strict/mario__PowerPC_EABI_Support__Msl__MSL_C__PPC_EABI__critical_regions.ppc_eabi.log
mario/PowerPC_EABI_Support/Runtime/ExceptionPPC,src/PowerPC_EABI_Support/Runtime/ExceptionPPC.cp,restricted,remaining,"Read-only SDK, runtime, middleware or THPPlayer per SMS AGENTS.md",fail,fail,26,26,0,0,0,0,baseline-strict/mario__PowerPC_EABI_Support__Runtime__ExceptionPPC.log,final-strict/mario__PowerPC_EABI_Support__Runtime__ExceptionPPC.log
mario/PowerPC_EABI_Support/Runtime/NMWException,src/PowerPC_EABI_Support/Runtime/NMWException.cp,restricted,remaining,"Read-only SDK, runtime, middleware or THPPlayer per SMS AGENTS.md",fail,fail,8,8,0,0,0,0,baseline-strict/mario__PowerPC_EABI_Support__Runtime__NMWException.log,final-strict/mario__PowerPC_EABI_Support__Runtime__NMWException.log
mario/PowerPC_EABI_Support/Runtime/__init_cpp_exceptions,src/PowerPC_EABI_Support/Runtime/__init_cpp_exceptions.cpp,restricted,pass,No strict failure; warnings may remain in raw log,pass,pass,0,0,0,0,0,0,baseline-strict/mario__PowerPC_EABI_Support__Runtime____init_cpp_exceptions.log,final-strict/mario__PowerPC_EABI_Support__Runtime____init_cpp_exceptions.log
mario/PowerPC_EABI_Support/Runtime/__mem,src/PowerPC_EABI_Support/Runtime/__mem.c,restricted,uncertain,No resolvable .text map TU; inspect raw diagnostic; not counted as pass,error,error,0,0,0,0,0,0,baseline-strict/mario__PowerPC_EABI_Support__Runtime____mem.log,final-strict/mario__PowerPC_EABI_Support__Runtime____mem.log
mario/PowerPC_EABI_Support/Runtime/__va_arg,src/PowerPC_EABI_Support/Runtime/__va_arg.c,restricted,pass,No strict failure; warnings may remain in raw log,pass,pass,0,0,0,0,0,0,baseline-strict/mario__PowerPC_EABI_Support__Runtime____va_arg.log,final-strict/mario__PowerPC_EABI_Support__Runtime____va_arg.log
mario/PowerPC_EABI_Support/Runtime/global_destructor_chain,src/PowerPC_EABI_Support/Runtime/global_destructor_chain.c,restricted,pass,No strict failure; warnings may remain in raw log,pass,pass,0,0,0,0,0,0,baseline-strict/mario__PowerPC_EABI_Support__Runtime__global_destructor_chain.log,final-strict/mario__PowerPC_EABI_Support__Runtime__global_destructor_chain.log
mario/PowerPC_EABI_Support/Runtime/ptmf,src/PowerPC_EABI_Support/Runtime/ptmf.c,restricted,remaining,"Read-only SDK, runtime, middleware or THPPlayer per SMS AGENTS.md",fail,fail,5,5,0,0,0,0,baseline-strict/mario__PowerPC_EABI_Support__Runtime__ptmf.log,final-strict/mario__PowerPC_EABI_Support__Runtime__ptmf.log
mario/PowerPC_EABI_Support/Runtime/runtime,src/PowerPC_EABI_Support/Runtime/runtime.c,restricted,remaining,"Read-only SDK, runtime, middleware or THPPlayer per SMS AGENTS.md",fail,fail,105,105,0,0,0,0,baseline-strict/mario__PowerPC_EABI_Support__Runtime__runtime.log,final-strict/mario__PowerPC_EABI_Support__Runtime__runtime.log
mario/Strategic/HitActor,src/Strategic/HitActor.cpp,game,pass,No strict failure; warnings may remain in raw log,pass,pass,0,0,0,0,0,0,baseline-strict/mario__Strategic__HitActor.log,final-strict/mario__Strategic__HitActor.log
mario/Strategic/MirrorActor,src/Strategic/MirrorActor.cpp,game,pass,No strict failure; warnings may remain in raw log,pass,pass,0,0,0,0,0,0,baseline-strict/mario__Strategic__MirrorActor.log,final-strict/mario__Strategic__MirrorActor.log
mario/Strategic/ObjHitCheck,src/Strategic/ObjHitCheck.cpp,game,pass,No strict failure; warnings may remain in raw log,pass,pass,0,0,0,0,0,0,baseline-strict/mario__Strategic__ObjHitCheck.log,final-strict/mario__Strategic__ObjHitCheck.log
mario/Strategic/ObjModel,src/Strategic/ObjModel.cpp,game,pass,No strict failure; warnings may remain in raw log,pass,pass,0,0,0,0,0,0,baseline-strict/mario__Strategic__ObjModel.log,final-strict/mario__Strategic__ObjModel.log
mario/Strategic/SharedParts,src/Strategic/SharedParts.cpp,game,pass,No strict failure; warnings may remain in raw log,pass,pass,0,0,0,0,0,0,baseline-strict/mario__Strategic__SharedParts.log,final-strict/mario__Strategic__SharedParts.log
mario/Strategic/Strategy,src/Strategic/Strategy.cpp,game,pass,No strict failure; warnings may remain in raw log,pass,pass,0,0,0,0,0,0,baseline-strict/mario__Strategic__Strategy.log,final-strict/mario__Strategic__Strategy.log
mario/Strategic/binder,src/Strategic/binder.cpp,game,pass,No strict failure; warnings may remain in raw log,pass,pass,0,0,0,0,0,0,baseline-strict/mario__Strategic__binder.log,final-strict/mario__Strategic__binder.log
mario/Strategic/liveactor,src/Strategic/liveactor.cpp,game,remaining,Needs source/map/compiler audit before edits,fail,fail,2,2,0,0,0,0,baseline-strict/mario__Strategic__liveactor.log,final-strict/mario__Strategic__liveactor.log
mario/Strategic/liveinterp,src/Strategic/liveinterp.cpp,game,fixed,Strict pass; matching checked with no per-function or section regressions,fail,pass,0,0,0,0,10,0,baseline-strict/mario__Strategic__liveinterp.log,final-strict/mario__Strategic__liveinterp.log
mario/Strategic/livemanager,src/Strategic/livemanager.cpp,game,pass,No strict failure; warnings may remain in raw log,pass,pass,0,0,0,0,0,0,baseline-strict/mario__Strategic__livemanager.log,final-strict/mario__Strategic__livemanager.log
mario/Strategic/objmanager,src/Strategic/objmanager.cpp,game,remaining,Needs source/map/compiler audit before edits,fail,fail,1,1,0,0,0,0,baseline-strict/mario__Strategic__objmanager.log,final-strict/mario__Strategic__objmanager.log
mario/Strategic/question,src/Strategic/question.cpp,game,pass,No strict failure; warnings may remain in raw log,pass,pass,0,0,0,0,0,0,baseline-strict/mario__Strategic__question.log,final-strict/mario__Strategic__question.log
mario/Strategic/smplcharacter,src/Strategic/smplcharacter.cpp,game,pass,No strict failure; warnings may remain in raw log,pass,pass,0,0,0,0,0,0,baseline-strict/mario__Strategic__smplcharacter.log,final-strict/mario__Strategic__smplcharacter.log
mario/Strategic/spcinterp,src/Strategic/spcinterp.cpp,game,pass,No strict failure; warnings may remain in raw log,pass,pass,0,0,0,0,0,0,baseline-strict/mario__Strategic__spcinterp.log,final-strict/mario__Strategic__spcinterp.log
mario/System/Application,src/System/Application.cpp,game,remaining,Needs source/map/compiler audit before edits,fail,fail,2,2,0,0,0,0,baseline-strict/mario__System__Application.log,final-strict/mario__System__Application.log
mario/System/BaseParam,src/System/BaseParam.cpp,game,pass,No strict failure; warnings may remain in raw log,pass,pass,0,0,0,0,0,0,baseline-strict/mario__System__BaseParam.log,final-strict/mario__System__BaseParam.log
mario/System/CardManager,src/System/CardManager.cpp,game,pass,No strict failure; warnings may remain in raw log,pass,pass,0,0,0,0,0,0,baseline-strict/mario__System__CardManager.log,final-strict/mario__System__CardManager.log
mario/System/DrawSyncManager,src/System/DrawSyncManager.cpp,game,pass,No strict failure; warnings may remain in raw log,pass,pass,0,0,0,0,0,0,baseline-strict/mario__System__DrawSyncManager.log,final-strict/mario__System__DrawSyncManager.log
mario/System/EmitterViewObj,src/System/EmitterViewObj.cpp,game,pass,No strict failure; warnings may remain in raw log,pass,pass,0,0,0,0,0,0,baseline-strict/mario__System__EmitterViewObj.log,final-strict/mario__System__EmitterViewObj.log
mario/System/EventWatcher,src/System/EventWatcher.cpp,game,remaining,Needs source/map/compiler audit before edits,fail,fail,1,1,0,0,0,0,baseline-strict/mario__System__EventWatcher.log,final-strict/mario__System__EventWatcher.log
mario/System/FlagManager,src/System/FlagManager.cpp,game,pass,No strict failure; warnings may remain in raw log,pass,pass,0,0,0,0,0,0,baseline-strict/mario__System__FlagManager.log,final-strict/mario__System__FlagManager.log
mario/System/GCLogoDir,src/System/GCLogoDir.cpp,game,pass,No strict failure; warnings may remain in raw log,pass,pass,0,0,0,0,0,0,baseline-strict/mario__System__GCLogoDir.log,final-strict/mario__System__GCLogoDir.log
mario/System/J3DSysFlag,src/System/J3DSysFlag.cpp,game,pass,No strict failure; warnings may remain in raw log,pass,pass,0,0,0,0,0,0,baseline-strict/mario__System__J3DSysFlag.log,final-strict/mario__System__J3DSysFlag.log
mario/System/MSoundMainSide,src/System/MSoundMainSide.cpp,game,remaining,Needs source/map/compiler audit before edits,fail,fail,1,1,0,0,0,0,baseline-strict/mario__System__MSoundMainSide.log,final-strict/mario__System__MSoundMainSide.log
mario/System/MarDirector,src/System/MarDirector.cpp,game,remaining,Needs source/map/compiler audit before edits,fail,fail,2,2,0,0,0,0,baseline-strict/mario__System__MarDirector.log,final-strict/mario__System__MarDirector.log
mario/System/MarDirectorCreateObjects,src/System/MarDirectorCreateObjects.cpp,game,pass,No strict failure; warnings may remain in raw log,pass,pass,0,0,0,0,0,0,baseline-strict/mario__System__MarDirectorCreateObjects.log,final-strict/mario__System__MarDirectorCreateObjects.log
mario/System/MarDirectorDirect,src/System/MarDirectorDirect.cpp,game,remaining,Needs source/map/compiler audit before edits,fail,fail,1,1,0,0,0,0,baseline-strict/mario__System__MarDirectorDirect.log,final-strict/mario__System__MarDirectorDirect.log
mario/System/MarDirectorEvent,src/System/MarDirectorEvent.cpp,game,pass,No strict failure; warnings may remain in raw log,pass,pass,0,0,0,0,0,0,baseline-strict/mario__System__MarDirectorEvent.log,final-strict/mario__System__MarDirectorEvent.log
mario/System/MarDirectorInitECT,src/System/MarDirectorInitECT.cpp,game,pass,No strict failure; warnings may remain in raw log,pass,pass,0,0,0,0,0,0,baseline-strict/mario__System__MarDirectorInitECT.log,final-strict/mario__System__MarDirectorInitECT.log
mario/System/MarDirectorLoadResource,src/System/MarDirectorLoadResource.cpp,game,pass,No strict failure; warnings may remain in raw log,pass,pass,0,0,0,0,0,0,baseline-strict/mario__System__MarDirectorLoadResource.log,final-strict/mario__System__MarDirectorLoadResource.log
mario/System/MarDirectorPreEntry,src/System/MarDirectorPreEntry.cpp,game,pass,No strict failure; warnings may remain in raw log,pass,pass,0,0,0,0,0,0,baseline-strict/mario__System__MarDirectorPreEntry.log,final-strict/mario__System__MarDirectorPreEntry.log
mario/System/MarDirectorSetup2,src/System/MarDirectorSetup2.cpp,game,pass,No strict failure; warnings may remain in raw log,pass,pass,0,0,0,0,0,0,baseline-strict/mario__System__MarDirectorSetup2.log,final-strict/mario__System__MarDirectorSetup2.log
mario/System/MarDirectorSetupObjects,src/System/MarDirectorSetupObjects.cpp,game,pass,No strict failure; warnings may remain in raw log,pass,pass,0,0,0,0,0,0,baseline-strict/mario__System__MarDirectorSetupObjects.log,final-strict/mario__System__MarDirectorSetupObjects.log
mario/System/MarNameRefGen,src/System/MarNameRefGen.cpp,game,improved,Evidence-backed partial fix; remaining strict diagnostics retained,fail,fail,6,5,1,1,15,15,baseline-strict/mario__System__MarNameRefGen.log,final-strict/mario__System__MarNameRefGen.log
mario/System/MarNameRefGen_BossEnemy,src/System/MarNameRefGen_BossEnemy.cpp,game,remaining,Needs source/map/compiler audit before edits,fail,fail,5,5,0,0,0,0,baseline-strict/mario__System__MarNameRefGen_BossEnemy.log,final-strict/mario__System__MarNameRefGen_BossEnemy.log
mario/System/MarNameRefGen_Enemy,src/System/MarNameRefGen_Enemy.cpp,game,remaining,Needs source/map/compiler audit before edits,fail,fail,17,17,0,0,0,0,baseline-strict/mario__System__MarNameRefGen_Enemy.log,final-strict/mario__System__MarNameRefGen_Enemy.log
mario/System/MarNameRefGen_Map,src/System/MarNameRefGen_Map.cpp,game,pass,No strict failure; warnings may remain in raw log,pass,pass,0,0,0,0,0,0,baseline-strict/mario__System__MarNameRefGen_Map.log,final-strict/mario__System__MarNameRefGen_Map.log
mario/System/MarNameRefGen_MapObj,src/System/MarNameRefGen_MapObj.cpp,game,remaining,Needs source/map/compiler audit before edits,fail,fail,29,29,0,0,0,0,baseline-strict/mario__System__MarNameRefGen_MapObj.log,final-strict/mario__System__MarNameRefGen_MapObj.log
mario/System/MarNameRefGen_NPC,src/System/MarNameRefGen_NPC.cpp,game,remaining,Needs source/map/compiler audit before edits,fail,fail,10,10,0,0,0,0,baseline-strict/mario__System__MarNameRefGen_NPC.log,final-strict/mario__System__MarNameRefGen_NPC.log
mario/System/MarioGamePad,src/System/MarioGamePad.cpp,game,remaining,Needs source/map/compiler audit before edits,fail,fail,3,3,0,0,0,0,baseline-strict/mario__System__MarioGamePad.log,final-strict/mario__System__MarioGamePad.log
mario/System/MenuDir,src/System/MenuDir.cpp,game,pass,No strict failure; warnings may remain in raw log,pass,pass,0,0,0,0,0,0,baseline-strict/mario__System__MenuDir.log,final-strict/mario__System__MenuDir.log
mario/System/MovieDirector,src/System/MovieDirector.cpp,game,pass,No strict failure; warnings may remain in raw log,pass,pass,0,0,0,0,0,0,baseline-strict/mario__System__MovieDirector.log,final-strict/mario__System__MovieDirector.log
mario/System/ParamInst,src/System/ParamInst.cpp,game,fixed,Strict pass; matching checked with no per-function or section regressions,fail,pass,3,0,0,0,0,0,baseline-strict/mario__System__ParamInst.log,final-strict/mario__System__ParamInst.log
mario/System/Params,src/System/Params.cpp,game,pass,No strict failure; warnings may remain in raw log,pass,pass,0,0,0,0,0,0,baseline-strict/mario__System__Params.log,final-strict/mario__System__Params.log
mario/System/PerformList,src/System/PerformList.cpp,game,pass,No strict failure; warnings may remain in raw log,pass,pass,0,0,0,0,0,0,baseline-strict/mario__System__PerformList.log,final-strict/mario__System__PerformList.log
mario/System/PositionHolder,src/System/PositionHolder.cpp,game,pass,No strict failure; warnings may remain in raw log,pass,pass,0,0,0,0,0,0,baseline-strict/mario__System__PositionHolder.log,final-strict/mario__System__PositionHolder.log
mario/System/ProcessMeter,src/System/ProcessMeter.cpp,game,pass,No strict failure; warnings may remain in raw log,pass,pass,0,0,0,0,0,0,baseline-strict/mario__System__ProcessMeter.log,final-strict/mario__System__ProcessMeter.log
mario/System/RenderModeObj,src/System/RenderModeObj.cpp,game,pass,No strict failure; warnings may remain in raw log,pass,pass,0,0,0,0,0,0,baseline-strict/mario__System__RenderModeObj.log,final-strict/mario__System__RenderModeObj.log
mario/System/Resolution,src/System/Resolution.cpp,game,pass,No strict failure; warnings may remain in raw log,pass,pass,0,0,0,0,0,0,baseline-strict/mario__System__Resolution.log,final-strict/mario__System__Resolution.log
mario/System/ScenarioArchiveName,src/System/ScenarioArchiveName.cpp,game,pass,No strict failure; warnings may remain in raw log,pass,pass,0,0,0,0,0,0,baseline-strict/mario__System__ScenarioArchiveName.log,final-strict/mario__System__ScenarioArchiveName.log
mario/System/SnapTimeObj,src/System/SnapTimeObj.cpp,game,pass,No strict failure; warnings may remain in raw log,pass,pass,0,0,0,0,0,0,baseline-strict/mario__System__SnapTimeObj.log,final-strict/mario__System__SnapTimeObj.log
mario/System/StageEventInfo,src/System/StageEventInfo.cpp,game,pass,No strict failure; warnings may remain in raw log,pass,pass,0,0,0,0,0,0,baseline-strict/mario__System__StageEventInfo.log,final-strict/mario__System__StageEventInfo.log
mario/System/StageUtil,src/System/StageUtil.cpp,game,pass,No strict failure; warnings may remain in raw log,pass,pass,0,0,0,0,0,0,baseline-strict/mario__System__StageUtil.log,final-strict/mario__System__StageUtil.log
mario/System/THPRender,src/System/THPRender.cpp,game,pass,No strict failure; warnings may remain in raw log,pass,pass,0,0,0,0,0,0,baseline-strict/mario__System__THPRender.log,final-strict/mario__System__THPRender.log
mario/System/TalkCursor,src/System/TalkCursor.cpp,game,pass,No strict failure; warnings may remain in raw log,pass,pass,0,0,0,0,0,0,baseline-strict/mario__System__TalkCursor.log,final-strict/mario__System__TalkCursor.log
mario/System/TargetArrow,src/System/TargetArrow.cpp,game,pass,No strict failure; warnings may remain in raw log,pass,pass,0,0,0,0,0,0,baseline-strict/mario__System__TargetArrow.log,final-strict/mario__System__TargetArrow.log
mario/System/TexCache,src/System/TexCache.cpp,game,pass,No strict failure; warnings may remain in raw log,pass,pass,0,0,0,0,0,0,baseline-strict/mario__System__TexCache.log,final-strict/mario__System__TexCache.log
mario/System/TimeRec,src/System/TimeRec.cpp,game,pass,No strict failure; warnings may remain in raw log,pass,pass,0,0,0,0,0,0,baseline-strict/mario__System__TimeRec.log,final-strict/mario__System__TimeRec.log
mario/System/ZBufferCatch,src/System/ZBufferCatch.cpp,game,pass,No strict failure; warnings may remain in raw log,pass,pass,0,0,0,0,0,0,baseline-strict/mario__System__ZBufferCatch.log,final-strict/mario__System__ZBufferCatch.log
mario/System/marerr,src/System/marerr.cpp,game,pass,No strict failure; warnings may remain in raw log,pass,pass,0,0,0,0,0,0,baseline-strict/mario__System__marerr.log,final-strict/mario__System__marerr.log
mario/THPPlayer/THPAudioDecode,src/THPPlayer/THPAudioDecode.c,restricted,pass,No strict failure; warnings may remain in raw log,pass,pass,0,0,0,0,0,0,baseline-strict/mario__THPPlayer__THPAudioDecode.log,final-strict/mario__THPPlayer__THPAudioDecode.log
mario/THPPlayer/THPDraw,src/THPPlayer/THPDraw.c,restricted,pass,No strict failure; warnings may remain in raw log,pass,pass,0,0,0,0,0,0,baseline-strict/mario__THPPlayer__THPDraw.log,final-strict/mario__THPPlayer__THPDraw.log
mario/THPPlayer/THPPlayer,src/THPPlayer/THPPlayer.c,restricted,remaining,"Read-only SDK, runtime, middleware or THPPlayer per SMS AGENTS.md",fail,fail,5,5,1,1,0,0,baseline-strict/mario__THPPlayer__THPPlayer.log,final-strict/mario__THPPlayer__THPPlayer.log
mario/THPPlayer/THPRead,src/THPPlayer/THPRead.c,restricted,pass,No strict failure; warnings may remain in raw log,pass,pass,0,0,0,0,0,0,baseline-strict/mario__THPPlayer__THPRead.log,final-strict/mario__THPPlayer__THPRead.log
mario/THPPlayer/THPVideoDecode,src/THPPlayer/THPVideoDecode.c,restricted,pass,No strict failure; warnings may remain in raw log,pass,pass,0,0,0,0,0,0,baseline-strict/mario__THPPlayer__THPVideoDecode.log,final-strict/mario__THPPlayer__THPVideoDecode.log
mario/TRK_MINNOW_DOLPHIN/__exception,src/TRK_MINNOW_DOLPHIN/__exception.s,restricted,uncertain,No resolvable .text map TU; inspect raw diagnostic; not counted as pass,error,error,0,0,0,0,0,0,baseline-strict/mario__TRK_MINNOW_DOLPHIN____exception.log,final-strict/mario__TRK_MINNOW_DOLPHIN____exception.log
mario/TRK_MINNOW_DOLPHIN/debugger/embedded/MetroTRK/Os/dolphin/dolphin_trk,src/TRK_MINNOW_DOLPHIN/debugger/embedded/MetroTRK/Os/dolphin/dolphin_trk.c,restricted,pass,No strict failure; warnings may remain in raw log,pass,pass,0,0,0,0,0,0,baseline-strict/mario__TRK_MINNOW_DOLPHIN__debugger__embedded__MetroTRK__Os__dolphin__dolphin_trk.log,final-strict/mario__TRK_MINNOW_DOLPHIN__debugger__embedded__MetroTRK__Os__dolphin__dolphin_trk.log
mario/TRK_MINNOW_DOLPHIN/debugger/embedded/MetroTRK/Os/dolphin/dolphin_trk_glue,src/TRK_MINNOW_DOLPHIN/debugger/embedded/MetroTRK/Os/dolphin/dolphin_trk_glue.c,restricted,remaining,"Read-only SDK, runtime, middleware or THPPlayer per SMS AGENTS.md",fail,fail,3,3,0,0,0,0,baseline-strict/mario__TRK_MINNOW_DOLPHIN__debugger__embedded__MetroTRK__Os__dolphin__dolphin_trk_glue.log,final-strict/mario__TRK_MINNOW_DOLPHIN__debugger__embedded__MetroTRK__Os__dolphin__dolphin_trk_glue.log
mario/TRK_MINNOW_DOLPHIN/debugger/embedded/MetroTRK/Os/dolphin/targcont,src/TRK_MINNOW_DOLPHIN/debugger/embedded/MetroTRK/Os/dolphin/targcont.c,restricted,pass,No strict failure; warnings may remain in raw log,pass,pass,0,0,0,0,0,0,baseline-strict/mario__TRK_MINNOW_DOLPHIN__debugger__embedded__MetroTRK__Os__dolphin__targcont.log,final-strict/mario__TRK_MINNOW_DOLPHIN__debugger__embedded__MetroTRK__Os__dolphin__targcont.log
mario/TRK_MINNOW_DOLPHIN/debugger/embedded/MetroTRK/Os/dolphin/usr_put,src/TRK_MINNOW_DOLPHIN/debugger/embedded/MetroTRK/Os/dolphin/usr_put.c,restricted,remaining,"Read-only SDK, runtime, middleware or THPPlayer per SMS AGENTS.md",fail,fail,13,13,0,0,0,0,baseline-strict/mario__TRK_MINNOW_DOLPHIN__debugger__embedded__MetroTRK__Os__dolphin__usr_put.log,final-strict/mario__TRK_MINNOW_DOLPHIN__debugger__embedded__MetroTRK__Os__dolphin__usr_put.log
mario/TRK_MINNOW_DOLPHIN/debugger/embedded/MetroTRK/Portable/dispatch,src/TRK_MINNOW_DOLPHIN/debugger/embedded/MetroTRK/Portable/dispatch.c,restricted,remaining,"Read-only SDK, runtime, middleware or THPPlayer per SMS AGENTS.md",fail,fail,1,1,0,0,0,0,baseline-strict/mario__TRK_MINNOW_DOLPHIN__debugger__embedded__MetroTRK__Portable__dispatch.log,final-strict/mario__TRK_MINNOW_DOLPHIN__debugger__embedded__MetroTRK__Portable__dispatch.log
mario/TRK_MINNOW_DOLPHIN/debugger/embedded/MetroTRK/Portable/main_TRK,src/TRK_MINNOW_DOLPHIN/debugger/embedded/MetroTRK/Portable/main_TRK.c,restricted,pass,No strict failure; warnings may remain in raw log,pass,pass,0,0,0,0,0,0,baseline-strict/mario__TRK_MINNOW_DOLPHIN__debugger__embedded__MetroTRK__Portable__main_TRK.log,final-strict/mario__TRK_MINNOW_DOLPHIN__debugger__embedded__MetroTRK__Portable__main_TRK.log
mario/TRK_MINNOW_DOLPHIN/debugger/embedded/MetroTRK/Portable/mainloop,src/TRK_MINNOW_DOLPHIN/debugger/embedded/MetroTRK/Portable/mainloop.c,restricted,pass,No strict failure; warnings may remain in raw log,pass,pass,0,0,0,0,0,0,baseline-strict/mario__TRK_MINNOW_DOLPHIN__debugger__embedded__MetroTRK__Portable__mainloop.log,final-strict/mario__TRK_MINNOW_DOLPHIN__debugger__embedded__MetroTRK__Portable__mainloop.log
mario/TRK_MINNOW_DOLPHIN/debugger/embedded/MetroTRK/Portable/mem_TRK,src/TRK_MINNOW_DOLPHIN/debugger/embedded/MetroTRK/Portable/mem_TRK.c,restricted,remaining,"Read-only SDK, runtime, middleware or THPPlayer per SMS AGENTS.md",fail,fail,0,0,0,0,1,1,baseline-strict/mario__TRK_MINNOW_DOLPHIN__debugger__embedded__MetroTRK__Portable__mem_TRK.log,final-strict/mario__TRK_MINNOW_DOLPHIN__debugger__embedded__MetroTRK__Portable__mem_TRK.log
mario/TRK_MINNOW_DOLPHIN/debugger/embedded/MetroTRK/Portable/msg,src/TRK_MINNOW_DOLPHIN/debugger/embedded/MetroTRK/Portable/msg.c,restricted,remaining,"Read-only SDK, runtime, middleware or THPPlayer per SMS AGENTS.md",fail,fail,2,2,0,0,0,0,baseline-strict/mario__TRK_MINNOW_DOLPHIN__debugger__embedded__MetroTRK__Portable__msg.log,final-strict/mario__TRK_MINNOW_DOLPHIN__debugger__embedded__MetroTRK__Portable__msg.log
mario/TRK_MINNOW_DOLPHIN/debugger/embedded/MetroTRK/Portable/msgbuf,src/TRK_MINNOW_DOLPHIN/debugger/embedded/MetroTRK/Portable/msgbuf.c,restricted,remaining,"Read-only SDK, runtime, middleware or THPPlayer per SMS AGENTS.md",fail,fail,8,8,0,0,1,1,baseline-strict/mario__TRK_MINNOW_DOLPHIN__debugger__embedded__MetroTRK__Portable__msgbuf.log,final-strict/mario__TRK_MINNOW_DOLPHIN__debugger__embedded__MetroTRK__Portable__msgbuf.log
mario/TRK_MINNOW_DOLPHIN/debugger/embedded/MetroTRK/Portable/msghndlr,src/TRK_MINNOW_DOLPHIN/debugger/embedded/MetroTRK/Portable/msghndlr.c,restricted,remaining,"Read-only SDK, runtime, middleware or THPPlayer per SMS AGENTS.md",fail,fail,1,1,0,0,1,1,baseline-strict/mario__TRK_MINNOW_DOLPHIN__debugger__embedded__MetroTRK__Portable__msghndlr.log,final-strict/mario__TRK_MINNOW_DOLPHIN__debugger__embedded__MetroTRK__Portable__msghndlr.log
mario/TRK_MINNOW_DOLPHIN/debugger/embedded/MetroTRK/Portable/mutex_TRK,src/TRK_MINNOW_DOLPHIN/debugger/embedded/MetroTRK/Portable/mutex_TRK.c,restricted,pass,No strict failure; warnings may remain in raw log,pass,pass,0,0,0,0,0,0,baseline-strict/mario__TRK_MINNOW_DOLPHIN__debugger__embedded__MetroTRK__Portable__mutex_TRK.log,final-strict/mario__TRK_MINNOW_DOLPHIN__debugger__embedded__MetroTRK__Portable__mutex_TRK.log
mario/TRK_MINNOW_DOLPHIN/debugger/embedded/MetroTRK/Portable/notify,src/TRK_MINNOW_DOLPHIN/debugger/embedded/MetroTRK/Portable/notify.c,restricted,remaining,"Read-only SDK, runtime, middleware or THPPlayer per SMS AGENTS.md",fail,fail,1,1,0,0,0,0,baseline-strict/mario__TRK_MINNOW_DOLPHIN__debugger__embedded__MetroTRK__Portable__notify.log,final-strict/mario__TRK_MINNOW_DOLPHIN__debugger__embedded__MetroTRK__Portable__notify.log
mario/TRK_MINNOW_DOLPHIN/debugger/embedded/MetroTRK/Portable/nubevent,src/TRK_MINNOW_DOLPHIN/debugger/embedded/MetroTRK/Portable/nubevent.c,restricted,pass,No strict failure; warnings may remain in raw log,pass,pass,0,0,0,0,0,0,baseline-strict/mario__TRK_MINNOW_DOLPHIN__debugger__embedded__MetroTRK__Portable__nubevent.log,final-strict/mario__TRK_MINNOW_DOLPHIN__debugger__embedded__MetroTRK__Portable__nubevent.log
mario/TRK_MINNOW_DOLPHIN/debugger/embedded/MetroTRK/Portable/nubinit,src/TRK_MINNOW_DOLPHIN/debugger/embedded/MetroTRK/Portable/nubinit.c,restricted,pass,No strict failure; warnings may remain in raw log,pass,pass,0,0,0,0,0,0,baseline-strict/mario__TRK_MINNOW_DOLPHIN__debugger__embedded__MetroTRK__Portable__nubinit.log,final-strict/mario__TRK_MINNOW_DOLPHIN__debugger__embedded__MetroTRK__Portable__nubinit.log
mario/TRK_MINNOW_DOLPHIN/debugger/embedded/MetroTRK/Portable/serpoll,src/TRK_MINNOW_DOLPHIN/debugger/embedded/MetroTRK/Portable/serpoll.c,restricted,remaining,"Read-only SDK, runtime, middleware or THPPlayer per SMS AGENTS.md",fail,fail,3,3,0,0,0,0,baseline-strict/mario__TRK_MINNOW_DOLPHIN__debugger__embedded__MetroTRK__Portable__serpoll.log,final-strict/mario__TRK_MINNOW_DOLPHIN__debugger__embedded__MetroTRK__Portable__serpoll.log
mario/TRK_MINNOW_DOLPHIN/debugger/embedded/MetroTRK/Portable/support,src/TRK_MINNOW_DOLPHIN/debugger/embedded/MetroTRK/Portable/support.c,restricted,pass,No strict failure; warnings may remain in raw log,pass,pass,0,0,0,0,0,0,baseline-strict/mario__TRK_MINNOW_DOLPHIN__debugger__embedded__MetroTRK__Portable__support.log,final-strict/mario__TRK_MINNOW_DOLPHIN__debugger__embedded__MetroTRK__Portable__support.log
mario/TRK_MINNOW_DOLPHIN/debugger/embedded/MetroTRK/Processor/ppc/Generic/flush_cache,src/TRK_MINNOW_DOLPHIN/debugger/embedded/MetroTRK/Processor/ppc/Generic/flush_cache.c,restricted,pass,No strict failure; warnings may remain in raw log,pass,pass,0,0,0,0,0,0,baseline-strict/mario__TRK_MINNOW_DOLPHIN__debugger__embedded__MetroTRK__Processor__ppc__Generic__flush_cache.log,final-strict/mario__TRK_MINNOW_DOLPHIN__debugger__embedded__MetroTRK__Processor__ppc__Generic__flush_cache.log
mario/TRK_MINNOW_DOLPHIN/debugger/embedded/MetroTRK/Processor/ppc/Generic/mpc_7xx_603e,src/TRK_MINNOW_DOLPHIN/debugger/embedded/MetroTRK/Processor/ppc/Generic/mpc_7xx_603e.c,restricted,pass,No strict failure; warnings may remain in raw log,pass,pass,0,0,0,0,0,0,baseline-strict/mario__TRK_MINNOW_DOLPHIN__debugger__embedded__MetroTRK__Processor__ppc__Generic__mpc_7xx_603e.log,final-strict/mario__TRK_MINNOW_DOLPHIN__debugger__embedded__MetroTRK__Processor__ppc__Generic__mpc_7xx_603e.log
mario/TRK_MINNOW_DOLPHIN/debugger/embedded/MetroTRK/Processor/ppc/Generic/targimpl,src/TRK_MINNOW_DOLPHIN/debugger/embedded/MetroTRK/Processor/ppc/Generic/targimpl.c,restricted,remaining,"Read-only SDK, runtime, middleware or THPPlayer per SMS AGENTS.md",fail,fail,18,18,0,0,0,0,baseline-strict/mario__TRK_MINNOW_DOLPHIN__debugger__embedded__MetroTRK__Processor__ppc__Generic__targimpl.log,final-strict/mario__TRK_MINNOW_DOLPHIN__debugger__embedded__MetroTRK__Processor__ppc__Generic__targimpl.log
mario/dolphin/ai/ai,src/dolphin/ai/ai.c,restricted,remaining,"Read-only SDK, runtime, middleware or THPPlayer per SMS AGENTS.md",fail,fail,13,13,0,0,0,0,baseline-strict/mario__dolphin__ai__ai.log,final-strict/mario__dolphin__ai__ai.log
mario/dolphin/amcstubs/AmcExi2Stubs,src/dolphin/amcstubs/AmcExi2Stubs.c,restricted,pass,No strict failure; warnings may remain in raw log,pass,pass,0,0,0,0,0,0,baseline-strict/mario__dolphin__amcstubs__AmcExi2Stubs.log,final-strict/mario__dolphin__amcstubs__AmcExi2Stubs.log
mario/dolphin/ar/ar,src/dolphin/ar/ar.c,restricted,remaining,"Read-only SDK, runtime, middleware or THPPlayer per SMS AGENTS.md",fail,fail,9,9,0,0,0,0,baseline-strict/mario__dolphin__ar__ar.log,final-strict/mario__dolphin__ar__ar.log
mario/dolphin/ar/arq,src/dolphin/ar/arq.c,restricted,remaining,"Read-only SDK, runtime, middleware or THPPlayer per SMS AGENTS.md",fail,fail,9,9,0,0,0,0,baseline-strict/mario__dolphin__ar__arq.log,final-strict/mario__dolphin__ar__arq.log
mario/dolphin/base/PPCArch,src/dolphin/base/PPCArch.c,restricted,remaining,"Read-only SDK, runtime, middleware or THPPlayer per SMS AGENTS.md",fail,fail,30,30,0,0,2,2,baseline-strict/mario__dolphin__base__PPCArch.log,final-strict/mario__dolphin__base__PPCArch.log
mario/dolphin/card/CARDBios,src/dolphin/card/CARDBios.c,restricted,remaining,"Read-only SDK, runtime, middleware or THPPlayer per SMS AGENTS.md",fail,fail,8,8,0,0,0,0,baseline-strict/mario__dolphin__card__CARDBios.log,final-strict/mario__dolphin__card__CARDBios.log
mario/dolphin/card/CARDBlock,src/dolphin/card/CARDBlock.c,restricted,remaining,"Read-only SDK, runtime, middleware or THPPlayer per SMS AGENTS.md",fail,fail,1,1,0,0,0,0,baseline-strict/mario__dolphin__card__CARDBlock.log,final-strict/mario__dolphin__card__CARDBlock.log
mario/dolphin/card/CARDCheck,src/dolphin/card/CARDCheck.c,restricted,remaining,"Read-only SDK, runtime, middleware or THPPlayer per SMS AGENTS.md",fail,fail,1,1,0,0,0,0,baseline-strict/mario__dolphin__card__CARDCheck.log,final-strict/mario__dolphin__card__CARDCheck.log
mario/dolphin/card/CARDCreate,src/dolphin/card/CARDCreate.c,restricted,pass,No strict failure; warnings may remain in raw log,pass,pass,0,0,0,0,0,0,baseline-strict/mario__dolphin__card__CARDCreate.log,final-strict/mario__dolphin__card__CARDCreate.log
mario/dolphin/card/CARDDir,src/dolphin/card/CARDDir.c,restricted,pass,No strict failure; warnings may remain in raw log,pass,pass,0,0,0,0,0,0,baseline-strict/mario__dolphin__card__CARDDir.log,final-strict/mario__dolphin__card__CARDDir.log
mario/dolphin/card/CARDFormat,src/dolphin/card/CARDFormat.c,restricted,remaining,"Read-only SDK, runtime, middleware or THPPlayer per SMS AGENTS.md",fail,fail,2,2,0,0,0,0,baseline-strict/mario__dolphin__card__CARDFormat.log,final-strict/mario__dolphin__card__CARDFormat.log
mario/dolphin/card/CARDMount,src/dolphin/card/CARDMount.c,restricted,remaining,"Read-only SDK, runtime, middleware or THPPlayer per SMS AGENTS.md",fail,fail,2,2,0,0,0,0,baseline-strict/mario__dolphin__card__CARDMount.log,final-strict/mario__dolphin__card__CARDMount.log
mario/dolphin/card/CARDNet,src/dolphin/card/CARDNet.c,restricted,remaining,"Read-only SDK, runtime, middleware or THPPlayer per SMS AGENTS.md",fail,fail,7,7,0,0,0,0,baseline-strict/mario__dolphin__card__CARDNet.log,final-strict/mario__dolphin__card__CARDNet.log
mario/dolphin/card/CARDOpen,src/dolphin/card/CARDOpen.c,restricted,remaining,"Read-only SDK, runtime, middleware or THPPlayer per SMS AGENTS.md",fail,fail,2,2,0,0,0,0,baseline-strict/mario__dolphin__card__CARDOpen.log,final-strict/mario__dolphin__card__CARDOpen.log
mario/dolphin/card/CARDRdwr,src/dolphin/card/CARDRdwr.c,restricted,remaining,"Read-only SDK, runtime, middleware or THPPlayer per SMS AGENTS.md",fail,fail,1,1,0,0,0,0,baseline-strict/mario__dolphin__card__CARDRdwr.log,final-strict/mario__dolphin__card__CARDRdwr.log
mario/dolphin/card/CARDRead,src/dolphin/card/CARDRead.c,restricted,remaining,"Read-only SDK, runtime, middleware or THPPlayer per SMS AGENTS.md",fail,fail,1,1,0,0,0,0,baseline-strict/mario__dolphin__card__CARDRead.log,final-strict/mario__dolphin__card__CARDRead.log
mario/dolphin/card/CARDStat,src/dolphin/card/CARDStat.c,restricted,pass,No strict failure; warnings may remain in raw log,pass,pass,0,0,0,0,0,0,baseline-strict/mario__dolphin__card__CARDStat.log,final-strict/mario__dolphin__card__CARDStat.log
mario/dolphin/card/CARDUnlock,src/dolphin/card/CARDUnlock.c,restricted,remaining,"Read-only SDK, runtime, middleware or THPPlayer per SMS AGENTS.md",fail,fail,0,0,1,1,0,0,baseline-strict/mario__dolphin__card__CARDUnlock.log,final-strict/mario__dolphin__card__CARDUnlock.log
mario/dolphin/card/CARDWrite,src/dolphin/card/CARDWrite.c,restricted,pass,No strict failure; warnings may remain in raw log,pass,pass,0,0,0,0,0,0,baseline-strict/mario__dolphin__card__CARDWrite.log,final-strict/mario__dolphin__card__CARDWrite.log
mario/dolphin/db/db,src/dolphin/db/db.c,restricted,remaining,"Read-only SDK, runtime, middleware or THPPlayer per SMS AGENTS.md",fail,fail,3,3,0,0,0,0,baseline-strict/mario__dolphin__db__db.log,final-strict/mario__dolphin__db__db.log
mario/dolphin/dsp/dsp,src/dolphin/dsp/dsp.c,restricted,remaining,"Read-only SDK, runtime, middleware or THPPlayer per SMS AGENTS.md",fail,fail,8,8,0,0,0,0,baseline-strict/mario__dolphin__dsp__dsp.log,final-strict/mario__dolphin__dsp__dsp.log
mario/dolphin/dsp/dsp_debug,src/dolphin/dsp/dsp_debug.c,restricted,remaining,"Read-only SDK, runtime, middleware or THPPlayer per SMS AGENTS.md",fail,fail,1,1,0,0,0,0,baseline-strict/mario__dolphin__dsp__dsp_debug.log,final-strict/mario__dolphin__dsp__dsp_debug.log
mario/dolphin/dsp/dsp_task,src/dolphin/dsp/dsp_task.c,restricted,remaining,"Read-only SDK, runtime, middleware or THPPlayer per SMS AGENTS.md",fail,fail,1,1,0,0,0,0,baseline-strict/mario__dolphin__dsp__dsp_task.log,final-strict/mario__dolphin__dsp__dsp_task.log
mario/dolphin/dvd/dvd,src/dolphin/dvd/dvd.c,restricted,remaining,"Read-only SDK, runtime, middleware or THPPlayer per SMS AGENTS.md",fail,fail,29,29,0,0,0,0,baseline-strict/mario__dolphin__dvd__dvd.log,final-strict/mario__dolphin__dvd__dvd.log
mario/dolphin/dvd/dvderror,src/dolphin/dvd/dvderror.c,restricted,pass,No strict failure; warnings may remain in raw log,pass,pass,0,0,0,0,0,0,baseline-strict/mario__dolphin__dvd__dvderror.log,final-strict/mario__dolphin__dvd__dvderror.log
mario/dolphin/dvd/dvdfs,src/dolphin/dvd/dvdfs.c,restricted,remaining,"Read-only SDK, runtime, middleware or THPPlayer per SMS AGENTS.md",fail,fail,13,13,0,0,0,0,baseline-strict/mario__dolphin__dvd__dvdfs.log,final-strict/mario__dolphin__dvd__dvdfs.log
mario/dolphin/dvd/dvdlow,src/dolphin/dvd/dvdlow.c,restricted,remaining,"Read-only SDK, runtime, middleware or THPPlayer per SMS AGENTS.md",fail,fail,6,6,0,0,0,0,baseline-strict/mario__dolphin__dvd__dvdlow.log,final-strict/mario__dolphin__dvd__dvdlow.log
mario/dolphin/dvd/dvdqueue,src/dolphin/dvd/dvdqueue.c,restricted,remaining,"Read-only SDK, runtime, middleware or THPPlayer per SMS AGENTS.md",fail,fail,2,2,0,0,0,0,baseline-strict/mario__dolphin__dvd__dvdqueue.log,final-strict/mario__dolphin__dvd__dvdqueue.log
mario/dolphin/dvd/fstload,src/dolphin/dvd/fstload.c,restricted,pass,No strict failure; warnings may remain in raw log,pass,pass,0,0,0,0,0,0,baseline-strict/mario__dolphin__dvd__fstload.log,final-strict/mario__dolphin__dvd__fstload.log
mario/dolphin/exi/EXIBios,src/dolphin/exi/EXIBios.c,restricted,remaining,"Read-only SDK, runtime, middleware or THPPlayer per SMS AGENTS.md",fail,fail,3,3,0,0,0,0,baseline-strict/mario__dolphin__exi__EXIBios.log,final-strict/mario__dolphin__exi__EXIBios.log
mario/dolphin/exi/EXIUart,src/dolphin/exi/EXIUart.c,restricted,remaining,"Read-only SDK, runtime, middleware or THPPlayer per SMS AGENTS.md",fail,fail,2,2,0,0,0,0,baseline-strict/mario__dolphin__exi__EXIUart.log,final-strict/mario__dolphin__exi__EXIUart.log
mario/dolphin/gd/GDBase,src/dolphin/gd/GDBase.c,restricted,remaining,"Read-only SDK, runtime, middleware or THPPlayer per SMS AGENTS.md",fail,fail,1,1,0,0,0,0,baseline-strict/mario__dolphin__gd__GDBase.log,final-strict/mario__dolphin__gd__GDBase.log
mario/dolphin/gd/GDGeometry,src/dolphin/gd/GDGeometry.c,restricted,remaining,"Read-only SDK, runtime, middleware or THPPlayer per SMS AGENTS.md",fail,fail,5,5,0,0,0,0,baseline-strict/mario__dolphin__gd__GDGeometry.log,final-strict/mario__dolphin__gd__GDGeometry.log
mario/dolphin/gd/GDLight,src/dolphin/gd/GDLight.c,restricted,remaining,"Read-only SDK, runtime, middleware or THPPlayer per SMS AGENTS.md",fail,fail,6,6,0,0,0,0,baseline-strict/mario__dolphin__gd__GDLight.log,final-strict/mario__dolphin__gd__GDLight.log
mario/dolphin/gd/GDPixel,src/dolphin/gd/GDPixel.c,restricted,remaining,"Read-only SDK, runtime, middleware or THPPlayer per SMS AGENTS.md",fail,fail,2,2,0,0,0,0,baseline-strict/mario__dolphin__gd__GDPixel.log,final-strict/mario__dolphin__gd__GDPixel.log
mario/dolphin/gd/GDTev,src/dolphin/gd/GDTev.c,restricted,remaining,"Read-only SDK, runtime, middleware or THPPlayer per SMS AGENTS.md",fail,fail,6,6,0,0,0,0,baseline-strict/mario__dolphin__gd__GDTev.log,final-strict/mario__dolphin__gd__GDTev.log
mario/dolphin/gd/GDTransform,src/dolphin/gd/GDTransform.c,restricted,remaining,"Read-only SDK, runtime, middleware or THPPlayer per SMS AGENTS.md",fail,fail,7,7,0,0,0,0,baseline-strict/mario__dolphin__gd__GDTransform.log,final-strict/mario__dolphin__gd__GDTransform.log
mario/dolphin/gx/GXAttr,src/dolphin/gx/GXAttr.c,restricted,pass,No strict failure; warnings may remain in raw log,pass,pass,0,0,0,0,0,0,baseline-strict/mario__dolphin__gx__GXAttr.log,final-strict/mario__dolphin__gx__GXAttr.log
mario/dolphin/gx/GXBump,src/dolphin/gx/GXBump.c,restricted,remaining,"Read-only SDK, runtime, middleware or THPPlayer per SMS AGENTS.md",fail,fail,4,4,0,0,0,0,baseline-strict/mario__dolphin__gx__GXBump.log,final-strict/mario__dolphin__gx__GXBump.log
mario/dolphin/gx/GXDisplayList,src/dolphin/gx/GXDisplayList.c,restricted,remaining,"Read-only SDK, runtime, middleware or THPPlayer per SMS AGENTS.md",fail,fail,2,2,0,0,0,0,baseline-strict/mario__dolphin__gx__GXDisplayList.log,final-strict/mario__dolphin__gx__GXDisplayList.log
mario/dolphin/gx/GXDraw,src/dolphin/gx/GXDraw.c,restricted,remaining,"Read-only SDK, runtime, middleware or THPPlayer per SMS AGENTS.md",fail,fail,18,18,0,0,0,0,baseline-strict/mario__dolphin__gx__GXDraw.log,final-strict/mario__dolphin__gx__GXDraw.log
mario/dolphin/gx/GXFifo,src/dolphin/gx/GXFifo.c,restricted,remaining,"Read-only SDK, runtime, middleware or THPPlayer per SMS AGENTS.md",fail,fail,18,18,0,0,0,0,baseline-strict/mario__dolphin__gx__GXFifo.log,final-strict/mario__dolphin__gx__GXFifo.log
mario/dolphin/gx/GXFrameBuf,src/dolphin/gx/GXFrameBuf.c,restricted,remaining,"Read-only SDK, runtime, middleware or THPPlayer per SMS AGENTS.md",fail,fail,2,2,0,0,0,0,baseline-strict/mario__dolphin__gx__GXFrameBuf.log,final-strict/mario__dolphin__gx__GXFrameBuf.log
mario/dolphin/gx/GXGeometry,src/dolphin/gx/GXGeometry.c,restricted,remaining,"Read-only SDK, runtime, middleware or THPPlayer per SMS AGENTS.md",fail,fail,3,3,0,0,0,0,baseline-strict/mario__dolphin__gx__GXGeometry.log,final-strict/mario__dolphin__gx__GXGeometry.log
mario/dolphin/gx/GXInit,src/dolphin/gx/GXInit.c,restricted,remaining,"Read-only SDK, runtime, middleware or THPPlayer per SMS AGENTS.md",fail,fail,1,1,0,0,0,0,baseline-strict/mario__dolphin__gx__GXInit.log,final-strict/mario__dolphin__gx__GXInit.log
mario/dolphin/gx/GXLight,src/dolphin/gx/GXLight.c,restricted,remaining,"Read-only SDK, runtime, middleware or THPPlayer per SMS AGENTS.md",fail,fail,8,8,0,0,0,0,baseline-strict/mario__dolphin__gx__GXLight.log,final-strict/mario__dolphin__gx__GXLight.log
mario/dolphin/gx/GXMisc,src/dolphin/gx/GXMisc.c,restricted,remaining,"Read-only SDK, runtime, middleware or THPPlayer per SMS AGENTS.md",fail,fail,10,10,0,0,0,0,baseline-strict/mario__dolphin__gx__GXMisc.log,final-strict/mario__dolphin__gx__GXMisc.log
mario/dolphin/gx/GXPerf,src/dolphin/gx/GXPerf.c,restricted,remaining,"Read-only SDK, runtime, middleware or THPPlayer per SMS AGENTS.md",fail,fail,11,11,0,0,0,0,baseline-strict/mario__dolphin__gx__GXPerf.log,final-strict/mario__dolphin__gx__GXPerf.log
mario/dolphin/gx/GXPixel,src/dolphin/gx/GXPixel.c,restricted,remaining,"Read-only SDK, runtime, middleware or THPPlayer per SMS AGENTS.md",fail,fail,1,1,0,0,0,0,baseline-strict/mario__dolphin__gx__GXPixel.log,final-strict/mario__dolphin__gx__GXPixel.log
mario/dolphin/gx/GXStubs,src/dolphin/gx/GXStubs.c,restricted,pass,No strict failure; warnings may remain in raw log,pass,pass,0,0,0,0,0,0,baseline-strict/mario__dolphin__gx__GXStubs.log,final-strict/mario__dolphin__gx__GXStubs.log
mario/dolphin/gx/GXTev,src/dolphin/gx/GXTev.c,restricted,remaining,"Read-only SDK, runtime, middleware or THPPlayer per SMS AGENTS.md",fail,fail,1,1,0,0,0,0,baseline-strict/mario__dolphin__gx__GXTev.log,final-strict/mario__dolphin__gx__GXTev.log
mario/dolphin/gx/GXTexture,src/dolphin/gx/GXTexture.c,restricted,remaining,"Read-only SDK, runtime, middleware or THPPlayer per SMS AGENTS.md",fail,fail,31,31,0,0,0,0,baseline-strict/mario__dolphin__gx__GXTexture.log,final-strict/mario__dolphin__gx__GXTexture.log
mario/dolphin/gx/GXTransform,src/dolphin/gx/GXTransform.c,restricted,remaining,"Read-only SDK, runtime, middleware or THPPlayer per SMS AGENTS.md",fail,fail,5,5,0,0,0,0,baseline-strict/mario__dolphin__gx__GXTransform.log,final-strict/mario__dolphin__gx__GXTransform.log
mario/dolphin/mtx/mtx,src/dolphin/mtx/mtx.c,restricted,remaining,"Read-only SDK, runtime, middleware or THPPlayer per SMS AGENTS.md",fail,fail,17,17,0,0,0,0,baseline-strict/mario__dolphin__mtx__mtx.log,final-strict/mario__dolphin__mtx__mtx.log
mario/dolphin/mtx/mtx44,src/dolphin/mtx/mtx44.c,restricted,remaining,"Read-only SDK, runtime, middleware or THPPlayer per SMS AGENTS.md",fail,fail,23,23,0,0,0,0,baseline-strict/mario__dolphin__mtx__mtx44.log,final-strict/mario__dolphin__mtx__mtx44.log
mario/dolphin/mtx/mtxvec,src/dolphin/mtx/mtxvec.c,restricted,remaining,"Read-only SDK, runtime, middleware or THPPlayer per SMS AGENTS.md",fail,fail,5,5,0,0,0,0,baseline-strict/mario__dolphin__mtx__mtxvec.log,final-strict/mario__dolphin__mtx__mtxvec.log
mario/dolphin/mtx/vec,src/dolphin/mtx/vec.c,restricted,remaining,"Read-only SDK, runtime, middleware or THPPlayer per SMS AGENTS.md",fail,fail,13,13,0,0,0,0,baseline-strict/mario__dolphin__mtx__vec.log,final-strict/mario__dolphin__mtx__vec.log
mario/dolphin/odenotstub/odenotstub,src/dolphin/odenotstub/odenotstub.c,restricted,remaining,"Read-only SDK, runtime, middleware or THPPlayer per SMS AGENTS.md",fail,fail,0,0,0,0,1,1,baseline-strict/mario__dolphin__odenotstub__odenotstub.log,final-strict/mario__dolphin__odenotstub__odenotstub.log
mario/dolphin/os/OS,src/dolphin/os/OS.c,restricted,remaining,"Read-only SDK, runtime, middleware or THPPlayer per SMS AGENTS.md",fail,fail,2,2,0,0,1,1,baseline-strict/mario__dolphin__os__OS.log,final-strict/mario__dolphin__os__OS.log
mario/dolphin/os/OSAlarm,src/dolphin/os/OSAlarm.c,restricted,remaining,"Read-only SDK, runtime, middleware or THPPlayer per SMS AGENTS.md",fail,fail,3,3,0,0,0,0,baseline-strict/mario__dolphin__os__OSAlarm.log,final-strict/mario__dolphin__os__OSAlarm.log
mario/dolphin/os/OSAlloc,src/dolphin/os/OSAlloc.c,restricted,remaining,"Read-only SDK, runtime, middleware or THPPlayer per SMS AGENTS.md",fail,fail,6,6,0,0,0,0,baseline-strict/mario__dolphin__os__OSAlloc.log,final-strict/mario__dolphin__os__OSAlloc.log
mario/dolphin/os/OSArena,src/dolphin/os/OSArena.c,restricted,remaining,"Read-only SDK, runtime, middleware or THPPlayer per SMS AGENTS.md",fail,fail,2,2,0,0,0,0,baseline-strict/mario__dolphin__os__OSArena.log,final-strict/mario__dolphin__os__OSArena.log
mario/dolphin/os/OSAudioSystem,src/dolphin/os/OSAudioSystem.c,restricted,pass,No strict failure; warnings may remain in raw log,pass,pass,0,0,0,0,0,0,baseline-strict/mario__dolphin__os__OSAudioSystem.log,final-strict/mario__dolphin__os__OSAudioSystem.log
mario/dolphin/os/OSCache,src/dolphin/os/OSCache.c,restricted,pass,No strict failure; warnings may remain in raw log,pass,pass,0,0,0,0,0,0,baseline-strict/mario__dolphin__os__OSCache.log,final-strict/mario__dolphin__os__OSCache.log
mario/dolphin/os/OSContext,src/dolphin/os/OSContext.c,restricted,remaining,"Read-only SDK, runtime, middleware or THPPlayer per SMS AGENTS.md",fail,fail,4,4,0,0,0,0,baseline-strict/mario__dolphin__os__OSContext.log,final-strict/mario__dolphin__os__OSContext.log
mario/dolphin/os/OSError,src/dolphin/os/OSError.c,restricted,pass,No strict failure; warnings may remain in raw log,pass,pass,0,0,0,0,0,0,baseline-strict/mario__dolphin__os__OSError.log,final-strict/mario__dolphin__os__OSError.log
mario/dolphin/os/OSFont,src/dolphin/os/OSFont.c,restricted,remaining,"Read-only SDK, runtime, middleware or THPPlayer per SMS AGENTS.md",fail,fail,5,5,0,0,0,0,baseline-strict/mario__dolphin__os__OSFont.log,final-strict/mario__dolphin__os__OSFont.log
mario/dolphin/os/OSInterrupt,src/dolphin/os/OSInterrupt.c,restricted,remaining,"Read-only SDK, runtime, middleware or THPPlayer per SMS AGENTS.md",fail,fail,2,2,0,0,0,0,baseline-strict/mario__dolphin__os__OSInterrupt.log,final-strict/mario__dolphin__os__OSInterrupt.log
mario/dolphin/os/OSLink,src/dolphin/os/OSLink.c,restricted,remaining,"Read-only SDK, runtime, middleware or THPPlayer per SMS AGENTS.md",fail,fail,8,8,0,0,0,0,baseline-strict/mario__dolphin__os__OSLink.log,final-strict/mario__dolphin__os__OSLink.log
mario/dolphin/os/OSMemory,src/dolphin/os/OSMemory.c,restricted,remaining,"Read-only SDK, runtime, middleware or THPPlayer per SMS AGENTS.md",fail,fail,0,0,1,1,0,0,baseline-strict/mario__dolphin__os__OSMemory.log,final-strict/mario__dolphin__os__OSMemory.log
mario/dolphin/os/OSMessage,src/dolphin/os/OSMessage.c,restricted,remaining,"Read-only SDK, runtime, middleware or THPPlayer per SMS AGENTS.md",fail,fail,1,1,0,0,0,0,baseline-strict/mario__dolphin__os__OSMessage.log,final-strict/mario__dolphin__os__OSMessage.log
mario/dolphin/os/OSMutex,src/dolphin/os/OSMutex.c,restricted,remaining,"Read-only SDK, runtime, middleware or THPPlayer per SMS AGENTS.md",fail,fail,4,4,0,0,0,0,baseline-strict/mario__dolphin__os__OSMutex.log,final-strict/mario__dolphin__os__OSMutex.log
mario/dolphin/os/OSReboot,src/dolphin/os/OSReboot.c,restricted,remaining,"Read-only SDK, runtime, middleware or THPPlayer per SMS AGENTS.md",fail,fail,4,4,0,0,0,0,baseline-strict/mario__dolphin__os__OSReboot.log,final-strict/mario__dolphin__os__OSReboot.log
mario/dolphin/os/OSReset,src/dolphin/os/OSReset.c,restricted,remaining,"Read-only SDK, runtime, middleware or THPPlayer per SMS AGENTS.md",fail,fail,2,2,0,0,0,0,baseline-strict/mario__dolphin__os__OSReset.log,final-strict/mario__dolphin__os__OSReset.log
mario/dolphin/os/OSResetSW,src/dolphin/os/OSResetSW.c,restricted,remaining,"Read-only SDK, runtime, middleware or THPPlayer per SMS AGENTS.md",fail,fail,2,2,0,0,0,0,baseline-strict/mario__dolphin__os__OSResetSW.log,final-strict/mario__dolphin__os__OSResetSW.log
mario/dolphin/os/OSRtc,src/dolphin/os/OSRtc.c,restricted,remaining,"Read-only SDK, runtime, middleware or THPPlayer per SMS AGENTS.md",fail,fail,14,14,0,0,0,0,baseline-strict/mario__dolphin__os__OSRtc.log,final-strict/mario__dolphin__os__OSRtc.log
mario/dolphin/os/OSStopwatch,src/dolphin/os/OSStopwatch.c,restricted,remaining,"Read-only SDK, runtime, middleware or THPPlayer per SMS AGENTS.md",fail,fail,1,1,0,0,0,0,baseline-strict/mario__dolphin__os__OSStopwatch.log,final-strict/mario__dolphin__os__OSStopwatch.log
mario/dolphin/os/OSSync,src/dolphin/os/OSSync.c,restricted,pass,No strict failure; warnings may remain in raw log,pass,pass,0,0,0,0,0,0,baseline-strict/mario__dolphin__os__OSSync.log,final-strict/mario__dolphin__os__OSSync.log
mario/dolphin/os/OSThread,src/dolphin/os/OSThread.c,restricted,remaining,"Read-only SDK, runtime, middleware or THPPlayer per SMS AGENTS.md",fail,fail,7,7,0,0,0,0,baseline-strict/mario__dolphin__os__OSThread.log,final-strict/mario__dolphin__os__OSThread.log
mario/dolphin/os/OSTime,src/dolphin/os/OSTime.c,restricted,remaining,"Read-only SDK, runtime, middleware or THPPlayer per SMS AGENTS.md",fail,fail,6,6,0,0,0,0,baseline-strict/mario__dolphin__os__OSTime.log,final-strict/mario__dolphin__os__OSTime.log
mario/dolphin/os/__ppc_eabi_init,src/dolphin/os/__ppc_eabi_init.cpp,restricted,remaining,"Read-only SDK, runtime, middleware or THPPlayer per SMS AGENTS.md",fail,fail,1,1,0,0,0,0,baseline-strict/mario__dolphin__os____ppc_eabi_init.log,final-strict/mario__dolphin__os____ppc_eabi_init.log
mario/dolphin/os/__start,src/dolphin/os/__start.c,restricted,uncertain,No resolvable .text map TU; inspect raw diagnostic; not counted as pass,error,error,0,0,0,0,0,0,baseline-strict/mario__dolphin__os____start.log,final-strict/mario__dolphin__os____start.log
mario/dolphin/pad/Pad,src/dolphin/pad/Pad.c,restricted,remaining,"Read-only SDK, runtime, middleware or THPPlayer per SMS AGENTS.md",fail,fail,5,5,1,1,0,0,baseline-strict/mario__dolphin__pad__Pad.log,final-strict/mario__dolphin__pad__Pad.log
mario/dolphin/pad/Padclamp,src/dolphin/pad/Padclamp.c,restricted,remaining,"Read-only SDK, runtime, middleware or THPPlayer per SMS AGENTS.md",fail,fail,1,1,0,0,0,0,baseline-strict/mario__dolphin__pad__Padclamp.log,final-strict/mario__dolphin__pad__Padclamp.log
mario/dolphin/si/SIBios,src/dolphin/si/SIBios.c,restricted,remaining,"Read-only SDK, runtime, middleware or THPPlayer per SMS AGENTS.md",fail,fail,5,5,0,0,0,0,baseline-strict/mario__dolphin__si__SIBios.log,final-strict/mario__dolphin__si__SIBios.log
mario/dolphin/si/SISamplingRate,src/dolphin/si/SISamplingRate.c,restricted,pass,No strict failure; warnings may remain in raw log,pass,pass,0,0,0,0,0,0,baseline-strict/mario__dolphin__si__SISamplingRate.log,final-strict/mario__dolphin__si__SISamplingRate.log
mario/dolphin/thp/THPAudio,src/dolphin/thp/THPAudio.c,restricted,pass,No strict failure; warnings may remain in raw log,pass,pass,0,0,0,0,0,0,baseline-strict/mario__dolphin__thp__THPAudio.log,final-strict/mario__dolphin__thp__THPAudio.log
mario/dolphin/thp/THPDec,src/dolphin/thp/THPDec.c,restricted,pass,No strict failure; warnings may remain in raw log,pass,pass,0,0,0,0,0,0,baseline-strict/mario__dolphin__thp__THPDec.log,final-strict/mario__dolphin__thp__THPDec.log
mario/dolphin/vi/vi,src/dolphin/vi/vi.c,restricted,remaining,"Read-only SDK, runtime, middleware or THPPlayer per SMS AGENTS.md",fail,fail,19,19,0,0,0,0,baseline-strict/mario__dolphin__vi__vi.log,final-strict/mario__dolphin__vi__vi.log
mario/main,src/main.cpp,game,pass,No strict failure; warnings may remain in raw log,pass,pass,0,0,0,0,0,0,baseline-strict/mario__main.log,final-strict/mario__main.log
